Company Name,Type of Company,Year of Establishment,Registration Number,GST Number,PAN Number,Head Office District,Contact Number,Official Email,Website,Branch Office Locations,Owner / MD Name,Key Decision Maker,Total Employees,Organizational Structure,Board of Directors,Nature of Business,Core Specialization,Service Areas,Years of Experience,Avg Projects Per Year,Avg Annual Turnover (Rs.),Net Worth (Rs.),Financial Stability,Financial Commitments,Total Engineers,Total Technical Staff,Major Machinery,Equipment Capacity,Total Projects Completed,Blacklisting History,Legal Disputes,ISO Certification,Safety Compliance,Environmental Compliance,Labour Law Compliance
Square Infra Solutions 1,Ltd,2018,I40H4KEA04,AYPAQ8L5RD712C9,52ES94OMGH,Chengalpattu,9636072270,squareinfrasolutions1@example.com,www.squareinfra1.com,Ramanathapuram,Owner 1,MD 1,379,Hierarchical,"Director A1, Director B1",Construction & Infrastructure,Roads & Buildings,Tamil Nadu,4,15,114592564,161472592,At Risk,6437246,69,103,"Excavators, Cranes, Concrete Mixers",High,44,Yes,Yes,ISO 45001,High,Partial,Partial
Square Infra Solutions 2,Proprietorship,2001,8RU35LEMF7,LPS88TBFHYEAOT1,GIH84YG1MD,Mayiladuthurai,9370960040,squareinfrasolutions2@example.com,www.squareinfra2.com,Perambalur,Owner 2,MD 2,254,Hierarchical,"Director A2, Director B2",Construction & Infrastructure,Roads & Buildings,Tamil Nadu,3,17,448899462,183664589,Moderate,38667304,24,51,"Excavators, Cranes, Concrete Mixers",High,166,Yes,No,ISO 9001,Medium,Partial,Partial
Square Infra Solutions 3,Ltd,2003,U2FKZ4NHTA,K1XNEXVU39QRFKU,1QSMLMNFH6,Kanniyakumari,9594345028,squareinfrasolutions3@example.com,www.squareinfra3.com,Tirupathur,Owner 3,MD 3,58,Hierarchical,"Director A3, Director B3",Construction & Infrastructure,Roads & Buildings,Tamil Nadu,27,7,91951829,296710962,Moderate,35612073,30,17,"Excavators, Cranes, Concrete Mixers",Medium,108,No,Yes,Not Certified,Low,Partial,Non-Compliant
Square Infra Solutions 4,Ltd,2016,GDZDRIFAD8,6M4PW0MOH3SDZU5,N0O7PE7S5H,Vellore,9927922170,squareinfrasolutions4@example.com,www.squareinfra4.com,Tiruvallur,Owner 4,MD 4,424,Hierarchical,"Director A4, Director B4",Construction & Infrastructure,Roads & Buildings,Tamil Nadu,30,9,135389471,174233141,Stable,31185716,66,15,"Excavators, Cranes, Concrete Mixers",Medium,298,No,No,Multiple,Low,Compliant,Compliant
Square Infra Solutions 5,Partnership,2001,2NT1BTDN8M,VLGIWCMV6QVZGVG,XHZOZLIBUU,Tenkasi,9641880039,squareinfrasolutions5@example.com,www.squareinfra5.com,Virudhunagar,Owner 5,MD 5,68,Hierarchical,"Director A5, Director B5",Construction & Infrastructure,Roads & Buildings,Tamil Nadu,14,18,110663860,169413262,At Risk,15565670,7,181,"Excavators, Cranes, Concrete Mixers",Low,120,No,No,ISO 45001,Medium,Compliant,Compliant
Square Infra Solutions 6,Proprietorship,2015,7PQNY3E586,WBN9Z0P80ZO7ZSE,YVDK5OC3QE,Madurai,9290646247,squareinfrasolutions6@example.com,www.squareinfra6.com,Kallakurichi,Owner 6,MD 6,241,Hierarchical,"Director A6, Director B6",Construction & Infrastructure,Roads & Buildings,Tamil Nadu,13,2,128746978,162821358,At Risk,43443533,70,83,"Excavators, Cranes, Concrete Mixers",Low,25,Yes,No,ISO 45001,Low,Partial,Compliant
Square Infra Solutions 7,Proprietorship,2021,5CFX83SLF4,RVP7WLCDSCUZ3DF,RYAON9GA5Y,Ramanathapuram,9286828271,squareinfrasolutions7@example.com,www.squareinfra7.com,Pudukkottai,Owner 7,MD 7,355,Hierarchical,"Director A7, Director B7",Construction & Infrastructure,Roads & Buildings,Tamil Nadu,18,4,153054974,2132913,Moderate,38658296,76,75,"Excavators, Cranes, Concrete Mixers",Low,203,No,No,Not Certified,High,Compliant,Partial
Square Infra Solutions 8,Proprietorship,2007,5I38RWQKGU,OFCXQHHW1SSMOFL,8L9L6Z3OZ5,Kancheepuram,9726333883,squareinfrasolutions8@example.com,www.squareinfra8.com,Vellore,Owner 8,MD 8,26,Hierarchical,"Director A8, Director B8",Construction & Infrastructure,Roads & Buildings,Tamil Nadu,22,17,94956116,183270753,Moderate,30988933,94,105,"Excavators, Cranes, Concrete Mixers",High,86,No,Yes,Multiple,Medium,Compliant,Partial
Square Infra Solutions 9,Pvt Ltd,2001,4LB8QXEFUV,KKSYZ4JGCF5Z3MZ,2LHXOFG5ZR,Viluppuram,9836506703,squareinfrasolutions9@example.com,www.squareinfra9.com,Erode,Owner 9,MD 9,462,Hierarchical,"Director A9, Director B9",Construction & Infrastructure,Roads & Buildings,Tamil Nadu,23,2,210906001,29452880,At Risk,26491164,26,84,"Excavators, Cranes, Concrete Mixers",Medium,56,No,No,ISO 9001,Low,Partial,Compliant
Square Infra Solutions 10,Ltd,2008,58SAB6EQAU,7SLU39QMRT4CMDS,WMM10GA8MQ,Thoothukudi,9481061737,squareinfrasolutions10@example.com,www.squareinfra10.com,Salem,Owner 10,MD 10,279,Hierarchical,"Director A10, Director B10",Construction & Infrastructure,Roads & Buildings,Tamil Nadu,16,4,286169087,223663242,Moderate,23136119,53,90,"Excavators, Cranes, Concrete Mixers",High,92,Yes,No,ISO 9001,Low,Partial,Compliant
Square Infra Solutions 11,Pvt Ltd,2011,G3NECYFIG4,FN8PARJFP4W74TF,GI9DMZPOGW,Sivaganga,9590251892,squareinfrasolutions11@example.com,www.squareinfra11.com,Sivaganga,Owner 11,MD 11,300,Hierarchical,"Director A11, Director B11",Construction & Infrastructure,Roads & Buildings,Tamil Nadu,22,8,38722761,5733347,Moderate,43775557,65,188,"Excavators, Cranes, Concrete Mixers",Low,130,Yes,Yes,ISO 9001,High,Non-Compliant,Compliant
Square Infra Solutions 12,Partnership,2004,DJ860MJIJY,IRJGD2NOO3R2KLT,TCIQURUN5I,Thoothukudi,9239468881,squareinfrasolutions12@example.com,www.squareinfra12.com,Mayiladuthurai,Owner 12,MD 12,252,Hierarchical,"Director A12, Director B12",Construction & Infrastructure,Roads & Buildings,Tamil Nadu,17,22,461690730,261357300,Stable,7569766,13,164,"Excavators, Cranes, Concrete Mixers",Medium,266,Yes,No,Multiple,Medium,Compliant,Non-Compliant
Square Infra Solutions 13,Proprietorship,2005,K692QVBOON,RFCTV4HDQH5ZFOS,HMB9K5ABO2,Dharmapuri,9064286179,squareinfrasolutions13@example.com,www.squareinfra13.com,Kanniyakumari,Owner 13,MD 13,384,Hierarchical,"Director A13, Director B13",Construction & Infrastructure,Roads & Buildings,Tamil Nadu,6,15,433639550,223174547,At Risk,48182494,57,19,"Excavators, Cranes, Concrete Mixers",Medium,111,No,Yes,ISO 9001,Low,Non-Compliant,Non-Compliant
Square Infra Solutions 14,Pvt Ltd,1999,JISQMAY62A,WWJNNVSH97UV1BP,JXWOKPFTSS,Karur,9116596613,squareinfrasolutions14@example.com,www.squareinfra14.com,Nagapattinam,Owner 14,MD 14,48,Hierarchical,"Director A14, Director B14",Construction & Infrastructure,Roads & Buildings,Tamil Nadu,20,13,420006518,81021834,Moderate,49907210,99,14,"Excavators, Cranes, Concrete Mixers",Medium,212,No,No,ISO 14001,Low,Compliant,Compliant
Square Infra Solutions 15,Pvt Ltd,2015,91WY5D1MVO,KSG0J7D572AZT0C,NUZVO0UMD4,Viluppuram,9884877858,squareinfrasolutions15@example.com,www.squareinfra15.com,Tiruvannamalai,Owner 15,MD 15,471,Hierarchical,"Director A15, Director B15",Construction & Infrastructure,Roads & Buildings,Tamil Nadu,4,2,116516004,183667412,At Risk,14134720,30,55,"Excavators, Cranes, Concrete Mixers",Medium,173,Yes,No,Multiple,Medium,Partial,Non-Compliant
Square Infra Solutions 16,Pvt Ltd,2019,1KD5EN1ZH9,RS79HOP97S0QG45,8OGV62KLW8,Thoothukudi,9779033950,squareinfrasolutions16@example.com,www.squareinfra16.com,Coimbatore,Owner 16,MD 16,31,Hierarchical,"Director A16, Director B16",Construction & Infrastructure,Roads & Buildings,Tamil Nadu,10,17,133662715,247225006,At Risk,32063407,78,125,"Excavators, Cranes, Concrete Mixers",High,68,No,Yes,ISO 14001,High,Non-Compliant,Non-Compliant
Square Infra Solutions 17,Ltd,2019,RYS96ZL7BY,47X6889OD54S7PS,4RZ41PBP17,Tiruvannamalai,9124581344,squareinfrasolutions17@example.com,www.squareinfra17.com,Nilgiris,Owner 17,MD 17,97,Hierarchical,"Director A17, Director B17",Construction & Infrastructure,Roads & Buildings,Tamil Nadu,10,25,442004112,44438276,Stable,13474163,13,140,"Excavators, Cranes, Concrete Mixers",Low,139,Yes,No,ISO 9001,Medium,Compliant,Partial
Square Infra Solutions 18,Ltd,2020,T7UTOZBHXV,2NHZNPOI6KWGAT6,EFI07Q17OC,Karur,9091245441,squareinfrasolutions18@example.com,www.squareinfra18.com,Thoothukudi,Owner 18,MD 18,192,Hierarchical,"Director A18, Director B18",Construction & Infrastructure,Roads & Buildings,Tamil Nadu,6,5,380617906,19638312,At Risk,46644754,89,77,"Excavators, Cranes, Concrete Mixers",High,31,No,No,ISO 14001,Medium,Non-Compliant,Partial
Square Infra Solutions 19,Partnership,2003,8CLCXH4PMQ,07UGAUIVGFUMTPR,JAW960WYLN,Coimbatore,9032467406,squareinfrasolutions19@example.com,www.squareinfra19.com,Viluppuram,Owner 19,MD 19,435,Hierarchical,"Director A19, Director B19",Construction & Infrastructure,Roads & Buildings,Tamil Nadu,3,14,400713424,22302147,Stable,21594818,88,26,"Excavators, Cranes, Concrete Mixers",Medium,146,Yes,Yes,ISO 9001,Medium,Partial,Partial
Square Infra Solutions 20,Partnership,2004,M5MHMLHXMO,U6O013EWW1SKLAI,F7UBIKHP8N,Madurai,9620958607,squareinfrasolutions20@example.com,www.squareinfra20.com,Cuddalore,Owner 20,MD 20,246,Hierarchical,"Director A20, Director B20",Construction & Infrastructure,Roads & Buildings,Tamil Nadu,20,16,292912515,177917886,At Risk,22929020,15,153,"Excavators, Cranes, Concrete Mixers",High,255,No,No,ISO 14001,Medium,Compliant,Partial
Square Infra Solutions 21,Pvt Ltd,2018,MGOL87E089,CKZX9MLHX4MI1XF,HGE0G9OJ72,Viluppuram,9764319666,squareinfrasolutions21@example.com,www.squareinfra21.com,Tiruchirappalli,Owner 21,MD 21,153,Hierarchical,"Director A21, Director B21",Construction & Infrastructure,Roads & Buildings,Tamil Nadu,11,24,212564449,239158294,Moderate,20496776,61,124,"Excavators, Cranes, Concrete Mixers",Low,232,Yes,No,ISO 9001,High,Partial,Compliant
Square Infra Solutions 22,Ltd,2017,4DBIJ344QG,VUQTOBXL79FQAFX,6GEXP88BIH,Tiruvallur,9481382328,squareinfrasolutions22@example.com,www.squareinfra22.com,Pudukkottai,Owner 22,MD 22,441,Hierarchical,"Director A22, Director B22",Construction & Infrastructure,Roads & Buildings,Tamil Nadu,2,6,161756718,142740145,Stable,12258014,27,111,"Excavators, Cranes, Concrete Mixers",Low,66,Yes,Yes,ISO 14001,Medium,Non-Compliant,Non-Compliant
Square Infra Solutions 23,Proprietorship,1997,SZBMYDBX97,QLYE4QKAB9NN7KY,GOM5VUD6V0,Chengalpattu,9013359671,squareinfrasolutions23@example.com,www.squareinfra23.com,Dindigul,Owner 23,MD 23,267,Hierarchical,"Director A23, Director B23",Construction & Infrastructure,Roads & Buildings,Tamil Nadu,17,8,357578912,50692208,At Risk,45054026,57,99,"Excavators, Cranes, Concrete Mixers",Medium,208,Yes,No,ISO 9001,High,Non-Compliant,Partial
Square Infra Solutions 24,Partnership,2016,LUFUB4OI5L,VJQ6ONXSNSDYFWP,VYC284A0IY,Kallakurichi,9692822399,squareinfrasolutions24@example.com,www.squareinfra24.com,Krishnagiri,Owner 24,MD 24,45,Hierarchical,"Director A24, Director B24",Construction & Infrastructure,Roads & Buildings,Tamil Nadu,1,6,385609140,242016719,At Risk,36354940,28,134,"Excavators, Cranes, Concrete Mixers",Low,286,Yes,No,ISO 14001,Medium,Compliant,Partial
Square Infra Solutions 25,Proprietorship,1995,Q94BJQSVN0,JM6FHAUW70JFCID,CJ2FOYV231,Karur,9051137294,squareinfrasolutions25@example.com,www.squareinfra25.com,Cuddalore,Owner 25,MD 25,69,Hierarchical,"Director A25, Director B25",Construction & Infrastructure,Roads & Buildings,Tamil Nadu,21,11,309518704,20895716,Moderate,1103624,99,158,"Excavators, Cranes, Concrete Mixers",Low,282,No,Yes,ISO 14001,Medium,Partial,Partial
Square Infra Solutions 26,Partnership,2021,LTMJXHYWI6,JJ0VRI2FG4APEFT,DXB5P1UBOT,Mayiladuthurai,9917913342,squareinfrasolutions26@example.com,www.squareinfra26.com,Tiruvarur,Owner 26,MD 26,290,Hierarchical,"Director A26, Director B26",Construction & Infrastructure,Roads & Buildings,Tamil Nadu,6,24,499056447,169905729,Moderate,49314751,25,84,"Excavators, Cranes, Concrete Mixers",Medium,209,No,Yes,Multiple,Medium,Partial,Non-Compliant
Square Infra Solutions 27,Ltd,2014,831YRS2K9S,ZVAPDJ2FMO803JN,MOMO9XK5LM,Namakkal,9975751040,squareinfrasolutions27@example.com,www.squareinfra27.com,Tiruvarur,Owner 27,MD 27,316,Hierarchical,"Director A27, Director B27",Construction & Infrastructure,Roads & Buildings,Tamil Nadu,19,8,258411730,100871287,At Risk,10743936,22,182,"Excavators, Cranes, Concrete Mixers",High,131,Yes,No,ISO 9001,High,Compliant,Partial
Square Infra Solutions 28,Proprietorship,1999,9GB5P2OL7B,K0PSFLI0W7L28CF,UCGFNPP7S7,Salem,9517180104,squareinfrasolutions28@example.com,www.squareinfra28.com,Theni,Owner 28,MD 28,273,Hierarchical,"Director A28, Director B28",Construction & Infrastructure,Roads & Buildings,Tamil Nadu,17,13,184241591,178641216,Stable,13288055,26,13,"Excavators, Cranes, Concrete Mixers",High,10,No,Yes,ISO 45001,Medium,Compliant,Non-Compliant
Square Infra Solutions 29,Partnership,2006,57LH1GWJNA,VA0COBSGGL2Q33B,S6NP5JE489,Kancheepuram,9799253555,squareinfrasolutions29@example.com,www.squareinfra29.com,Tiruppur,Owner 29,MD 29,286,Hierarchical,"Director A29, Director B29",Construction & Infrastructure,Roads & Buildings,Tamil Nadu,2,23,314119270,106451681,Moderate,48774383,30,135,"Excavators, Cranes, Concrete Mixers",Medium,61,No,No,Not Certified,High,Non-Compliant,Partial
Square Infra Solutions 30,Ltd,2011,Q6P8TS08UT,RSMVS63TUY7A9D3,V08P6VJ4FS,Tenkasi,9757730501,squareinfrasolutions30@example.com,www.squareinfra30.com,Erode,Owner 30,MD 30,238,Hierarchical,"Director A30, Director B30",Construction & Infrastructure,Roads & Buildings,Tamil Nadu,23,4,86740310,150058637,Moderate,27162064,83,156,"Excavators, Cranes, Concrete Mixers",Low,21,No,Yes,Not Certified,Medium,Partial,Partial
Square Infra Solutions 31,Proprietorship,2008,J9QWPWFOO9,2V3647PHF0Z3V0O,TAREHOBK6D,Tenkasi,9468032943,squareinfrasolutions31@example.com,www.squareinfra31.com,Kanniyakumari,Owner 31,MD 31,400,Hierarchical,"Director A31, Director B31",Construction & Infrastructure,Roads & Buildings,Tamil Nadu,14,25,257342172,234877711,Moderate,15669829,88,145,"Excavators, Cranes, Concrete Mixers",Medium,86,Yes,No,Multiple,High,Partial,Non-Compliant
Square Infra Solutions 32,Proprietorship,2015,6Q2PKTH5HM,MA1J8WH0IALFGGK,89XIY9MM17,Dharmapuri,9840106993,squareinfrasolutions32@example.com,www.squareinfra32.com,Dharmapuri,Owner 32,MD 32,364,Hierarchical,"Director A32, Director B32",Construction & Infrastructure,Roads & Buildings,Tamil Nadu,30,11,491957006,279111569,Moderate,9124916,73,101,"Excavators, Cranes, Concrete Mixers",High,276,No,No,ISO 45001,High,Partial,Compliant
Square Infra Solutions 33,Proprietorship,1996,XN4W037H7U,JDGOI7PNNEJP9VQ,9QSGFD8P8C,Kancheepuram,9313003590,squareinfrasolutions33@example.com,www.squareinfra33.com,Viluppuram,Owner 33,MD 33,435,Hierarchical,"Director A33, Director B33",Construction & Infrastructure,Roads & Buildings,Tamil Nadu,8,21,132700608,49558053,Moderate,19047442,57,69,"Excavators, Cranes, Concrete Mixers",Low,295,Yes,Yes,ISO 9001,Low,Non-Compliant,Compliant
Square Infra Solutions 34,Pvt Ltd,2000,S7EY7WCYPJ,WVYDDR18X74EXYJ,EQ5HEJ8DJ4,Chengalpattu,9616565090,squareinfrasolutions34@example.com,www.squareinfra34.com,Ranipet,Owner 34,MD 34,60,Hierarchical,"Director A34, Director B34",Construction & Infrastructure,Roads & Buildings,Tamil Nadu,24,7,397606847,204155471,Stable,39870930,90,91,"Excavators, Cranes, Concrete Mixers",Low,210,Yes,No,ISO 45001,Medium,Compliant,Compliant
Square Infra Solutions 35,Ltd,2017,BQ00LVXVUC,NJ9SL0UGURQLEQM,LH3M8MOE7F,Kanniyakumari,9326180991,squareinfrasolutions35@example.com,www.squareinfra35.com,Tiruvarur,Owner 35,MD 35,310,Hierarchical,"Director A35, Director B35",Construction & Infrastructure,Roads & Buildings,Tamil Nadu,16,6,212714945,164497269,Moderate,11654971,76,165,"Excavators, Cranes, Concrete Mixers",Low,297,Yes,No,Multiple,Low,Non-Compliant,Compliant
Square Infra Solutions 36,Pvt Ltd,2018,J365ZM5GM8,80N166XCILETN20,YOMCFZW4LL,Virudhunagar,9838326853,squareinfrasolutions36@example.com,www.squareinfra36.com,Tiruvarur,Owner 36,MD 36,299,Hierarchical,"Director A36, Director B36",Construction & Infrastructure,Roads & Buildings,Tamil Nadu,8,13,438427637,128577971,Stable,6850159,21,71,"Excavators, Cranes, Concrete Mixers",Medium,107,No,Yes,ISO 9001,Low,Non-Compliant,Non-Compliant
Square Infra Solutions 37,Ltd,2004,WX0421GOQ7,05H8JG2LPQ0TSMI,P0I2LBK75X,Vellore,9955299643,squareinfrasolutions37@example.com,www.squareinfra37.com,Ramanathapuram,Owner 37,MD 37,107,Hierarchical,"Director A37, Director B37",Construction & Infrastructure,Roads & Buildings,Tamil Nadu,5,2,363672701,154796528,Moderate,30079424,42,99,"Excavators, Cranes, Concrete Mixers",Low,183,No,No,ISO 14001,High,Compliant,Partial
Square Infra Solutions 38,Proprietorship,2017,IFTE8UI6G7,F9YUGZ20XY4XZ1E,IIGUBRLYAL,Madurai,9988591562,squareinfrasolutions38@example.com,www.squareinfra38.com,Thanjavur,Owner 38,MD 38,65,Hierarchical,"Director A38, Director B38",Construction & Infrastructure,Roads & Buildings,Tamil Nadu,25,18,299568678,200270994,At Risk,41042967,17,122,"Excavators, Cranes, Concrete Mixers",Low,58,Yes,No,ISO 9001,Low,Compliant,Compliant
Square Infra Solutions 39,Pvt Ltd,2022,YH7VVUQUNX,FVMF7OCR54V6B4Z,1G79BFRPJG,Thanjavur,9273631827,squareinfrasolutions39@example.com,www.squareinfra39.com,Dindigul,Owner 39,MD 39,223,Hierarchical,"Director A39, Director B39",Construction & Infrastructure,Roads & Buildings,Tamil Nadu,20,22,321226414,234838502,Stable,29615657,21,72,"Excavators, Cranes, Concrete Mixers",Medium,12,Yes,No,Multiple,Low,Compliant,Partial
Square Infra Solutions 40,Proprietorship,2006,YGB43LFPR7,4H0OPO2NZ87OX6T,DN9XJY5GRB,Kallakurichi,9351486210,squareinfrasolutions40@example.com,www.squareinfra40.com,Erode,Owner 40,MD 40,435,Hierarchical,"Director A40, Director B40",Construction & Infrastructure,Roads & Buildings,Tamil Nadu,24,8,324960868,276992326,At Risk,47162779,15,15,"Excavators, Cranes, Concrete Mixers",Medium,137,Yes,Yes,Multiple,High,Partial,Partial
Square Infra Solutions 41,Partnership,2011,VHOZFCOB54,OZENU81SKTTJ9VO,JMMRF88PD4,Thanjavur,9355637374,squareinfrasolutions41@example.com,www.squareinfra41.com,Tiruchirappalli,Owner 41,MD 41,121,Hierarchical,"Director A41, Director B41",Construction & Infrastructure,Roads & Buildings,Tamil Nadu,30,7,454696775,66926648,Stable,42732066,50,182,"Excavators, Cranes, Concrete Mixers",Medium,273,Yes,Yes,ISO 9001,High,Non-Compliant,Compliant
Square Infra Solutions 42,Pvt Ltd,2007,YD15VYVSBF,ZL0KYKTOWGU8HEO,A3I0VK736E,Chennai,9641010607,squareinfrasolutions42@example.com,www.squareinfra42.com,Karur,Owner 42,MD 42,417,Hierarchical,"Director A42, Director B42",Construction & Infrastructure,Roads & Buildings,Tamil Nadu,20,11,499104399,55040598,At Risk,9066839,88,166,"Excavators, Cranes, Concrete Mixers",Low,233,No,No,ISO 14001,Medium,Compliant,Compliant
Square Infra Solutions 43,Proprietorship,2017,Y5PHZ3RBCF,59URU8N0RLJ9Q3B,YHZKXJNL9S,Kancheepuram,9199505312,squareinfrasolutions43@example.com,www.squareinfra43.com,Ramanathapuram,Owner 43,MD 43,185,Hierarchical,"Director A43, Director B43",Construction & Infrastructure,Roads & Buildings,Tamil Nadu,23,22,204250692,164663626,Stable,13982285,45,17,"Excavators, Cranes, Concrete Mixers",High,287,Yes,No,ISO 14001,High,Partial,Compliant
Square Infra Solutions 44,Ltd,1999,92LU2VQUFZ,FDWPZXQET99I438,402NHEDBXS,Ramanathapuram,9903436962,squareinfrasolutions44@example.com,www.squareinfra44.com,Tiruvarur,Owner 44,MD 44,71,Hierarchical,"Director A44, Director B44",Construction & Infrastructure,Roads & Buildings,Tamil Nadu,12,25,269990426,19040772,Moderate,10077708,63,154,"Excavators, Cranes, Concrete Mixers",Medium,158,No,Yes,ISO 9001,High,Partial,Compliant
Square Infra Solutions 45,Partnership,2014,B2XUQGX2MN,BS9LWTA74S4ZUDL,8TT6ED6PVV,Namakkal,9001998050,squareinfrasolutions45@example.com,www.squareinfra45.com,Kallakurichi,Owner 45,MD 45,446,Hierarchical,"Director A45, Director B45",Construction & Infrastructure,Roads & Buildings,Tamil Nadu,19,19,184794700,54648797,Stable,20559517,41,181,"Excavators, Cranes, Concrete Mixers",Low,13,Yes,Yes,Multiple,Medium,Non-Compliant,Partial
Square Infra Solutions 46,Pvt Ltd,1995,204A52VKGH,P9VO0LBVQC51NWS,HT0Q7QD57T,Tiruppur,9485442190,squareinfrasolutions46@example.com,www.squareinfra46.com,Tiruppur,Owner 46,MD 46,338,Hierarchical,"Director A46, Director B46",Construction & Infrastructure,Roads & Buildings,Tamil Nadu,24,17,340001834,45163827,Moderate,10467458,82,114,"Excavators, Cranes, Concrete Mixers",High,10,Yes,No,Not Certified,High,Non-Compliant,Partial
Square Infra Solutions 47,Partnership,2021,DC208V2UFI,GBQT00KEOQ2WK0D,9QNJYUTQQC,Theni,9069167466,squareinfrasolutions47@example.com,www.squareinfra47.com,Theni,Owner 47,MD 47,253,Hierarchical,"Director A47, Director B47",Construction & Infrastructure,Roads & Buildings,Tamil Nadu,22,19,36914275,266027017,Stable,42432797,23,177,"Excavators, Cranes, Concrete Mixers",High,204,Yes,Yes,ISO 9001,High,Compliant,Compliant
Square Infra Solutions 48,Proprietorship,2012,CSNL0CZT7Y,RG0CXRI64PCXJ3H,UGYQHAEFGT,Viluppuram,9459783408,squareinfrasolutions48@example.com,www.squareinfra48.com,Sivaganga,Owner 48,MD 48,121,Hierarchical,"Director A48, Director B48",Construction & Infrastructure,Roads & Buildings,Tamil Nadu,30,17,136689862,23511720,Moderate,10811583,93,73,"Excavators, Cranes, Concrete Mixers",Low,249,No,No,ISO 45001,High,Non-Compliant,Compliant
Square Infra Solutions 49,Ltd,1999,EKIKRAGQ7H,T6QV6Y22NZWU9PH,KYNAE38BZN,Dindigul,9469220164,squareinfrasolutions49@example.com,www.squareinfra49.com,Ramanathapuram,Owner 49,MD 49,474,Hierarchical,"Director A49, Director B49",Construction & Infrastructure,Roads & Buildings,Tamil Nadu,5,2,339724310,250308726,At Risk,3255965,96,153,"Excavators, Cranes, Concrete Mixers",Medium,294,No,Yes,ISO 9001,Low,Non-Compliant,Compliant
Square Infra Solutions 50,Proprietorship,2020,GQZPX2W1BC,I3V84MNCKVWEPFV,PDHBKF3TUQ,Tirupathur,9994106111,squareinfrasolutions50@example.com,www.squareinfra50.com,Sivaganga,Owner 50,MD 50,44,Hierarchical,"Director A50, Director B50",Construction & Infrastructure,Roads & Buildings,Tamil Nadu,21,20,63759888,115074367,Stable,25377563,43,36,"Excavators, Cranes, Concrete Mixers",High,296,No,Yes,Not Certified,High,Partial,Compliant
Square Infra Solutions 51,Proprietorship,2012,40ZJE92A5U,K5593CXUVPHF11H,IAPOZADL1L,Virudhunagar,9230262563,squareinfrasolutions51@example.com,www.squareinfra51.com,Chennai,Owner 51,MD 51,133,Hierarchical,"Director A51, Director B51",Construction & Infrastructure,Roads & Buildings,Tamil Nadu,22,4,320708832,18720438,Moderate,15062939,5,31,"Excavators, Cranes, Concrete Mixers",Low,9,No,Yes,ISO 9001,Low,Non-Compliant,Compliant
Square Infra Solutions 52,Pvt Ltd,2000,E87L51R9M8,7TYTIXG09PYHVIB,FWXM2258GA,Ranipet,9518308561,squareinfrasolutions52@example.com,www.squareinfra52.com,Tiruchirappalli,Owner 52,MD 52,271,Hierarchical,"Director A52, Director B52",Construction & Infrastructure,Roads & Buildings,Tamil Nadu,2,24,477396591,239853432,Moderate,12323087,22,134,"Excavators, Cranes, Concrete Mixers",Medium,144,Yes,Yes,Not Certified,Low,Non-Compliant,Non-Compliant
Square Infra Solutions 53,Pvt Ltd,2003,JB0TH8UDXF,2MB8XFBAMOCXDVM,1BL0ULDYEX,Ranipet,9405427672,squareinfrasolutions53@example.com,www.squareinfra53.com,Theni,Owner 53,MD 53,119,Hierarchical,"Director A53, Director B53",Construction & Infrastructure,Roads & Buildings,Tamil Nadu,19,5,51747700,231035504,At Risk,20689959,71,108,"Excavators, Cranes, Concrete Mixers",Low,259,No,Yes,Multiple,High,Partial,Non-Compliant
Square Infra Solutions 54,Partnership,2016,51OVW9QML8,AWW28PJXUIVQHT8,AJHC5CGT9H,Mayiladuthurai,9886089285,squareinfrasolutions54@example.com,www.squareinfra54.com,Dharmapuri,Owner 54,MD 54,19,Hierarchical,"Director A54, Director B54",Construction & Infrastructure,Roads & Buildings,Tamil Nadu,30,16,256728206,184131303,Stable,37766997,58,151,"Excavators, Cranes, Concrete Mixers",Medium,142,No,Yes,Not Certified,Medium,Non-Compliant,Partial
Square Infra Solutions 55,Ltd,2012,OTPENNF8PG,R31DRALUQXSJH6M,KQ4O35VB8C,Ramanathapuram,9105980675,squareinfrasolutions55@example.com,www.squareinfra55.com,Dindigul,Owner 55,MD 55,346,Hierarchical,"Director A55, Director B55",Construction & Infrastructure,Roads & Buildings,Tamil Nadu,9,2,156468553,240728887,Stable,41907084,18,177,"Excavators, Cranes, Concrete Mixers",Low,194,No,Yes,ISO 9001,Low,Non-Compliant,Partial
Square Infra Solutions 56,Ltd,2009,LG2478KOMV,B34P93KI7VQ1TS7,M6OBUU9E1L,Nagapattinam,9254251696,squareinfrasolutions56@example.com,www.squareinfra56.com,Kallakurichi,Owner 56,MD 56,295,Hierarchical,"Director A56, Director B56",Construction & Infrastructure,Roads & Buildings,Tamil Nadu,29,4,152073636,257206514,Stable,31310063,90,27,"Excavators, Cranes, Concrete Mixers",High,75,Yes,Yes,ISO 9001,Medium,Compliant,Non-Compliant
Square Infra Solutions 57,Ltd,1999,PAPO2E150E,4XVMKDKS9FXL4OG,ZAUXQFT8FT,Namakkal,9625636106,squareinfrasolutions57@example.com,www.squareinfra57.com,Kanniyakumari,Owner 57,MD 57,65,Hierarchical,"Director A57, Director B57",Construction & Infrastructure,Roads & Buildings,Tamil Nadu,12,13,261686372,76691997,At Risk,7632403,9,139,"Excavators, Cranes, Concrete Mixers",Medium,257,No,No,ISO 9001,Low,Partial,Partial
Square Infra Solutions 58,Ltd,1998,D67LV6LYEA,CQR87QVCAI2NKBA,JLX91KLJZ6,Tenkasi,9135712645,squareinfrasolutions58@example.com,www.squareinfra58.com,Kancheepuram,Owner 58,MD 58,110,Hierarchical,"Director A58, Director B58",Construction & Infrastructure,Roads & Buildings,Tamil Nadu,6,5,329832579,116453920,Stable,46201475,72,75,"Excavators, Cranes, Concrete Mixers",Low,177,Yes,Yes,ISO 9001,High,Non-Compliant,Compliant
Square Infra Solutions 59,Pvt Ltd,1997,XLIF507PGM,KJB7SNOYMW9UWP3,6MH9DUPFXZ,Namakkal,9947356581,squareinfrasolutions59@example.com,www.squareinfra59.com,Thanjavur,Owner 59,MD 59,393,Hierarchical,"Director A59, Director B59",Construction & Infrastructure,Roads & Buildings,Tamil Nadu,26,22,411042897,76015446,At Risk,21578203,29,44,"Excavators, Cranes, Concrete Mixers",High,200,No,No,ISO 14001,Medium,Compliant,Partial
Square Infra Solutions 60,Ltd,2008,HPEZ4CTOF8,GIGEDMCGB84WFI9,JAQEA4377C,Virudhunagar,9141438188,squareinfrasolutions60@example.com,www.squareinfra60.com,Tiruvallur,Owner 60,MD 60,42,Hierarchical,"Director A60, Director B60",Construction & Infrastructure,Roads & Buildings,Tamil Nadu,11,14,48851698,157668161,Stable,32555203,84,115,"Excavators, Cranes, Concrete Mixers",High,239,No,Yes,ISO 9001,Medium,Partial,Partial
Square Infra Solutions 61,Ltd,1996,CCUCT9C2C6,RRKNGFRDYKE7Z5E,91VCVBTTVE,Tirunelveli,9081867490,squareinfrasolutions61@example.com,www.squareinfra61.com,Salem,Owner 61,MD 61,224,Hierarchical,"Director A61, Director B61",Construction & Infrastructure,Roads & Buildings,Tamil Nadu,18,15,325865770,13214890,At Risk,43080969,24,187,"Excavators, Cranes, Concrete Mixers",High,99,Yes,No,ISO 45001,High,Non-Compliant,Compliant
Square Infra Solutions 62,Partnership,1996,JMXHZUT3GC,QJA6JPYD02AVQ0G,4U0Y0D2JL7,Vellore,9590211189,squareinfrasolutions62@example.com,www.squareinfra62.com,Tirunelveli,Owner 62,MD 62,130,Hierarchical,"Director A62, Director B62",Construction & Infrastructure,Roads & Buildings,Tamil Nadu,25,25,237888950,227519039,Stable,21911146,8,137,"Excavators, Cranes, Concrete Mixers",High,63,Yes,Yes,ISO 9001,Medium,Compliant,Compliant
Square Infra Solutions 63,Pvt Ltd,2003,F0XLAXTIKL,Q5KGCKI6JAZKATH,5NNTAZPWLQ,Ramanathapuram,9294080742,squareinfrasolutions63@example.com,www.squareinfra63.com,Theni,Owner 63,MD 63,441,Hierarchical,"Director A63, Director B63",Construction & Infrastructure,Roads & Buildings,Tamil Nadu,15,23,207038327,147205743,Moderate,38683485,25,141,"Excavators, Cranes, Concrete Mixers",High,185,Yes,Yes,Not Certified,High,Non-Compliant,Partial
Square Infra Solutions 64,Ltd,2013,B9OJ1OS9KM,3RUHW5HGB6IFMV9,U75OU4TL5M,Ramanathapuram,9570422142,squareinfrasolutions64@example.com,www.squareinfra64.com,Tiruvannamalai,Owner 64,MD 64,89,Hierarchical,"Director A64, Director B64",Construction & Infrastructure,Roads & Buildings,Tamil Nadu,16,18,417561363,51483471,At Risk,19257307,89,57,"Excavators, Cranes, Concrete Mixers",High,285,Yes,No,ISO 45001,Medium,Compliant,Partial
Square Infra Solutions 65,Proprietorship,1995,XWFKVUO2HY,8ODH9MQJNYD6DSC,EFUJ9KW9KE,Sivaganga,9036844085,squareinfrasolutions65@example.com,www.squareinfra65.com,Tiruvannamalai,Owner 65,MD 65,262,Hierarchical,"Director A65, Director B65",Construction & Infrastructure,Roads & Buildings,Tamil Nadu,29,11,247548744,164271521,Stable,2975475,69,141,"Excavators, Cranes, Concrete Mixers",High,161,Yes,No,ISO 45001,Medium,Compliant,Non-Compliant
Square Infra Solutions 66,Pvt Ltd,2005,ENUIXZXUCY,ZKDCL5ZO4168XJK,RD2TYNM84H,Karur,9605981558,squareinfrasolutions66@example.com,www.squareinfra66.com,Namakkal,Owner 66,MD 66,63,Hierarchical,"Director A66, Director B66",Construction & Infrastructure,Roads & Buildings,Tamil Nadu,11,7,244093167,70363095,Stable,17625196,58,109,"Excavators, Cranes, Concrete Mixers",Medium,154,No,Yes,Not Certified,Medium,Non-Compliant,Compliant
Square Infra Solutions 67,Pvt Ltd,2002,8NGGXFOGYV,EJVHOX2RINDOEE0,HZS3DL6ECF,Tirunelveli,9216086217,squareinfrasolutions67@example.com,www.squareinfra67.com,Virudhunagar,Owner 67,MD 67,445,Hierarchical,"Director A67, Director B67",Construction & Infrastructure,Roads & Buildings,Tamil Nadu,12,21,64312467,161214818,At Risk,1116228,12,171,"Excavators, Cranes, Concrete Mixers",High,49,No,Yes,Not Certified,Low,Compliant,Non-Compliant
Square Infra Solutions 68,Ltd,1999,SX62RGRDGF,3J585Y0DXO7I0WU,PJO8D7IRD0,Coimbatore,9068160487,squareinfrasolutions68@example.com,www.squareinfra68.com,Madurai,Owner 68,MD 68,155,Hierarchical,"Director A68, Director B68",Construction & Infrastructure,Roads & Buildings,Tamil Nadu,26,8,290000789,225608094,At Risk,45109603,86,95,"Excavators, Cranes, Concrete Mixers",Low,198,No,Yes,Not Certified,Low,Compliant,Non-Compliant
Square Infra Solutions 69,Ltd,2019,54TQ109U2X,JI1ZSKUAWCB2M2T,OBCVGOB9TA,Tiruvallur,9270663818,squareinfrasolutions69@example.com,www.squareinfra69.com,Dindigul,Owner 69,MD 69,253,Hierarchical,"Director A69, Director B69",Construction & Infrastructure,Roads & Buildings,Tamil Nadu,17,8,123567542,254444557,Stable,31423697,82,164,"Excavators, Cranes, Concrete Mixers",High,5,No,Yes,ISO 45001,Medium,Compliant,Partial
Square Infra Solutions 70,Proprietorship,2021,SGQGS6F0XR,DA7RB0QY9L0637D,3F8T55OUD5,Tiruvarur,9786289266,squareinfrasolutions70@example.com,www.squareinfra70.com,Mayiladuthurai,Owner 70,MD 70,283,Hierarchical,"Director A70, Director B70",Construction & Infrastructure,Roads & Buildings,Tamil Nadu,6,19,161421899,20750407,At Risk,18027301,8,186,"Excavators, Cranes, Concrete Mixers",Medium,272,No,No,Multiple,Medium,Non-Compliant,Partial
Square Infra Solutions 71,Ltd,2011,4Q8M5NONO1,ILAKO0E77DYD2QE,SFIHTGRMCJ,Krishnagiri,9624929456,squareinfrasolutions71@example.com,www.squareinfra71.com,Ramanathapuram,Owner 71,MD 71,280,Hierarchical,"Director A71, Director B71",Construction & Infrastructure,Roads & Buildings,Tamil Nadu,17,9,24500492,280724642,Stable,33238483,67,133,"Excavators, Cranes, Concrete Mixers",Medium,12,Yes,Yes,ISO 9001,Medium,Non-Compliant,Compliant
Square Infra Solutions 72,Proprietorship,2007,TD5U8JV7R2,37PNKIN1J9LY43C,A1GJ62J6M6,Dindigul,9932528046,squareinfrasolutions72@example.com,www.squareinfra72.com,Sivaganga,Owner 72,MD 72,220,Hierarchical,"Director A72, Director B72",Construction & Infrastructure,Roads & Buildings,Tamil Nadu,27,23,201543394,200218903,Stable,8876145,34,47,"Excavators, Cranes, Concrete Mixers",Medium,142,Yes,No,ISO 45001,Low,Compliant,Non-Compliant
Square Infra Solutions 73,Partnership,1995,P4RDNWBIV0,SUQCF56O7GL8H8Z,I4ICP8LEEW,Tiruchirappalli,9847422796,squareinfrasolutions73@example.com,www.squareinfra73.com,Coimbatore,Owner 73,MD 73,323,Hierarchical,"Director A73, Director B73",Construction & Infrastructure,Roads & Buildings,Tamil Nadu,24,19,318132820,148637500,Stable,20558594,8,160,"Excavators, Cranes, Concrete Mixers",Low,276,No,Yes,Multiple,Low,Partial,Compliant
Square Infra Solutions 74,Ltd,2016,4VM4MZ0YFT,7QOP8H5NBGQSY12,0I69DOKT0F,Mayiladuthurai,9435923232,squareinfrasolutions74@example.com,www.squareinfra74.com,Thoothukudi,Owner 74,MD 74,302,Hierarchical,"Director A74, Director B74",Construction & Infrastructure,Roads & Buildings,Tamil Nadu,28,22,479078435,254859362,Stable,11146515,53,39,"Excavators, Cranes, Concrete Mixers",Low,126,No,Yes,ISO 14001,High,Non-Compliant,Partial
Square Infra Solutions 75,Pvt Ltd,2004,IL80GUE23D,2AZZFZ6AQEK2YZO,G94OVS8V4K,Chennai,9125889204,squareinfrasolutions75@example.com,www.squareinfra75.com,Pudukkottai,Owner 75,MD 75,28,Hierarchical,"Director A75, Director B75",Construction & Infrastructure,Roads & Buildings,Tamil Nadu,4,15,190607291,130030348,Moderate,17799073,73,168,"Excavators, Cranes, Concrete Mixers",Low,143,Yes,Yes,ISO 45001,Low,Compliant,Compliant
Square Infra Solutions 76,Ltd,2022,IGEBVTC65P,HSEXYVT230VDZAM,N3O3ZGMCO1,Nagapattinam,9912141875,squareinfrasolutions76@example.com,www.squareinfra76.com,Tenkasi,Owner 76,MD 76,311,Hierarchical,"Director A76, Director B76",Construction & Infrastructure,Roads & Buildings,Tamil Nadu,5,16,310563940,107004556,Stable,42645466,11,35,"Excavators, Cranes, Concrete Mixers",High,133,Yes,No,ISO 9001,Low,Compliant,Compliant
Square Infra Solutions 77,Proprietorship,1996,XPUGUUU8I1,Z0QSYVK2I7BH1OB,4KZVAG6L9W,Cuddalore,9697072566,squareinfrasolutions77@example.com,www.squareinfra77.com,Tirupathur,Owner 77,MD 77,68,Hierarchical,"Director A77, Director B77",Construction & Infrastructure,Roads & Buildings,Tamil Nadu,2,11,365224443,58638782,Stable,15809804,17,60,"Excavators, Cranes, Concrete Mixers",Medium,228,No,No,ISO 9001,Low,Compliant,Partial
Square Infra Solutions 78,Ltd,2003,QMK1T8KUGP,WTKY0YNGWMKDFQM,YCMEKMEIWF,Tiruvallur,9911980484,squareinfrasolutions78@example.com,www.squareinfra78.com,Nagapattinam,Owner 78,MD 78,307,Hierarchical,"Director A78, Director B78",Construction & Infrastructure,Roads & Buildings,Tamil Nadu,14,18,29230950,185692557,Moderate,14269738,16,67,"Excavators, Cranes, Concrete Mixers",Medium,27,Yes,No,Multiple,Low,Compliant,Non-Compliant
Square Infra Solutions 79,Pvt Ltd,1995,B0HNSHTPHE,TYVXH26V43OE6ZB,FNMFJOHKHX,Ramanathapuram,9975179749,squareinfrasolutions79@example.com,www.squareinfra79.com,Tenkasi,Owner 79,MD 79,359,Hierarchical,"Director A79, Director B79",Construction & Infrastructure,Roads & Buildings,Tamil Nadu,30,7,89758332,142026196,Stable,25385977,30,24,"Excavators, Cranes, Concrete Mixers",Low,114,Yes,No,ISO 14001,Medium,Compliant,Compliant
Square Infra Solutions 80,Pvt Ltd,2011,SG0EJ3DATF,1AYLJMF8RWYHJ6B,XB55X9JSTE,Tirunelveli,9699898197,squareinfrasolutions80@example.com,www.squareinfra80.com,Ariyalur,Owner 80,MD 80,387,Hierarchical,"Director A80, Director B80",Construction & Infrastructure,Roads & Buildings,Tamil Nadu,10,11,277228051,216600386,Moderate,22776122,23,186,"Excavators, Cranes, Concrete Mixers",High,28,Yes,Yes,Not Certified,High,Compliant,Compliant
Square Infra Solutions 81,Ltd,2021,ZPNS93SMTG,IM0YI3G2NPZUG51,WDYJVN322N,Tirupathur,9617131260,squareinfrasolutions81@example.com,www.squareinfra81.com,Krishnagiri,Owner 81,MD 81,154,Hierarchical,"Director A81, Director B81",Construction & Infrastructure,Roads & Buildings,Tamil Nadu,2,8,432685985,124714087,At Risk,18366705,87,32,"Excavators, Cranes, Concrete Mixers",Medium,47,Yes,Yes,Not Certified,Low,Partial,Compliant
Square Infra Solutions 82,Ltd,2010,E7O2450N7T,LWUKJ6642XGDHMW,BXYZ1G55BB,Coimbatore,9341729943,squareinfrasolutions82@example.com,www.squareinfra82.com,Coimbatore,Owner 82,MD 82,247,Hierarchical,"Director A82, Director B82",Construction & Infrastructure,Roads & Buildings,Tamil Nadu,12,25,33934823,160479198,Moderate,28630115,84,69,"Excavators, Cranes, Concrete Mixers",High,268,No,Yes,Not Certified,Low,Compliant,Partial
Square Infra Solutions 83,Ltd,1997,L4FPHST1QS,BISXPY6SC4WXV3A,QJU8P5DVK3,Tiruvannamalai,9243041357,squareinfrasolutions83@example.com,www.squareinfra83.com,Chennai,Owner 83,MD 83,215,Hierarchical,"Director A83, Director B83",Construction & Infrastructure,Roads & Buildings,Tamil Nadu,9,18,355603833,188988457,Stable,21276553,61,113,"Excavators, Cranes, Concrete Mixers",High,144,No,Yes,ISO 14001,Low,Compliant,Non-Compliant
Square Infra Solutions 84,Ltd,2006,UQN9OC37CP,IQNLUP4ZPENC366,W8G1O84COV,Tiruvarur,9982422688,squareinfrasolutions84@example.com,www.squareinfra84.com,Karur,Owner 84,MD 84,353,Hierarchical,"Director A84, Director B84",Construction & Infrastructure,Roads & Buildings,Tamil Nadu,25,3,133005059,234485249,Moderate,44284485,97,68,"Excavators, Cranes, Concrete Mixers",Low,91,Yes,No,ISO 45001,Low,Compliant,Compliant
Square Infra Solutions 85,Pvt Ltd,1998,KOW6BCNZJD,JXBP06W26ZBDE89,0SMB3Q2YCQ,Chennai,9510363442,squareinfrasolutions85@example.com,www.squareinfra85.com,Tirupathur,Owner 85,MD 85,127,Hierarchical,"Director A85, Director B85",Construction & Infrastructure,Roads & Buildings,Tamil Nadu,24,6,240064838,136645970,Moderate,12362074,87,50,"Excavators, Cranes, Concrete Mixers",High,68,Yes,No,ISO 45001,High,Non-Compliant,Compliant
Square Infra Solutions 86,Ltd,2012,18XGD3AMGP,WT1YCKNKT5BZPJG,ITC0GP1INL,Theni,9792983021,squareinfrasolutions86@example.com,www.squareinfra86.com,Tirunelveli,Owner 86,MD 86,305,Hierarchical,"Director A86, Director B86",Construction & Infrastructure,Roads & Buildings,Tamil Nadu,11,24,259680972,58266943,At Risk,6169269,81,123,"Excavators, Cranes, Concrete Mixers",Medium,200,No,No,ISO 9001,Medium,Compliant,Compliant
Square Infra Solutions 87,Proprietorship,2000,ILRT4YRGIL,8NAZBKJ390PVT5D,0YGD99I5RO,Thanjavur,9859976973,squareinfrasolutions87@example.com,www.squareinfra87.com,Tiruvannamalai,Owner 87,MD 87,467,Hierarchical,"Director A87, Director B87",Construction & Infrastructure,Roads & Buildings,Tamil Nadu,26,2,455317649,135828722,Stable,11799582,50,166,"Excavators, Cranes, Concrete Mixers",High,216,No,Yes,ISO 14001,High,Partial,Partial
Square Infra Solutions 88,Partnership,2012,XAEV1OS1UC,0LG620Q4WIKCKHB,K8LQVFJZIC,Kancheepuram,9388177700,squareinfrasolutions88@example.com,www.squareinfra88.com,Dindigul,Owner 88,MD 88,203,Hierarchical,"Director A88, Director B88",Construction & Infrastructure,Roads & Buildings,Tamil Nadu,19,2,139987808,122355169,At Risk,40271676,6,168,"Excavators, Cranes, Concrete Mixers",High,172,Yes,No,ISO 14001,Low,Non-Compliant,Compliant
Square Infra Solutions 89,Ltd,1996,FS3JLPHGMU,KGFSQ3VN9JIFR7E,JOT4IDH86K,Pudukkottai,9393915662,squareinfrasolutions89@example.com,www.squareinfra89.com,Tiruvallur,Owner 89,MD 89,457,Hierarchical,"Director A89, Director B89",Construction & Infrastructure,Roads & Buildings,Tamil Nadu,23,14,63902245,207287902,Moderate,27701631,32,124,"Excavators, Cranes, Concrete Mixers",High,229,No,Yes,ISO 14001,Medium,Compliant,Non-Compliant
Square Infra Solutions 90,Partnership,2022,DW3KJNJ3P7,AGAEMFLBIGFA1FX,9PAXPRBAKH,Dindigul,9242026847,squareinfrasolutions90@example.com,www.squareinfra90.com,Kanniyakumari,Owner 90,MD 90,240,Hierarchical,"Director A90, Director B90",Construction & Infrastructure,Roads & Buildings,Tamil Nadu,16,18,442463138,220972705,Stable,33637805,25,180,"Excavators, Cranes, Concrete Mixers",High,42,Yes,Yes,Not Certified,Medium,Non-Compliant,Compliant
Square Infra Solutions 91,Partnership,1995,404LAYIGOL,UQ90VMCHUO7A70A,QAEUHE7R00,Erode,9237627796,squareinfrasolutions91@example.com,www.squareinfra91.com,Tiruvarur,Owner 91,MD 91,134,Hierarchical,"Director A91, Director B91",Construction & Infrastructure,Roads & Buildings,Tamil Nadu,21,22,268818154,47385912,At Risk,35473063,61,46,"Excavators, Cranes, Concrete Mixers",Low,170,Yes,No,ISO 9001,High,Compliant,Compliant
Square Infra Solutions 92,Proprietorship,2016,413MZGU7UM,5129RF5ZDHHZQ1E,AN2YRMIV72,Mayiladuthurai,9402394046,squareinfrasolutions92@example.com,www.squareinfra92.com,Nagapattinam,Owner 92,MD 92,23,Hierarchical,"Director A92, Director B92",Construction & Infrastructure,Roads & Buildings,Tamil Nadu,12,8,97692238,26129299,At Risk,30241116,72,47,"Excavators, Cranes, Concrete Mixers",High,273,Yes,Yes,ISO 9001,High,Compliant,Partial
Square Infra Solutions 93,Ltd,2003,3KTXJU8V1L,IPYU3PF8VOE51CW,WA4UFCFY9F,Chennai,9385170078,squareinfrasolutions93@example.com,www.squareinfra93.com,Salem,Owner 93,MD 93,320,Hierarchical,"Director A93, Director B93",Construction & Infrastructure,Roads & Buildings,Tamil Nadu,5,24,50904825,97038800,At Risk,7433500,43,182,"Excavators, Cranes, Concrete Mixers",Medium,233,Yes,Yes,Not Certified,Low,Compliant,Compliant
Square Infra Solutions 94,Partnership,2000,LHKSRCAYER,HYLUKX5X5ZA12LG,V7U00BGAZA,Chennai,9999338511,squareinfrasolutions94@example.com,www.squareinfra94.com,Krishnagiri,Owner 94,MD 94,341,Hierarchical,"Director A94, Director B94",Construction & Infrastructure,Roads & Buildings,Tamil Nadu,12,21,42179464,239163594,Moderate,7891772,30,146,"Excavators, Cranes, Concrete Mixers",Low,113,No,No,ISO 45001,Low,Compliant,Compliant
Square Infra Solutions 95,Proprietorship,2019,UU6LRI6TQQ,PC6TN1H3CCADLYX,RC07PI0J19,Kallakurichi,9491181220,squareinfrasolutions95@example.com,www.squareinfra95.com,Ranipet,Owner 95,MD 95,95,Hierarchical,"Director A95, Director B95",Construction & Infrastructure,Roads & Buildings,Tamil Nadu,18,15,353205319,34951320,Moderate,38072426,59,30,"Excavators, Cranes, Concrete Mixers",High,113,Yes,No,ISO 14001,High,Compliant,Non-Compliant
Square Infra Solutions 96,Partnership,2000,ASYLCTAGX9,Q3S90ZJ3A7J0RQJ,1Q09K6G7NE,Tiruvallur,9136847849,squareinfrasolutions96@example.com,www.squareinfra96.com,Kancheepuram,Owner 96,MD 96,373,Hierarchical,"Director A96, Director B96",Construction & Infrastructure,Roads & Buildings,Tamil Nadu,14,22,410803911,269799614,At Risk,34827248,8,200,"Excavators, Cranes, Concrete Mixers",Medium,132,No,No,ISO 14001,Low,Partial,Compliant
Square Infra Solutions 97,Ltd,2006,QKXLQ4B0Z1,WAZHZ3Z2TQENAKE,YAFMCP01U0,Ariyalur,9126339959,squareinfrasolutions97@example.com,www.squareinfra97.com,Tiruvarur,Owner 97,MD 97,91,Hierarchical,"Director A97, Director B97",Construction & Infrastructure,Roads & Buildings,Tamil Nadu,10,11,266066848,151059558,Stable,19951148,27,23,"Excavators, Cranes, Concrete Mixers",High,115,Yes,No,Not Certified,Low,Compliant,Non-Compliant
Square Infra Solutions 98,Ltd,2018,73X30M2D90,MEZRCZ48XZ6SG0O,1Y9HQO0H9K,Dindigul,9394699839,squareinfrasolutions98@example.com,www.squareinfra98.com,Chennai,Owner 98,MD 98,255,Hierarchical,"Director A98, Director B98",Construction & Infrastructure,Roads & Buildings,Tamil Nadu,14,24,242689541,132041996,Moderate,30044727,37,158,"Excavators, Cranes, Concrete Mixers",High,247,No,Yes,ISO 9001,Medium,Compliant,Non-Compliant
Square Infra Solutions 99,Partnership,2005,NXCUW7YTYP,LJ9TJIZ0FAYLEGC,OVXUSWOFZX,Theni,9637833085,squareinfrasolutions99@example.com,www.squareinfra99.com,Tiruppur,Owner 99,MD 99,287,Hierarchical,"Director A99, Director B99",Construction & Infrastructure,Roads & Buildings,Tamil Nadu,26,9,380139702,74676696,At Risk,1741571,31,169,"Excavators, Cranes, Concrete Mixers",Medium,148,No,No,ISO 45001,Medium,Partial,Compliant
Square Infra Solutions 100,Ltd,1999,1D6TX6T067,3L72R17H8U94JH4,PO05G95VN6,Krishnagiri,9796958729,squareinfrasolutions100@example.com,www.squareinfra100.com,Nilgiris,Owner 100,MD 100,143,Hierarchical,"Director A100, Director B100",Construction & Infrastructure,Roads & Buildings,Tamil Nadu,7,10,79346046,36623067,Stable,14313548,82,120,"Excavators, Cranes, Concrete Mixers",Medium,178,No,Yes,ISO 45001,Low,Partial,Partial
Square Infra Solutions 101,Partnership,2004,75ZZH0K9TN,Y3Y126NFO68ZVYQ,WDJVLFVQHK,Karur,9777341422,squareinfrasolutions101@example.com,www.squareinfra101.com,Namakkal,Owner 101,MD 101,378,Hierarchical,"Director A101, Director B101",Construction & Infrastructure,Roads & Buildings,Tamil Nadu,10,9,355052339,254805979,Moderate,49596508,33,122,"Excavators, Cranes, Concrete Mixers",High,286,No,Yes,ISO 45001,Low,Non-Compliant,Partial
Square Infra Solutions 102,Pvt Ltd,2006,IZGPZ2UZSK,Z9Q43LXIAMK2POZ,D7JCPKXXBF,Viluppuram,9653188312,squareinfrasolutions102@example.com,www.squareinfra102.com,Theni,Owner 102,MD 102,90,Hierarchical,"Director A102, Director B102",Construction & Infrastructure,Roads & Buildings,Tamil Nadu,9,20,376547643,45137469,Moderate,21412954,87,169,"Excavators, Cranes, Concrete Mixers",Medium,6,Yes,Yes,Not Certified,High,Partial,Compliant
Square Infra Solutions 103,Ltd,2009,776MNHRP3K,TG6VE07RC8NDNR8,UWTQ73TE82,Erode,9670017622,squareinfrasolutions103@example.com,www.squareinfra103.com,Ranipet,Owner 103,MD 103,398,Hierarchical,"Director A103, Director B103",Construction & Infrastructure,Roads & Buildings,Tamil Nadu,13,13,62908188,125658030,At Risk,9813135,36,123,"Excavators, Cranes, Concrete Mixers",Medium,187,Yes,No,ISO 9001,Medium,Compliant,Compliant
Square Infra Solutions 104,Pvt Ltd,2003,UHSAEJ8O0I,ARXMXVTFWJ122XV,T3JZS5PJK8,Thoothukudi,9474544710,squareinfrasolutions104@example.com,www.squareinfra104.com,Krishnagiri,Owner 104,MD 104,436,Hierarchical,"Director A104, Director B104",Construction & Infrastructure,Roads & Buildings,Tamil Nadu,26,24,496119700,212307204,At Risk,48692719,42,32,"Excavators, Cranes, Concrete Mixers",High,243,No,Yes,ISO 14001,High,Compliant,Non-Compliant
Square Infra Solutions 105,Partnership,2007,FE7YNFEUOO,FAQA06OCGNDNBLQ,NOWIB2QRP6,Tirunelveli,9774030546,squareinfrasolutions105@example.com,www.squareinfra105.com,Thanjavur,Owner 105,MD 105,397,Hierarchical,"Director A105, Director B105",Construction & Infrastructure,Roads & Buildings,Tamil Nadu,20,19,5568272,20223796,Stable,49390567,9,10,"Excavators, Cranes, Concrete Mixers",Medium,216,Yes,No,ISO 14001,Low,Non-Compliant,Partial
Square Infra Solutions 106,Pvt Ltd,2002,3RQKPB8CDU,RN673FYHBXFWNS3,W58LAIEAKD,Ariyalur,9999996141,squareinfrasolutions106@example.com,www.squareinfra106.com,Cuddalore,Owner 106,MD 106,143,Hierarchical,"Director A106, Director B106",Construction & Infrastructure,Roads & Buildings,Tamil Nadu,25,19,140808584,138069206,At Risk,36801505,51,40,"Excavators, Cranes, Concrete Mixers",Low,184,No,No,ISO 14001,Medium,Partial,Partial
Square Infra Solutions 107,Partnership,1997,452CBVMFHS,4URASSRJOV2UE8X,XV50NVY4K9,Chennai,9779604197,squareinfrasolutions107@example.com,www.squareinfra107.com,Dharmapuri,Owner 107,MD 107,500,Hierarchical,"Director A107, Director B107",Construction & Infrastructure,Roads & Buildings,Tamil Nadu,15,24,73215086,180774249,Stable,29038833,70,77,"Excavators, Cranes, Concrete Mixers",Medium,87,No,No,ISO 45001,Low,Compliant,Non-Compliant
Square Infra Solutions 108,Pvt Ltd,2009,HQOQGNMGKY,Q4KSJX12HXQ3WQK,R20LDFA0Q8,Dharmapuri,9850519018,squareinfrasolutions108@example.com,www.squareinfra108.com,Mayiladuthurai,Owner 108,MD 108,210,Hierarchical,"Director A108, Director B108",Construction & Infrastructure,Roads & Buildings,Tamil Nadu,24,25,291972625,94458810,At Risk,9739032,29,23,"Excavators, Cranes, Concrete Mixers",Medium,233,Yes,No,Multiple,High,Compliant,Non-Compliant
Square Infra Solutions 109,Ltd,2003,9OBW9ULPEE,21PCHA4NIGLZ1BK,AJJMG4U56B,Karur,9361051999,squareinfrasolutions109@example.com,www.squareinfra109.com,Dindigul,Owner 109,MD 109,394,Hierarchical,"Director A109, Director B109",Construction & Infrastructure,Roads & Buildings,Tamil Nadu,6,23,431311090,48153023,Stable,20480474,25,191,"Excavators, Cranes, Concrete Mixers",Low,16,No,No,ISO 45001,Low,Partial,Partial
Square Infra Solutions 110,Pvt Ltd,2004,1FCOXSA43J,3LJ5DQEOQB5KEFL,LBKU631SS8,Tirupathur,9433599896,squareinfrasolutions110@example.com,www.squareinfra110.com,Tiruvarur,Owner 110,MD 110,86,Hierarchical,"Director A110, Director B110",Construction & Infrastructure,Roads & Buildings,Tamil Nadu,4,14,67699307,170738325,Moderate,46353570,14,155,"Excavators, Cranes, Concrete Mixers",Medium,146,Yes,Yes,ISO 9001,Medium,Compliant,Partial
Square Infra Solutions 111,Proprietorship,1999,HTXA5DZMZH,N5S4EE670DETGZB,0SHT9GK7PM,Thanjavur,9235802918,squareinfrasolutions111@example.com,www.squareinfra111.com,Erode,Owner 111,MD 111,292,Hierarchical,"Director A111, Director B111",Construction & Infrastructure,Roads & Buildings,Tamil Nadu,18,6,355510625,178668885,Moderate,2447009,19,25,"Excavators, Cranes, Concrete Mixers",Medium,113,No,No,ISO 45001,Medium,Partial,Compliant
Square Infra Solutions 112,Partnership,1996,7EN8Z8B3KA,E1XFDUZ4FQO47L5,O3MEVFUJ48,Tiruvallur,9112370892,squareinfrasolutions112@example.com,www.squareinfra112.com,Mayiladuthurai,Owner 112,MD 112,428,Hierarchical,"Director A112, Director B112",Construction & Infrastructure,Roads & Buildings,Tamil Nadu,23,4,380570273,26715682,Moderate,34454279,87,180,"Excavators, Cranes, Concrete Mixers",High,163,Yes,Yes,Multiple,Medium,Compliant,Compliant
Square Infra Solutions 113,Proprietorship,2006,K0S2P0E4VH,221L1LDD2WZGTI8,QL399RLG7F,Salem,9538646233,squareinfrasolutions113@example.com,www.squareinfra113.com,Madurai,Owner 113,MD 113,274,Hierarchical,"Director A113, Director B113",Construction & Infrastructure,Roads & Buildings,Tamil Nadu,11,11,248125467,63653250,Moderate,4668189,90,45,"Excavators, Cranes, Concrete Mixers",High,227,Yes,No,ISO 45001,Low,Partial,Non-Compliant
Square Infra Solutions 114,Pvt Ltd,2017,56E0Q5LV51,7RKJORNOLGEF1U1,1NH6JHQNAN,Tiruchirappalli,9181221058,squareinfrasolutions114@example.com,www.squareinfra114.com,Viluppuram,Owner 114,MD 114,191,Hierarchical,"Director A114, Director B114",Construction & Infrastructure,Roads & Buildings,Tamil Nadu,8,20,243452848,170445040,Moderate,19943566,27,198,"Excavators, Cranes, Concrete Mixers",High,53,No,No,ISO 45001,Low,Compliant,Partial
Square Infra Solutions 115,Proprietorship,2014,BGQOUNMLD2,NJRQF8TLWU146GG,PTCOZTDQ0T,Coimbatore,9971206226,squareinfrasolutions115@example.com,www.squareinfra115.com,Salem,Owner 115,MD 115,40,Hierarchical,"Director A115, Director B115",Construction & Infrastructure,Roads & Buildings,Tamil Nadu,29,24,358002546,290370169,Moderate,20135920,20,11,"Excavators, Cranes, Concrete Mixers",High,85,Yes,No,Not Certified,Low,Non-Compliant,Compliant
Square Infra Solutions 116,Pvt Ltd,2006,9BRI6LE7XS,JRRN6KN8JQCC00H,HPXF2EV77F,Tiruchirappalli,9273535165,squareinfrasolutions116@example.com,www.squareinfra116.com,Ramanathapuram,Owner 116,MD 116,462,Hierarchical,"Director A116, Director B116",Construction & Infrastructure,Roads & Buildings,Tamil Nadu,2,20,336791586,145017175,Moderate,1622307,98,33,"Excavators, Cranes, Concrete Mixers",Medium,169,Yes,No,ISO 9001,High,Non-Compliant,Non-Compliant
Square Infra Solutions 117,Pvt Ltd,2004,UYC7XEOJ45,FBCP0M50IM8JBMN,DXQRKKNBNR,Dindigul,9666512004,squareinfrasolutions117@example.com,www.squareinfra117.com,Erode,Owner 117,MD 117,38,Hierarchical,"Director A117, Director B117",Construction & Infrastructure,Roads & Buildings,Tamil Nadu,23,18,307239237,223986024,Stable,34484765,93,114,"Excavators, Cranes, Concrete Mixers",Low,176,Yes,No,ISO 45001,High,Partial,Compliant
Square Infra Solutions 118,Proprietorship,2005,7T7WSRD15M,9CTB30UC4ZVA6O2,E0BSX0VF8Y,Madurai,9854807055,squareinfrasolutions118@example.com,www.squareinfra118.com,Viluppuram,Owner 118,MD 118,13,Hierarchical,"Director A118, Director B118",Construction & Infrastructure,Roads & Buildings,Tamil Nadu,15,17,401961015,295334999,Stable,47022339,75,82,"Excavators, Cranes, Concrete Mixers",Low,39,Yes,Yes,ISO 9001,Medium,Non-Compliant,Partial
Square Infra Solutions 119,Partnership,1999,1JCPA0NQGT,DX2B13K21VH2U9T,L3WUXCEP24,Kancheepuram,9427268636,squareinfrasolutions119@example.com,www.squareinfra119.com,Perambalur,Owner 119,MD 119,28,Hierarchical,"Director A119, Director B119",Construction & Infrastructure,Roads & Buildings,Tamil Nadu,2,12,494402104,291386609,At Risk,46514595,90,132,"Excavators, Cranes, Concrete Mixers",Low,40,Yes,No,ISO 45001,Medium,Partial,Non-Compliant
Square Infra Solutions 120,Ltd,2002,5NNQSDFXAM,T4R69OFG5FQBYKL,APEOY2UP9O,Tirunelveli,9980456557,squareinfrasolutions120@example.com,www.squareinfra120.com,Salem,Owner 120,MD 120,420,Hierarchical,"Director A120, Director B120",Construction & Infrastructure,Roads & Buildings,Tamil Nadu,11,4,252931134,212452719,Moderate,5436621,31,56,"Excavators, Cranes, Concrete Mixers",Low,200,No,Yes,Not Certified,Medium,Non-Compliant,Compliant
Square Infra Solutions 121,Partnership,1998,I01K2EQ1LB,3F6P52VX4DQWI5R,TX5IS4S7BZ,Chennai,9914986810,squareinfrasolutions121@example.com,www.squareinfra121.com,Cuddalore,Owner 121,MD 121,452,Hierarchical,"Director A121, Director B121",Construction & Infrastructure,Roads & Buildings,Tamil Nadu,11,7,122016443,283660551,Moderate,25259846,36,128,"Excavators, Cranes, Concrete Mixers",Medium,36,Yes,No,ISO 45001,Low,Non-Compliant,Non-Compliant
Square Infra Solutions 122,Pvt Ltd,2019,DEUPCMO508,QVZWZ4W7MPFOF1P,IWQAJK5TXH,Ramanathapuram,9139492296,squareinfrasolutions122@example.com,www.squareinfra122.com,Coimbatore,Owner 122,MD 122,394,Hierarchical,"Director A122, Director B122",Construction & Infrastructure,Roads & Buildings,Tamil Nadu,21,17,5744800,39722752,At Risk,25331846,32,123,"Excavators, Cranes, Concrete Mixers",Medium,278,Yes,No,ISO 9001,High,Compliant,Compliant
Square Infra Solutions 123,Pvt Ltd,2007,U1D2V0N5ZT,98J75Q8AQ39PM9V,I4693B8J60,Tiruvannamalai,9581166208,squareinfrasolutions123@example.com,www.squareinfra123.com,Salem,Owner 123,MD 123,254,Hierarchical,"Director A123, Director B123",Construction & Infrastructure,Roads & Buildings,Tamil Nadu,20,21,147243829,182004031,At Risk,18556031,100,46,"Excavators, Cranes, Concrete Mixers",Low,111,Yes,Yes,Multiple,High,Compliant,Compliant
Square Infra Solutions 124,Ltd,2016,MZYQIMX3W6,0RYB7I6MGMKBFPZ,XU0F1NV0RK,Dindigul,9455922655,squareinfrasolutions124@example.com,www.squareinfra124.com,Perambalur,Owner 124,MD 124,87,Hierarchical,"Director A124, Director B124",Construction & Infrastructure,Roads & Buildings,Tamil Nadu,12,22,291447040,287690289,At Risk,37484406,45,134,"Excavators, Cranes, Concrete Mixers",High,229,Yes,No,Not Certified,Medium,Compliant,Non-Compliant
Square Infra Solutions 125,Proprietorship,2010,2ZIXBR42U6,VSZXFUV41V979DB,WW2B4OTELQ,Vellore,9871879090,squareinfrasolutions125@example.com,www.squareinfra125.com,Thanjavur,Owner 125,MD 125,462,Hierarchical,"Director A125, Director B125",Construction & Infrastructure,Roads & Buildings,Tamil Nadu,21,24,320011246,46597427,At Risk,23418117,23,48,"Excavators, Cranes, Concrete Mixers",Low,160,No,Yes,Not Certified,Low,Non-Compliant,Non-Compliant
Square Infra Solutions 126,Proprietorship,2014,EFNM2ZNG04,52GFSZKNXCAYOA2,R7IA2NJ9W5,Karur,9861686519,squareinfrasolutions126@example.com,www.squareinfra126.com,Nilgiris,Owner 126,MD 126,301,Hierarchical,"Director A126, Director B126",Construction & Infrastructure,Roads & Buildings,Tamil Nadu,17,5,138283081,43352633,Stable,32655619,54,87,"Excavators, Cranes, Concrete Mixers",High,99,No,Yes,ISO 45001,Low,Compliant,Compliant
Square Infra Solutions 127,Proprietorship,1997,JJ4N352F7L,HS9EI9S8ZUKQ5LB,3BZSHP8ZDJ,Madurai,9811282337,squareinfrasolutions127@example.com,www.squareinfra127.com,Dindigul,Owner 127,MD 127,444,Hierarchical,"Director A127, Director B127",Construction & Infrastructure,Roads & Buildings,Tamil Nadu,9,11,200878270,111356423,At Risk,32313130,78,21,"Excavators, Cranes, Concrete Mixers",Low,180,Yes,No,Not Certified,Low,Non-Compliant,Non-Compliant
Square Infra Solutions 128,Ltd,2016,7NTDZO57JL,O9IHBWPCNCCXNR4,RSTD3R1DUT,Mayiladuthurai,9016862744,squareinfrasolutions128@example.com,www.squareinfra128.com,Dindigul,Owner 128,MD 128,295,Hierarchical,"Director A128, Director B128",Construction & Infrastructure,Roads & Buildings,Tamil Nadu,13,2,491043656,281689418,Moderate,16830631,26,90,"Excavators, Cranes, Concrete Mixers",High,249,No,No,ISO 45001,Low,Non-Compliant,Non-Compliant
Square Infra Solutions 129,Ltd,2020,8010KCQ7TV,7AN0IDTU21HMXHK,OECPFTZI6Q,Tiruchirappalli,9004701467,squareinfrasolutions129@example.com,www.squareinfra129.com,Salem,Owner 129,MD 129,144,Hierarchical,"Director A129, Director B129",Construction & Infrastructure,Roads & Buildings,Tamil Nadu,30,11,51831341,212505847,Moderate,44508335,30,142,"Excavators, Cranes, Concrete Mixers",High,261,Yes,No,Not Certified,Low,Partial,Non-Compliant
Square Infra Solutions 130,Pvt Ltd,2015,5QEJL3JFXT,W9V80IR06MPAHDD,OAKCQ27VRU,Tiruvallur,9322970591,squareinfrasolutions130@example.com,www.squareinfra130.com,Tiruchirappalli,Owner 130,MD 130,385,Hierarchical,"Director A130, Director B130",Construction & Infrastructure,Roads & Buildings,Tamil Nadu,1,10,343233283,208084224,Moderate,38547705,95,11,"Excavators, Cranes, Concrete Mixers",High,287,No,Yes,ISO 9001,High,Partial,Partial
Square Infra Solutions 131,Proprietorship,2003,LSTZZMW8KB,R5RU7B79CTFM6FE,IMHYT3388T,Madurai,9935331422,squareinfrasolutions131@example.com,www.squareinfra131.com,Thanjavur,Owner 131,MD 131,188,Hierarchical,"Director A131, Director B131",Construction & Infrastructure,Roads & Buildings,Tamil Nadu,25,4,251256477,299567411,Stable,40600559,49,15,"Excavators, Cranes, Concrete Mixers",High,152,Yes,Yes,ISO 9001,Low,Non-Compliant,Partial
Square Infra Solutions 132,Proprietorship,1996,L7ZYRIYCYE,MAL4CY11EJI0C5W,XU1KWL41AS,Sivaganga,9346210391,squareinfrasolutions132@example.com,www.squareinfra132.com,Thanjavur,Owner 132,MD 132,277,Hierarchical,"Director A132, Director B132",Construction & Infrastructure,Roads & Buildings,Tamil Nadu,15,7,322421139,119289077,At Risk,16587746,84,171,"Excavators, Cranes, Concrete Mixers",Low,30,Yes,No,ISO 14001,Low,Compliant,Partial
Square Infra Solutions 133,Partnership,2001,VZSJ3YLW7U,MISY9VUQEVA1HD0,EYGMS8I6LQ,Karur,9819819543,squareinfrasolutions133@example.com,www.squareinfra133.com,Viluppuram,Owner 133,MD 133,210,Hierarchical,"Director A133, Director B133",Construction & Infrastructure,Roads & Buildings,Tamil Nadu,8,18,449315164,191250700,Moderate,1121873,83,26,"Excavators, Cranes, Concrete Mixers",Low,175,No,No,ISO 14001,Medium,Partial,Compliant
Square Infra Solutions 134,Partnership,2020,SFKXEBTAR9,Z0ARXKQMC2QK33T,MYAQ9EB8ZY,Chennai,9311065481,squareinfrasolutions134@example.com,www.squareinfra134.com,Tirunelveli,Owner 134,MD 134,478,Hierarchical,"Director A134, Director B134",Construction & Infrastructure,Roads & Buildings,Tamil Nadu,22,15,418785770,277383193,At Risk,21973978,25,69,"Excavators, Cranes, Concrete Mixers",Low,283,No,No,ISO 45001,Low,Non-Compliant,Non-Compliant
Square Infra Solutions 135,Partnership,2021,65CFEAQ9DG,IX878AN16L15Z5V,2OJNYRG2M4,Ariyalur,9254602047,squareinfrasolutions135@example.com,www.squareinfra135.com,Salem,Owner 135,MD 135,203,Hierarchical,"Director A135, Director B135",Construction & Infrastructure,Roads & Buildings,Tamil Nadu,20,17,145353312,43601969,Stable,37708366,19,183,"Excavators, Cranes, Concrete Mixers",High,297,No,No,ISO 14001,High,Compliant,Non-Compliant
Square Infra Solutions 136,Pvt Ltd,2017,92IRQPK7Q2,VUFW4Q723FUX5OY,MVDUAHC13H,Krishnagiri,9041393195,squareinfrasolutions136@example.com,www.squareinfra136.com,Thanjavur,Owner 136,MD 136,45,Hierarchical,"Director A136, Director B136",Construction & Infrastructure,Roads & Buildings,Tamil Nadu,14,9,183464443,83005299,At Risk,6014077,98,21,"Excavators, Cranes, Concrete Mixers",Low,235,Yes,No,Not Certified,Medium,Partial,Non-Compliant
Square Infra Solutions 137,Partnership,2011,C6823NT5ET,S8JADZ8RNRQ2Y2I,ACI0RRF45Q,Tiruvallur,9379485756,squareinfrasolutions137@example.com,www.squareinfra137.com,Karur,Owner 137,MD 137,356,Hierarchical,"Director A137, Director B137",Construction & Infrastructure,Roads & Buildings,Tamil Nadu,30,10,263875949,40203229,Stable,6814872,17,149,"Excavators, Cranes, Concrete Mixers",Low,231,No,Yes,ISO 45001,Low,Non-Compliant,Non-Compliant
Square Infra Solutions 138,Ltd,2021,3R5K8B1T4X,DDUMSTS56WQJWWA,A9E6N1U6MD,Dharmapuri,9905338028,squareinfrasolutions138@example.com,www.squareinfra138.com,Sivaganga,Owner 138,MD 138,176,Hierarchical,"Director A138, Director B138",Construction & Infrastructure,Roads & Buildings,Tamil Nadu,18,13,5383793,79696059,Moderate,27264838,89,126,"Excavators, Cranes, Concrete Mixers",High,182,No,Yes,ISO 45001,Low,Compliant,Compliant
Square Infra Solutions 139,Proprietorship,2001,OAIYGDCPGP,ZAMS168B7TWSN91,4981JW0ZTZ,Karur,9648841331,squareinfrasolutions139@example.com,www.squareinfra139.com,Kanniyakumari,Owner 139,MD 139,280,Hierarchical,"Director A139, Director B139",Construction & Infrastructure,Roads & Buildings,Tamil Nadu,25,2,304175102,207850663,Moderate,16725257,49,105,"Excavators, Cranes, Concrete Mixers",High,99,No,No,Multiple,High,Compliant,Compliant
Square Infra Solutions 140,Partnership,1997,YKI53UO627,UQISZFGVS1G1YV2,2UNA228CTG,Krishnagiri,9380165774,squareinfrasolutions140@example.com,www.squareinfra140.com,Ranipet,Owner 140,MD 140,151,Hierarchical,"Director A140, Director B140",Construction & Infrastructure,Roads & Buildings,Tamil Nadu,1,12,351036847,280442280,At Risk,9459343,99,123,"Excavators, Cranes, Concrete Mixers",High,39,Yes,Yes,ISO 45001,Low,Partial,Partial
Square Infra Solutions 141,Ltd,2000,ATQPQ4E2QX,EMJ6DGTL5LA6ZX3,4LAJMS2C2Z,Ranipet,9975155452,squareinfrasolutions141@example.com,www.squareinfra141.com,Madurai,Owner 141,MD 141,114,Hierarchical,"Director A141, Director B141",Construction & Infrastructure,Roads & Buildings,Tamil Nadu,30,3,167086319,113953298,Stable,12164127,86,66,"Excavators, Cranes, Concrete Mixers",Low,240,Yes,Yes,Not Certified,High,Compliant,Compliant
Square Infra Solutions 142,Pvt Ltd,2015,3T1BBO47BU,YRZR80I692TEPZ5,ID6J37ZK5K,Vellore,9283102104,squareinfrasolutions142@example.com,www.squareinfra142.com,Erode,Owner 142,MD 142,134,Hierarchical,"Director A142, Director B142",Construction & Infrastructure,Roads & Buildings,Tamil Nadu,16,5,194344751,292059570,Moderate,40374015,5,114,"Excavators, Cranes, Concrete Mixers",Medium,111,Yes,Yes,Multiple,High,Partial,Compliant
Square Infra Solutions 143,Partnership,2005,W3BJJRIMGY,FRPAJ9IXUYI6JXA,FATMEWWQ76,Tenkasi,9733395147,squareinfrasolutions143@example.com,www.squareinfra143.com,Tiruchirappalli,Owner 143,MD 143,29,Hierarchical,"Director A143, Director B143",Construction & Infrastructure,Roads & Buildings,Tamil Nadu,12,8,485646935,219771836,Moderate,25035368,23,190,"Excavators, Cranes, Concrete Mixers",Low,39,No,No,ISO 45001,High,Non-Compliant,Non-Compliant
Square Infra Solutions 144,Ltd,2002,9QGWTHDSHA,LQ0X7EVJGB5TNMF,HCCV3UIR6I,Tiruchirappalli,9088055882,squareinfrasolutions144@example.com,www.squareinfra144.com,Cuddalore,Owner 144,MD 144,321,Hierarchical,"Director A144, Director B144",Construction & Infrastructure,Roads & Buildings,Tamil Nadu,5,10,319284223,142496174,Moderate,28319968,81,187,"Excavators, Cranes, Concrete Mixers",High,33,No,Yes,Not Certified,Medium,Partial,Partial
Square Infra Solutions 145,Pvt Ltd,2009,EOM04J6N7B,5VU2YGH0HZLAT6K,L2U95VR96P,Nilgiris,9963754288,squareinfrasolutions145@example.com,www.squareinfra145.com,Karur,Owner 145,MD 145,301,Hierarchical,"Director A145, Director B145",Construction & Infrastructure,Roads & Buildings,Tamil Nadu,26,25,316834163,195225799,Moderate,6499591,28,192,"Excavators, Cranes, Concrete Mixers",Low,112,No,Yes,ISO 45001,Low,Compliant,Partial
Square Infra Solutions 146,Proprietorship,2006,58OCSXLN9H,OCQTJQUYJS9RJBL,IDWW8HHCHF,Sivaganga,9518106090,squareinfrasolutions146@example.com,www.squareinfra146.com,Tiruvarur,Owner 146,MD 146,17,Hierarchical,"Director A146, Director B146",Construction & Infrastructure,Roads & Buildings,Tamil Nadu,19,25,83488833,62075692,Stable,13233874,87,34,"Excavators, Cranes, Concrete Mixers",Medium,111,Yes,No,ISO 9001,Medium,Partial,Compliant
Square Infra Solutions 147,Ltd,2014,RTEW8A49O3,D6S63E1HC15E1WJ,Y0K6XPDCLN,Tiruppur,9101255255,squareinfrasolutions147@example.com,www.squareinfra147.com,Sivaganga,Owner 147,MD 147,498,Hierarchical,"Director A147, Director B147",Construction & Infrastructure,Roads & Buildings,Tamil Nadu,23,9,478243320,52802103,Stable,16776175,68,55,"Excavators, Cranes, Concrete Mixers",Medium,8,Yes,Yes,Not Certified,Low,Compliant,Compliant
Square Infra Solutions 148,Partnership,1996,ANQBND110Z,HCTPAS4XUQE1AIW,HLEICMEAKY,Viluppuram,9108371520,squareinfrasolutions148@example.com,www.squareinfra148.com,Tiruvallur,Owner 148,MD 148,133,Hierarchical,"Director A148, Director B148",Construction & Infrastructure,Roads & Buildings,Tamil Nadu,12,3,107707086,267379487,Moderate,23025838,46,108,"Excavators, Cranes, Concrete Mixers",Medium,228,Yes,No,ISO 45001,Medium,Compliant,Partial
Square Infra Solutions 149,Pvt Ltd,2001,T0JVW30KEB,G65X63HC4F2JDIN,NZ219177L8,Dindigul,9441477206,squareinfrasolutions149@example.com,www.squareinfra149.com,Krishnagiri,Owner 149,MD 149,346,Hierarchical,"Director A149, Director B149",Construction & Infrastructure,Roads & Buildings,Tamil Nadu,1,6,354022013,69551313,At Risk,35639284,46,133,"Excavators, Cranes, Concrete Mixers",High,185,No,Yes,ISO 9001,Medium,Partial,Non-Compliant
Square Infra Solutions 150,Pvt Ltd,1997,6MSQQOMEY2,GX3YNPTEGYK2PK8,G01NC0LUWF,Thanjavur,9591251666,squareinfrasolutions150@example.com,www.squareinfra150.com,Erode,Owner 150,MD 150,439,Hierarchical,"Director A150, Director B150",Construction & Infrastructure,Roads & Buildings,Tamil Nadu,28,21,102494366,291995564,At Risk,14481643,70,26,"Excavators, Cranes, Concrete Mixers",Medium,104,Yes,No,ISO 9001,Low,Compliant,Compliant
Square Infra Solutions 151,Proprietorship,1997,1PHR71UPH4,SDE0OPPEJQMV0QN,VKXW7RTQTG,Tirunelveli,9925897922,squareinfrasolutions151@example.com,www.squareinfra151.com,Chennai,Owner 151,MD 151,487,Hierarchical,"Director A151, Director B151",Construction & Infrastructure,Roads & Buildings,Tamil Nadu,14,18,223701913,143397460,At Risk,20724786,47,18,"Excavators, Cranes, Concrete Mixers",Medium,116,Yes,Yes,Multiple,Medium,Non-Compliant,Non-Compliant
Square Infra Solutions 152,Ltd,2010,8F95H3COG5,NDMMY25VO8S6DC8,KT8E5UQJ2X,Chennai,9665303630,squareinfrasolutions152@example.com,www.squareinfra152.com,Nilgiris,Owner 152,MD 152,201,Hierarchical,"Director A152, Director B152",Construction & Infrastructure,Roads & Buildings,Tamil Nadu,10,17,60443058,52161412,Stable,47773678,34,135,"Excavators, Cranes, Concrete Mixers",Low,7,Yes,No,ISO 45001,Low,Non-Compliant,Partial
Square Infra Solutions 153,Ltd,2003,8PEQR4DXCO,475HEANSJIHS1A1,FOPOGKEYYH,Salem,9685336362,squareinfrasolutions153@example.com,www.squareinfra153.com,Krishnagiri,Owner 153,MD 153,85,Hierarchical,"Director A153, Director B153",Construction & Infrastructure,Roads & Buildings,Tamil Nadu,22,8,324990794,65624598,Moderate,20493681,8,186,"Excavators, Cranes, Concrete Mixers",Medium,236,No,Yes,Multiple,Low,Partial,Non-Compliant
Square Infra Solutions 154,Ltd,2016,9UKWCWRWB8,C08U3O2QYSJY4VG,GQAKEBZ646,Namakkal,9492027497,squareinfrasolutions154@example.com,www.squareinfra154.com,Dharmapuri,Owner 154,MD 154,312,Hierarchical,"Director A154, Director B154",Construction & Infrastructure,Roads & Buildings,Tamil Nadu,5,24,65324464,232231253,Moderate,45608061,82,73,"Excavators, Cranes, Concrete Mixers",High,235,Yes,Yes,ISO 9001,Medium,Compliant,Compliant
Square Infra Solutions 155,Partnership,2003,EXYQGNIL49,THEAZBA31EIETIM,G5WVC1K4PB,Tirunelveli,9993780805,squareinfrasolutions155@example.com,www.squareinfra155.com,Chengalpattu,Owner 155,MD 155,195,Hierarchical,"Director A155, Director B155",Construction & Infrastructure,Roads & Buildings,Tamil Nadu,17,22,151987893,2803971,Stable,44551987,42,151,"Excavators, Cranes, Concrete Mixers",Low,195,Yes,No,Multiple,Medium,Non-Compliant,Compliant
Square Infra Solutions 156,Partnership,2003,U3RG3SGVEU,4ENESK93NH06E2S,54ZBOMCW02,Kancheepuram,9853482294,squareinfrasolutions156@example.com,www.squareinfra156.com,Chennai,Owner 156,MD 156,274,Hierarchical,"Director A156, Director B156",Construction & Infrastructure,Roads & Buildings,Tamil Nadu,16,11,233030128,100470633,At Risk,37805941,25,35,"Excavators, Cranes, Concrete Mixers",High,18,No,No,ISO 9001,Medium,Partial,Compliant
Square Infra Solutions 157,Partnership,2007,2EUGQJRY84,EHCSW5U3RI7QTR0,RJCG9Y0WZE,Kancheepuram,9645385084,squareinfrasolutions157@example.com,www.squareinfra157.com,Namakkal,Owner 157,MD 157,74,Hierarchical,"Director A157, Director B157",Construction & Infrastructure,Roads & Buildings,Tamil Nadu,23,20,163513858,22939794,Stable,38186748,84,197,"Excavators, Cranes, Concrete Mixers",Low,124,No,Yes,ISO 9001,Medium,Partial,Partial
Square Infra Solutions 158,Pvt Ltd,2008,V7RTWE17D1,V03R60U3X2W8SBL,APS6VBNWQR,Sivaganga,9056297880,squareinfrasolutions158@example.com,www.squareinfra158.com,Pudukkottai,Owner 158,MD 158,221,Hierarchical,"Director A158, Director B158",Construction & Infrastructure,Roads & Buildings,Tamil Nadu,29,25,61620752,246464276,Moderate,45569974,67,50,"Excavators, Cranes, Concrete Mixers",High,229,No,Yes,ISO 45001,High,Compliant,Partial
Square Infra Solutions 159,Pvt Ltd,2014,5ZI4G7TAQ2,26CIJIJLHUJ1FZA,2B1Z3MJES6,Nilgiris,9124559722,squareinfrasolutions159@example.com,www.squareinfra159.com,Tiruvallur,Owner 159,MD 159,119,Hierarchical,"Director A159, Director B159",Construction & Infrastructure,Roads & Buildings,Tamil Nadu,8,25,110601953,35250100,Moderate,14164563,65,190,"Excavators, Cranes, Concrete Mixers",Low,177,Yes,Yes,ISO 45001,Medium,Partial,Non-Compliant
Square Infra Solutions 160,Ltd,2005,GWY71E8EXR,RQ6KP1CD2ZF1BJ0,V83D9NOAI9,Karur,9124083899,squareinfrasolutions160@example.com,www.squareinfra160.com,Coimbatore,Owner 160,MD 160,143,Hierarchical,"Director A160, Director B160",Construction & Infrastructure,Roads & Buildings,Tamil Nadu,29,24,140882577,120821044,At Risk,20319751,45,93,"Excavators, Cranes, Concrete Mixers",High,266,No,Yes,ISO 9001,Medium,Partial,Partial
Square Infra Solutions 161,Partnership,1995,BAWRL2JK6L,QVUCSTXIFHWC96P,B8JWKGUFJO,Viluppuram,9307086556,squareinfrasolutions161@example.com,www.squareinfra161.com,Nagapattinam,Owner 161,MD 161,366,Hierarchical,"Director A161, Director B161",Construction & Infrastructure,Roads & Buildings,Tamil Nadu,21,21,107552464,255952771,At Risk,23514006,86,61,"Excavators, Cranes, Concrete Mixers",Low,71,No,No,ISO 45001,Low,Non-Compliant,Partial
Square Infra Solutions 162,Ltd,2012,2RAKES1DDG,FPVU0FR5EB71TOH,WNHVUOFJAO,Tiruchirappalli,9663257244,squareinfrasolutions162@example.com,www.squareinfra162.com,Mayiladuthurai,Owner 162,MD 162,362,Hierarchical,"Director A162, Director B162",Construction & Infrastructure,Roads & Buildings,Tamil Nadu,22,15,126603834,198865479,At Risk,42726209,17,101,"Excavators, Cranes, Concrete Mixers",Low,183,Yes,No,ISO 45001,High,Non-Compliant,Partial
Square Infra Solutions 163,Ltd,2001,NTJXNAQSIS,9VFVO6L1JVI5SCA,A450F63GZM,Thoothukudi,9394910733,squareinfrasolutions163@example.com,www.squareinfra163.com,Dharmapuri,Owner 163,MD 163,449,Hierarchical,"Director A163, Director B163",Construction & Infrastructure,Roads & Buildings,Tamil Nadu,11,17,387554991,258552899,At Risk,46030378,42,181,"Excavators, Cranes, Concrete Mixers",Low,97,No,No,ISO 9001,Medium,Compliant,Non-Compliant
Square Infra Solutions 164,Ltd,2021,HBXJ8CCDWL,US1ATNGU4KDDTQX,LL933H3CJD,Kallakurichi,9659790776,squareinfrasolutions164@example.com,www.squareinfra164.com,Virudhunagar,Owner 164,MD 164,292,Hierarchical,"Director A164, Director B164",Construction & Infrastructure,Roads & Buildings,Tamil Nadu,14,6,397873424,47901153,At Risk,28833578,37,123,"Excavators, Cranes, Concrete Mixers",Medium,246,No,No,ISO 9001,High,Partial,Non-Compliant
Square Infra Solutions 165,Ltd,2009,G9FPFKS1Q0,1VX2RZ48SJF6WFS,ALY8A894BJ,Dharmapuri,9449293652,squareinfrasolutions165@example.com,www.squareinfra165.com,Theni,Owner 165,MD 165,123,Hierarchical,"Director A165, Director B165",Construction & Infrastructure,Roads & Buildings,Tamil Nadu,2,17,480864964,268918058,Stable,23409587,87,187,"Excavators, Cranes, Concrete Mixers",Medium,129,No,Yes,ISO 14001,Medium,Partial,Compliant
Square Infra Solutions 166,Ltd,2017,QTB8F281TP,E2ZF8AABEB6G7RM,3Z1AIUTTSX,Tiruppur,9689596406,squareinfrasolutions166@example.com,www.squareinfra166.com,Pudukkottai,Owner 166,MD 166,249,Hierarchical,"Director A166, Director B166",Construction & Infrastructure,Roads & Buildings,Tamil Nadu,10,15,331406140,193301423,Stable,40296499,84,51,"Excavators, Cranes, Concrete Mixers",High,68,Yes,No,Not Certified,Medium,Compliant,Compliant
Square Infra Solutions 167,Proprietorship,1996,4YPQJ3GCIW,4USG2RA084PR2GL,SX9CIKOMU2,Chennai,9068759732,squareinfrasolutions167@example.com,www.squareinfra167.com,Cuddalore,Owner 167,MD 167,46,Hierarchical,"Director A167, Director B167",Construction & Infrastructure,Roads & Buildings,Tamil Nadu,5,2,93391653,102559858,Moderate,45733707,5,163,"Excavators, Cranes, Concrete Mixers",Medium,64,No,Yes,ISO 9001,Medium,Non-Compliant,Compliant
Square Infra Solutions 168,Ltd,2002,41EW22FTIF,CKDWH67QDC2PLTP,1IRR5QUZG5,Erode,9658221231,squareinfrasolutions168@example.com,www.squareinfra168.com,Cuddalore,Owner 168,MD 168,360,Hierarchical,"Director A168, Director B168",Construction & Infrastructure,Roads & Buildings,Tamil Nadu,26,9,280094702,235538069,Moderate,39949457,63,77,"Excavators, Cranes, Concrete Mixers",Low,76,No,No,ISO 14001,Medium,Non-Compliant,Non-Compliant
Square Infra Solutions 169,Pvt Ltd,1999,8PPHC782MP,O0IGTAFB2QCPLEZ,2QACA936MD,Karur,9915447488,squareinfrasolutions169@example.com,www.squareinfra169.com,Thanjavur,Owner 169,MD 169,309,Hierarchical,"Director A169, Director B169",Construction & Infrastructure,Roads & Buildings,Tamil Nadu,27,6,326525949,182116452,Moderate,25906233,23,51,"Excavators, Cranes, Concrete Mixers",High,219,Yes,Yes,Multiple,High,Non-Compliant,Compliant
Square Infra Solutions 170,Partnership,2013,0T4QO03MPP,CHEY59YXIPBYGAF,G5DMFMKLIN,Vellore,9987293377,squareinfrasolutions170@example.com,www.squareinfra170.com,Nagapattinam,Owner 170,MD 170,426,Hierarchical,"Director A170, Director B170",Construction & Infrastructure,Roads & Buildings,Tamil Nadu,20,24,494930751,67663941,Moderate,27595081,75,57,"Excavators, Cranes, Concrete Mixers",Medium,107,Yes,Yes,Multiple,Low,Non-Compliant,Non-Compliant
Square Infra Solutions 171,Proprietorship,2005,YFEV04MHP1,1A34RD2VXDUD7QT,QDRNRTJWC3,Ariyalur,9324979150,squareinfrasolutions171@example.com,www.squareinfra171.com,Tiruppur,Owner 171,MD 171,89,Hierarchical,"Director A171, Director B171",Construction & Infrastructure,Roads & Buildings,Tamil Nadu,21,11,374098402,236833039,At Risk,35840027,45,156,"Excavators, Cranes, Concrete Mixers",Low,165,No,Yes,ISO 45001,Medium,Non-Compliant,Compliant
Square Infra Solutions 172,Partnership,2011,WDHA8QGSKK,2NZ56SDXN81E1XV,5XVDZVZDS4,Nilgiris,9519005017,squareinfrasolutions172@example.com,www.squareinfra172.com,Kallakurichi,Owner 172,MD 172,202,Hierarchical,"Director A172, Director B172",Construction & Infrastructure,Roads & Buildings,Tamil Nadu,22,12,180579468,231755244,Stable,10235521,37,150,"Excavators, Cranes, Concrete Mixers",Medium,171,No,No,ISO 9001,High,Partial,Non-Compliant
Square Infra Solutions 173,Pvt Ltd,2000,7I5K0ZXFDQ,PAFOJI45ZL8YZDQ,Y3NS812XYC,Ranipet,9474520185,squareinfrasolutions173@example.com,www.squareinfra173.com,Ranipet,Owner 173,MD 173,283,Hierarchical,"Director A173, Director B173",Construction & Infrastructure,Roads & Buildings,Tamil Nadu,29,23,109768455,60979807,At Risk,22145632,70,125,"Excavators, Cranes, Concrete Mixers",High,150,No,No,ISO 14001,Low,Non-Compliant,Non-Compliant
Square Infra Solutions 174,Proprietorship,2004,MZK55HMA8B,XUFXTUN68KTRS3Z,V9WI0YDSRW,Ramanathapuram,9488553629,squareinfrasolutions174@example.com,www.squareinfra174.com,Pudukkottai,Owner 174,MD 174,195,Hierarchical,"Director A174, Director B174",Construction & Infrastructure,Roads & Buildings,Tamil Nadu,21,19,65509067,182667795,Moderate,42143040,32,139,"Excavators, Cranes, Concrete Mixers",High,188,Yes,Yes,ISO 9001,Low,Non-Compliant,Compliant
Square Infra Solutions 175,Ltd,2013,MRABWTR2XZ,CDLSBHM74WFQHGI,XNZ0ZF30TI,Kanniyakumari,9864293189,squareinfrasolutions175@example.com,www.squareinfra175.com,Tiruchirappalli,Owner 175,MD 175,418,Hierarchical,"Director A175, Director B175",Construction & Infrastructure,Roads & Buildings,Tamil Nadu,13,15,90130787,53150634,Stable,16348769,68,120,"Excavators, Cranes, Concrete Mixers",Medium,21,No,Yes,ISO 14001,Medium,Compliant,Non-Compliant
Square Infra Solutions 176,Proprietorship,2016,2ZU6MQUUU9,SHZW806PB3YZF18,44990XHLQV,Dharmapuri,9820058597,squareinfrasolutions176@example.com,www.squareinfra176.com,Kanniyakumari,Owner 176,MD 176,343,Hierarchical,"Director A176, Director B176",Construction & Infrastructure,Roads & Buildings,Tamil Nadu,23,22,208795408,62970752,At Risk,35085265,88,53,"Excavators, Cranes, Concrete Mixers",Medium,46,Yes,No,ISO 14001,Medium,Compliant,Non-Compliant
Square Infra Solutions 177,Ltd,2018,YG65ERS2NY,45SQV1LMEUXIVBO,7GA4JJD8T4,Nagapattinam,9508923747,squareinfrasolutions177@example.com,www.squareinfra177.com,Nagapattinam,Owner 177,MD 177,53,Hierarchical,"Director A177, Director B177",Construction & Infrastructure,Roads & Buildings,Tamil Nadu,21,25,367507679,242504700,At Risk,20822982,11,189,"Excavators, Cranes, Concrete Mixers",Medium,95,Yes,No,Not Certified,Medium,Compliant,Compliant
Square Infra Solutions 178,Proprietorship,2016,Y1EKSAIYM9,WNC5CCPLZ59NYI8,W2M5ESO3T9,Ranipet,9729577746,squareinfrasolutions178@example.com,www.squareinfra178.com,Viluppuram,Owner 178,MD 178,323,Hierarchical,"Director A178, Director B178",Construction & Infrastructure,Roads & Buildings,Tamil Nadu,18,17,288027183,112457345,Moderate,38685999,43,126,"Excavators, Cranes, Concrete Mixers",Medium,279,No,No,Multiple,High,Compliant,Non-Compliant
Square Infra Solutions 179,Partnership,2020,LN1GK3YPCZ,N8I7YISOBK6NPVK,XPCJCCZ664,Thoothukudi,9419819930,squareinfrasolutions179@example.com,www.squareinfra179.com,Salem,Owner 179,MD 179,318,Hierarchical,"Director A179, Director B179",Construction & Infrastructure,Roads & Buildings,Tamil Nadu,11,4,271416272,159570828,Stable,40777653,99,33,"Excavators, Cranes, Concrete Mixers",High,181,No,No,ISO 9001,Low,Non-Compliant,Non-Compliant
Square Infra Solutions 180,Proprietorship,2019,4CW0TRNRBD,EYRQ8U8AWMR79ZG,SKRJ56E5J6,Madurai,9417572901,squareinfrasolutions180@example.com,www.squareinfra180.com,Tiruvannamalai,Owner 180,MD 180,298,Hierarchical,"Director A180, Director B180",Construction & Infrastructure,Roads & Buildings,Tamil Nadu,5,17,477312667,94160690,Moderate,49529728,84,74,"Excavators, Cranes, Concrete Mixers",Medium,17,No,Yes,Not Certified,Medium,Partial,Non-Compliant
Square Infra Solutions 181,Partnership,1999,EAUVQH4VPU,STKQ19EZ1DJ0KMG,K5N54DIF9I,Krishnagiri,9007476078,squareinfrasolutions181@example.com,www.squareinfra181.com,Perambalur,Owner 181,MD 181,450,Hierarchical,"Director A181, Director B181",Construction & Infrastructure,Roads & Buildings,Tamil Nadu,27,14,97153884,188159258,Moderate,27044869,56,130,"Excavators, Cranes, Concrete Mixers",Medium,262,No,Yes,ISO 14001,High,Non-Compliant,Compliant
Square Infra Solutions 182,Pvt Ltd,2020,5E77ENAUS1,71FOIH4QHICX3TX,KVUQ3927D7,Tirunelveli,9939617103,squareinfrasolutions182@example.com,www.squareinfra182.com,Virudhunagar,Owner 182,MD 182,93,Hierarchical,"Director A182, Director B182",Construction & Infrastructure,Roads & Buildings,Tamil Nadu,10,10,354853874,241717870,Stable,19442252,84,115,"Excavators, Cranes, Concrete Mixers",Medium,33,Yes,No,ISO 14001,Low,Partial,Non-Compliant
Square Infra Solutions 183,Proprietorship,1995,C420Q63Y2U,K21VX32C2UIF8AN,VXK8UAAOBL,Karur,9815970545,squareinfrasolutions183@example.com,www.squareinfra183.com,Tenkasi,Owner 183,MD 183,117,Hierarchical,"Director A183, Director B183",Construction & Infrastructure,Roads & Buildings,Tamil Nadu,8,7,207131584,157789733,Moderate,43605043,26,113,"Excavators, Cranes, Concrete Mixers",High,165,No,No,ISO 14001,Low,Compliant,Partial
Square Infra Solutions 184,Ltd,2014,C4MUHHN54C,6BD7SJ9DDSFHBGN,X3VOQYAW9T,Kallakurichi,9235206459,squareinfrasolutions184@example.com,www.squareinfra184.com,Viluppuram,Owner 184,MD 184,44,Hierarchical,"Director A184, Director B184",Construction & Infrastructure,Roads & Buildings,Tamil Nadu,2,15,49427053,56777606,At Risk,24554104,22,172,"Excavators, Cranes, Concrete Mixers",Low,119,No,No,ISO 9001,Low,Non-Compliant,Non-Compliant
Square Infra Solutions 185,Pvt Ltd,2002,6J2B9CULAE,OHECXD730266XTY,M1J06611ZE,Krishnagiri,9643461649,squareinfrasolutions185@example.com,www.squareinfra185.com,Tenkasi,Owner 185,MD 185,420,Hierarchical,"Director A185, Director B185",Construction & Infrastructure,Roads & Buildings,Tamil Nadu,20,20,34085620,269409566,Stable,9666075,63,13,"Excavators, Cranes, Concrete Mixers",Low,84,No,Yes,ISO 9001,Low,Partial,Partial
Square Infra Solutions 186,Partnership,2021,RDA80ZHAZI,P9VIUOYJU94VETC,PP5AWDV9UL,Tiruchirappalli,9214988788,squareinfrasolutions186@example.com,www.squareinfra186.com,Tirunelveli,Owner 186,MD 186,452,Hierarchical,"Director A186, Director B186",Construction & Infrastructure,Roads & Buildings,Tamil Nadu,12,23,100646693,293618260,Stable,38161823,25,21,"Excavators, Cranes, Concrete Mixers",Medium,19,Yes,Yes,ISO 14001,Low,Partial,Partial
Square Infra Solutions 187,Partnership,2009,C7IE92W2Y4,F27R94I1MEWL5OZ,RR8EANAVCP,Tirunelveli,9450595255,squareinfrasolutions187@example.com,www.squareinfra187.com,Cuddalore,Owner 187,MD 187,474,Hierarchical,"Director A187, Director B187",Construction & Infrastructure,Roads & Buildings,Tamil Nadu,11,22,43136624,166862031,Moderate,16864744,31,127,"Excavators, Cranes, Concrete Mixers",Medium,282,Yes,No,Not Certified,Low,Non-Compliant,Compliant
Square Infra Solutions 188,Pvt Ltd,2012,8ZY04XE0O2,NFFC75D9G59395V,AUPG5BKI32,Namakkal,9241633478,squareinfrasolutions188@example.com,www.squareinfra188.com,Chennai,Owner 188,MD 188,449,Hierarchical,"Director A188, Director B188",Construction & Infrastructure,Roads & Buildings,Tamil Nadu,25,8,292246202,291783327,Moderate,32017328,6,100,"Excavators, Cranes, Concrete Mixers",Medium,77,Yes,No,ISO 14001,Low,Compliant,Compliant
Square Infra Solutions 189,Partnership,1996,J4PQHYWU3V,DVQ50YMAL3I36RJ,IPI1T3YEFQ,Dharmapuri,9619644248,squareinfrasolutions189@example.com,www.squareinfra189.com,Kallakurichi,Owner 189,MD 189,221,Hierarchical,"Director A189, Director B189",Construction & Infrastructure,Roads & Buildings,Tamil Nadu,21,22,165727976,24111007,Stable,12499201,24,112,"Excavators, Cranes, Concrete Mixers",Low,148,No,No,Not Certified,Medium,Non-Compliant,Non-Compliant
Square Infra Solutions 190,Proprietorship,2006,8EODYPAX55,C4LE1A3E01R0JS9,LSJDV5508K,Thanjavur,9490773394,squareinfrasolutions190@example.com,www.squareinfra190.com,Tirunelveli,Owner 190,MD 190,392,Hierarchical,"Director A190, Director B190",Construction & Infrastructure,Roads & Buildings,Tamil Nadu,27,21,67777233,286838067,Moderate,2211650,94,43,"Excavators, Cranes, Concrete Mixers",Low,99,Yes,Yes,ISO 45001,High,Partial,Compliant
Square Infra Solutions 191,Ltd,2009,2BRNT6JTDB,QJPM9NRYIFE7Z0P,WT0ZV4PV6Q,Namakkal,9725828494,squareinfrasolutions191@example.com,www.squareinfra191.com,Erode,Owner 191,MD 191,141,Hierarchical,"Director A191, Director B191",Construction & Infrastructure,Roads & Buildings,Tamil Nadu,29,21,392969255,36258554,Stable,2606504,62,151,"Excavators, Cranes, Concrete Mixers",Medium,5,Yes,No,Multiple,Medium,Partial,Non-Compliant
Square Infra Solutions 192,Proprietorship,2012,ZG1YIPNDVD,0H9O944IWRBMGJF,CRCB5PMNPC,Erode,9023194544,squareinfrasolutions192@example.com,www.squareinfra192.com,Pudukkottai,Owner 192,MD 192,328,Hierarchical,"Director A192, Director B192",Construction & Infrastructure,Roads & Buildings,Tamil Nadu,16,19,326657241,191885139,At Risk,19339212,78,172,"Excavators, Cranes, Concrete Mixers",Low,17,No,No,Not Certified,Medium,Non-Compliant,Non-Compliant
Square Infra Solutions 193,Partnership,2010,Y051QDKXV1,J0RE6LLN3NZRSQQ,6BCYF6AZEY,Tiruppur,9761862736,squareinfrasolutions193@example.com,www.squareinfra193.com,Kancheepuram,Owner 193,MD 193,264,Hierarchical,"Director A193, Director B193",Construction & Infrastructure,Roads & Buildings,Tamil Nadu,1,24,290231098,295014061,Stable,4680571,68,92,"Excavators, Cranes, Concrete Mixers",Low,117,Yes,Yes,Multiple,High,Compliant,Non-Compliant
Square Infra Solutions 194,Partnership,2001,6UAVT7J8ZL,FTVXBH90J0WK76T,ANVBSVANIS,Nagapattinam,9153956261,squareinfrasolutions194@example.com,www.squareinfra194.com,Virudhunagar,Owner 194,MD 194,239,Hierarchical,"Director A194, Director B194",Construction & Infrastructure,Roads & Buildings,Tamil Nadu,18,9,484744744,3485856,At Risk,32420152,50,30,"Excavators, Cranes, Concrete Mixers",Low,190,Yes,Yes,Not Certified,High,Partial,Partial
Square Infra Solutions 195,Proprietorship,2018,0N5Y67MM04,Q8S00Y9V8DEE3R2,2X8LM73I4W,Cuddalore,9799772908,squareinfrasolutions195@example.com,www.squareinfra195.com,Kancheepuram,Owner 195,MD 195,321,Hierarchical,"Director A195, Director B195",Construction & Infrastructure,Roads & Buildings,Tamil Nadu,8,7,91050347,56664221,Stable,5883831,23,43,"Excavators, Cranes, Concrete Mixers",Medium,274,No,No,ISO 45001,Low,Non-Compliant,Compliant
Square Infra Solutions 196,Pvt Ltd,2022,NRUH373S36,8W5LLINWEEICA0F,PPZU58JYQ7,Namakkal,9588932126,squareinfrasolutions196@example.com,www.squareinfra196.com,Krishnagiri,Owner 196,MD 196,107,Hierarchical,"Director A196, Director B196",Construction & Infrastructure,Roads & Buildings,Tamil Nadu,15,24,78748034,140539780,At Risk,44361593,74,32,"Excavators, Cranes, Concrete Mixers",High,22,No,Yes,Not Certified,Low,Non-Compliant,Partial
Square Infra Solutions 197,Pvt Ltd,2010,J2YVHRDUS2,IA17DV7BGV38H4U,2X08873U41,Namakkal,9252387389,squareinfrasolutions197@example.com,www.squareinfra197.com,Ramanathapuram,Owner 197,MD 197,334,Hierarchical,"Director A197, Director B197",Construction & Infrastructure,Roads & Buildings,Tamil Nadu,3,23,124419617,72627565,At Risk,1447813,7,191,"Excavators, Cranes, Concrete Mixers",Medium,289,Yes,No,ISO 14001,High,Partial,Non-Compliant
Square Infra Solutions 198,Partnership,2018,WGZ0SH906E,Q6U4Y94AGW8UULV,09KWX5VGP0,Tirupathur,9596279981,squareinfrasolutions198@example.com,www.squareinfra198.com,Vellore,Owner 198,MD 198,256,Hierarchical,"Director A198, Director B198",Construction & Infrastructure,Roads & Buildings,Tamil Nadu,9,4,144555432,25662773,Moderate,32898127,44,106,"Excavators, Cranes, Concrete Mixers",High,188,Yes,No,Not Certified,High,Compliant,Partial
Square Infra Solutions 199,Partnership,2016,137BF1ZT3N,LJSTW7BEIRBDIKN,2QWFRC4CYA,Krishnagiri,9439787221,squareinfrasolutions199@example.com,www.squareinfra199.com,Tiruvallur,Owner 199,MD 199,390,Hierarchical,"Director A199, Director B199",Construction & Infrastructure,Roads & Buildings,Tamil Nadu,3,13,343877829,72735442,Stable,32734920,83,72,"Excavators, Cranes, Concrete Mixers",High,199,No,No,Not Certified,Low,Partial,Non-Compliant
Square Infra Solutions 200,Pvt Ltd,1996,LEOG28PW4F,UHVG5N7CKPIM219,17VIBQSY71,Pudukkottai,9987140537,squareinfrasolutions200@example.com,www.squareinfra200.com,Tiruvarur,Owner 200,MD 200,194,Hierarchical,"Director A200, Director B200",Construction & Infrastructure,Roads & Buildings,Tamil Nadu,3,7,102846653,204405124,At Risk,22682104,25,84,"Excavators, Cranes, Concrete Mixers",Medium,126,Yes,No,ISO 14001,Medium,Non-Compliant,Partial
Square Infra Solutions 201,Proprietorship,2006,67J2YPZVZN,IHTVR9Y0PBHJIZB,ZSWL855QE6,Dharmapuri,9431791156,squareinfrasolutions201@example.com,www.squareinfra201.com,Chennai,Owner 201,MD 201,408,Hierarchical,"Director A201, Director B201",Construction & Infrastructure,Roads & Buildings,Tamil Nadu,5,9,17068587,163010217,At Risk,35044223,21,87,"Excavators, Cranes, Concrete Mixers",Low,86,No,No,Not Certified,Medium,Non-Compliant,Compliant
Square Infra Solutions 202,Ltd,2008,VKMFDSHG4C,ES3ETN23P1B49G8,6CXA80WAFS,Tiruvallur,9954867545,squareinfrasolutions202@example.com,www.squareinfra202.com,Sivaganga,Owner 202,MD 202,77,Hierarchical,"Director A202, Director B202",Construction & Infrastructure,Roads & Buildings,Tamil Nadu,22,11,213105504,151047700,Stable,1531091,64,27,"Excavators, Cranes, Concrete Mixers",High,11,No,Yes,ISO 45001,Medium,Compliant,Compliant
Square Infra Solutions 203,Pvt Ltd,1997,SYWXZ0M159,O5GDEA09MKQMCPK,ID8MGG1OIP,Salem,9569631039,squareinfrasolutions203@example.com,www.squareinfra203.com,Krishnagiri,Owner 203,MD 203,102,Hierarchical,"Director A203, Director B203",Construction & Infrastructure,Roads & Buildings,Tamil Nadu,21,14,279338009,114484040,Moderate,29476196,51,36,"Excavators, Cranes, Concrete Mixers",High,164,No,No,ISO 14001,Medium,Non-Compliant,Non-Compliant
Square Infra Solutions 204,Partnership,2000,WAH65P1CWW,7VIBT6IVAMSR4DA,C2QK744JJC,Dharmapuri,9097630319,squareinfrasolutions204@example.com,www.squareinfra204.com,Tirunelveli,Owner 204,MD 204,138,Hierarchical,"Director A204, Director B204",Construction & Infrastructure,Roads & Buildings,Tamil Nadu,22,21,239128258,33623941,Moderate,45673240,37,33,"Excavators, Cranes, Concrete Mixers",High,266,No,No,ISO 45001,Medium,Partial,Compliant
Square Infra Solutions 205,Proprietorship,2001,P0BGJMC69B,9ZGD2HMR0DKQPLX,92X6PPSM3L,Chengalpattu,9237179664,squareinfrasolutions205@example.com,www.squareinfra205.com,Mayiladuthurai,Owner 205,MD 205,363,Hierarchical,"Director A205, Director B205",Construction & Infrastructure,Roads & Buildings,Tamil Nadu,13,22,160097138,281059366,Moderate,30440730,46,65,"Excavators, Cranes, Concrete Mixers",High,241,Yes,Yes,ISO 9001,Low,Non-Compliant,Partial
Square Infra Solutions 206,Ltd,2007,MLQ03PGI2E,J6RMTQUJVPMNK6D,D664Y0KUT6,Namakkal,9686161432,squareinfrasolutions206@example.com,www.squareinfra206.com,Karur,Owner 206,MD 206,281,Hierarchical,"Director A206, Director B206",Construction & Infrastructure,Roads & Buildings,Tamil Nadu,26,18,315446404,76346088,At Risk,33736556,47,101,"Excavators, Cranes, Concrete Mixers",Low,97,No,No,ISO 45001,Low,Non-Compliant,Compliant
Square Infra Solutions 207,Proprietorship,2007,4XHI6RTHDT,HTI5BITDACXG4N9,3GAIAKFF5O,Nagapattinam,9560497730,squareinfrasolutions207@example.com,www.squareinfra207.com,Mayiladuthurai,Owner 207,MD 207,115,Hierarchical,"Director A207, Director B207",Construction & Infrastructure,Roads & Buildings,Tamil Nadu,7,18,61849270,66949194,Stable,3209711,88,139,"Excavators, Cranes, Concrete Mixers",Medium,146,No,Yes,ISO 9001,Medium,Partial,Non-Compliant
Square Infra Solutions 208,Partnership,2005,CACFNMH68N,3ANQXFGD04VO5BC,C8K86E1EB8,Tirupathur,9213176131,squareinfrasolutions208@example.com,www.squareinfra208.com,Virudhunagar,Owner 208,MD 208,17,Hierarchical,"Director A208, Director B208",Construction & Infrastructure,Roads & Buildings,Tamil Nadu,23,6,154063270,14981989,Moderate,2203771,34,146,"Excavators, Cranes, Concrete Mixers",Medium,117,No,No,Not Certified,High,Compliant,Compliant
Square Infra Solutions 209,Ltd,2016,G9ERYID2ZK,4MATMVLP3N4Y8Z3,CK4VFEJXDR,Pudukkottai,9239449166,squareinfrasolutions209@example.com,www.squareinfra209.com,Nagapattinam,Owner 209,MD 209,212,Hierarchical,"Director A209, Director B209",Construction & Infrastructure,Roads & Buildings,Tamil Nadu,26,6,385318002,298460979,Stable,24298293,38,153,"Excavators, Cranes, Concrete Mixers",Medium,124,Yes,No,Not Certified,Low,Non-Compliant,Non-Compliant
Square Infra Solutions 210,Pvt Ltd,2019,R906JZ6JGU,Y70I1SEZ076SPMG,HIB1KH4ST1,Kanniyakumari,9113626264,squareinfrasolutions210@example.com,www.squareinfra210.com,Dindigul,Owner 210,MD 210,331,Hierarchical,"Director A210, Director B210",Construction & Infrastructure,Roads & Buildings,Tamil Nadu,21,3,357942841,203189277,At Risk,32661826,36,86,"Excavators, Cranes, Concrete Mixers",High,88,No,Yes,ISO 14001,Low,Non-Compliant,Non-Compliant
Square Infra Solutions 211,Ltd,2020,ZT454N73QJ,B2FJNMEVD3RISJL,5H0DSOM3XR,Madurai,9162579196,squareinfrasolutions211@example.com,www.squareinfra211.com,Tiruppur,Owner 211,MD 211,17,Hierarchical,"Director A211, Director B211",Construction & Infrastructure,Roads & Buildings,Tamil Nadu,19,6,401214621,99748801,Moderate,35504549,24,158,"Excavators, Cranes, Concrete Mixers",Medium,276,No,Yes,Not Certified,Low,Compliant,Non-Compliant
Square Infra Solutions 212,Ltd,2009,52EI1J1GAO,59WWZUOYC25QBCH,P3IUZ63J63,Pudukkottai,9334331169,squareinfrasolutions212@example.com,www.squareinfra212.com,Tiruvallur,Owner 212,MD 212,222,Hierarchical,"Director A212, Director B212",Construction & Infrastructure,Roads & Buildings,Tamil Nadu,9,13,278866496,104799372,Moderate,16400221,91,171,"Excavators, Cranes, Concrete Mixers",Low,69,Yes,No,Multiple,Low,Compliant,Partial
Square Infra Solutions 213,Partnership,1997,KE1W1CPUGT,IXQDOJMFLMZ143S,IU0TYB31ZC,Pudukkottai,9707110336,squareinfrasolutions213@example.com,www.squareinfra213.com,Pudukkottai,Owner 213,MD 213,275,Hierarchical,"Director A213, Director B213",Construction & Infrastructure,Roads & Buildings,Tamil Nadu,15,23,491074745,208964588,Stable,48145498,25,34,"Excavators, Cranes, Concrete Mixers",Low,247,No,Yes,Not Certified,Medium,Compliant,Partial
Square Infra Solutions 214,Pvt Ltd,1997,J2ALBNE8IP,F57270XQIWSFL5F,UW86ONVOJU,Namakkal,9563993130,squareinfrasolutions214@example.com,www.squareinfra214.com,Theni,Owner 214,MD 214,312,Hierarchical,"Director A214, Director B214",Construction & Infrastructure,Roads & Buildings,Tamil Nadu,23,17,455769483,147336053,At Risk,11076667,95,199,"Excavators, Cranes, Concrete Mixers",Low,85,Yes,No,Multiple,High,Partial,Partial
Square Infra Solutions 215,Ltd,2009,9DQT6XIG8Y,CQ871RXALDMJG1K,WHXMCPPZ97,Tiruvallur,9149459147,squareinfrasolutions215@example.com,www.squareinfra215.com,Tenkasi,Owner 215,MD 215,218,Hierarchical,"Director A215, Director B215",Construction & Infrastructure,Roads & Buildings,Tamil Nadu,20,10,215197631,270761991,Moderate,46824112,10,141,"Excavators, Cranes, Concrete Mixers",High,93,Yes,No,Not Certified,Low,Non-Compliant,Partial
Square Infra Solutions 216,Proprietorship,1999,8V6UN3ACIW,MG862MYR4GBPWBD,49N3T344DJ,Tiruppur,9811373366,squareinfrasolutions216@example.com,www.squareinfra216.com,Dharmapuri,Owner 216,MD 216,195,Hierarchical,"Director A216, Director B216",Construction & Infrastructure,Roads & Buildings,Tamil Nadu,11,18,245925365,49486109,At Risk,6231010,16,84,"Excavators, Cranes, Concrete Mixers",Medium,117,Yes,No,ISO 14001,High,Partial,Non-Compliant
Square Infra Solutions 217,Partnership,2020,S1E6MFEHTK,GT8BXPVHQWXJWKH,U7EIBQG0P6,Perambalur,9406737835,squareinfrasolutions217@example.com,www.squareinfra217.com,Krishnagiri,Owner 217,MD 217,409,Hierarchical,"Director A217, Director B217",Construction & Infrastructure,Roads & Buildings,Tamil Nadu,2,11,106761102,144494831,Moderate,34600403,21,51,"Excavators, Cranes, Concrete Mixers",Medium,193,No,No,ISO 45001,Low,Partial,Compliant
Square Infra Solutions 218,Partnership,1995,CY9NNAM5E5,F2AQGZBPM3R4SYC,XD5WNR1LYT,Virudhunagar,9893922858,squareinfrasolutions218@example.com,www.squareinfra218.com,Madurai,Owner 218,MD 218,336,Hierarchical,"Director A218, Director B218",Construction & Infrastructure,Roads & Buildings,Tamil Nadu,23,2,375543872,85593632,Stable,13046399,37,37,"Excavators, Cranes, Concrete Mixers",Medium,219,Yes,Yes,Not Certified,High,Compliant,Partial
Square Infra Solutions 219,Pvt Ltd,2019,0TOIJ4HO6S,FPWPMGGMNYM98L7,KY1RS4E8IR,Thanjavur,9772935577,squareinfrasolutions219@example.com,www.squareinfra219.com,Cuddalore,Owner 219,MD 219,377,Hierarchical,"Director A219, Director B219",Construction & Infrastructure,Roads & Buildings,Tamil Nadu,29,14,219173749,22450060,Moderate,37657259,9,52,"Excavators, Cranes, Concrete Mixers",High,166,No,Yes,Not Certified,Medium,Non-Compliant,Partial
Square Infra Solutions 220,Partnership,2001,WTMQ3DK4XI,Z76QBMVPWNQTH0Z,24BBCWF2QO,Mayiladuthurai,9981554727,squareinfrasolutions220@example.com,www.squareinfra220.com,Tiruvarur,Owner 220,MD 220,107,Hierarchical,"Director A220, Director B220",Construction & Infrastructure,Roads & Buildings,Tamil Nadu,8,14,355765678,87446737,Stable,41412605,79,151,"Excavators, Cranes, Concrete Mixers",Medium,135,No,No,Multiple,High,Compliant,Compliant
Square Infra Solutions 221,Partnership,2003,NT91YYTZKN,D73JGPY44L9WJ5I,DEAHFH9E2W,Ramanathapuram,9599776780,squareinfrasolutions221@example.com,www.squareinfra221.com,Nagapattinam,Owner 221,MD 221,407,Hierarchical,"Director A221, Director B221",Construction & Infrastructure,Roads & Buildings,Tamil Nadu,2,14,466610705,18365392,At Risk,25481001,41,149,"Excavators, Cranes, Concrete Mixers",Low,92,No,Yes,Multiple,High,Compliant,Non-Compliant
Square Infra Solutions 222,Proprietorship,2012,GZ2AEURWFM,4F5GHRQS9DI2LZ2,CJ5OMYUYWD,Ranipet,9370351403,squareinfrasolutions222@example.com,www.squareinfra222.com,Kallakurichi,Owner 222,MD 222,28,Hierarchical,"Director A222, Director B222",Construction & Infrastructure,Roads & Buildings,Tamil Nadu,18,2,274095696,159424444,Stable,21009634,29,160,"Excavators, Cranes, Concrete Mixers",Low,38,No,No,ISO 14001,Low,Non-Compliant,Partial
Square Infra Solutions 223,Ltd,2007,AA91AAVAAW,9UT39GN1OERZ86A,VP9AI3BV26,Thanjavur,9539237818,squareinfrasolutions223@example.com,www.squareinfra223.com,Thoothukudi,Owner 223,MD 223,490,Hierarchical,"Director A223, Director B223",Construction & Infrastructure,Roads & Buildings,Tamil Nadu,5,2,166868670,22382125,Stable,2151747,83,163,"Excavators, Cranes, Concrete Mixers",Low,56,No,Yes,Multiple,Low,Partial,Non-Compliant
Square Infra Solutions 224,Pvt Ltd,2018,YW3PDRM3J2,0I1X0SSN8UWO1F7,MT3CW97Z0I,Perambalur,9816610142,squareinfrasolutions224@example.com,www.squareinfra224.com,Dharmapuri,Owner 224,MD 224,131,Hierarchical,"Director A224, Director B224",Construction & Infrastructure,Roads & Buildings,Tamil Nadu,3,12,139794616,27139380,Moderate,21537214,88,43,"Excavators, Cranes, Concrete Mixers",Low,86,No,No,ISO 14001,Low,Non-Compliant,Partial
Square Infra Solutions 225,Proprietorship,1997,N06EZZGUDR,FILJMVIEO0673TL,9RWUKZXPFU,Mayiladuthurai,9225277828,squareinfrasolutions225@example.com,www.squareinfra225.com,Theni,Owner 225,MD 225,293,Hierarchical,"Director A225, Director B225",Construction & Infrastructure,Roads & Buildings,Tamil Nadu,12,10,32756104,185413424,Moderate,42927424,78,63,"Excavators, Cranes, Concrete Mixers",High,26,No,Yes,Multiple,Medium,Non-Compliant,Partial
Square Infra Solutions 226,Ltd,2012,EFV2DK9N0B,G6J5L0UKZ0DNRBG,ZZ2KCO0L2W,Nilgiris,9178458619,squareinfrasolutions226@example.com,www.squareinfra226.com,Tiruchirappalli,Owner 226,MD 226,340,Hierarchical,"Director A226, Director B226",Construction & Infrastructure,Roads & Buildings,Tamil Nadu,28,16,169569324,204239359,Stable,34318740,50,68,"Excavators, Cranes, Concrete Mixers",Low,139,No,Yes,Not Certified,Low,Non-Compliant,Compliant
Square Infra Solutions 227,Ltd,1995,D0K9ZLG7IA,0DM0JMK482YMT46,KGEUJPVG6V,Karur,9090029397,squareinfrasolutions227@example.com,www.squareinfra227.com,Tiruvarur,Owner 227,MD 227,460,Hierarchical,"Director A227, Director B227",Construction & Infrastructure,Roads & Buildings,Tamil Nadu,20,17,402274061,118266365,Moderate,31536723,82,144,"Excavators, Cranes, Concrete Mixers",Medium,218,No,Yes,Not Certified,High,Compliant,Non-Compliant
Square Infra Solutions 228,Pvt Ltd,2008,KDJD2BWU6P,HY1MH9T995YGED6,DJ1H8HT2PT,Tiruvallur,9757103039,squareinfrasolutions228@example.com,www.squareinfra228.com,Erode,Owner 228,MD 228,94,Hierarchical,"Director A228, Director B228",Construction & Infrastructure,Roads & Buildings,Tamil Nadu,8,24,496480764,25181776,At Risk,38571956,35,176,"Excavators, Cranes, Concrete Mixers",High,13,No,Yes,Not Certified,Low,Partial,Compliant
Square Infra Solutions 229,Partnership,2010,LXFOTA4ENQ,EH4GWPJ2678R2D1,KUW3F2DAIW,Nilgiris,9063739668,squareinfrasolutions229@example.com,www.squareinfra229.com,Ariyalur,Owner 229,MD 229,239,Hierarchical,"Director A229, Director B229",Construction & Infrastructure,Roads & Buildings,Tamil Nadu,18,14,75681191,10688536,Stable,6419960,50,155,"Excavators, Cranes, Concrete Mixers",High,175,Yes,Yes,ISO 45001,Low,Partial,Partial
Square Infra Solutions 230,Ltd,2021,X0RHLFJXT6,9L07OJ9RAKJNH3B,D326SZJKJF,Theni,9665218394,squareinfrasolutions230@example.com,www.squareinfra230.com,Nilgiris,Owner 230,MD 230,134,Hierarchical,"Director A230, Director B230",Construction & Infrastructure,Roads & Buildings,Tamil Nadu,20,10,136271863,58852387,Stable,45115872,32,98,"Excavators, Cranes, Concrete Mixers",Medium,281,Yes,Yes,ISO 45001,Medium,Non-Compliant,Compliant
Square Infra Solutions 231,Partnership,2019,4N4KH63UBT,BMSCG5PINFMPKZA,MVH5XC5WPE,Erode,9442283681,squareinfrasolutions231@example.com,www.squareinfra231.com,Mayiladuthurai,Owner 231,MD 231,496,Hierarchical,"Director A231, Director B231",Construction & Infrastructure,Roads & Buildings,Tamil Nadu,12,24,193842176,162190241,Stable,32918071,11,124,"Excavators, Cranes, Concrete Mixers",High,132,Yes,Yes,ISO 9001,Medium,Partial,Non-Compliant
Square Infra Solutions 232,Proprietorship,2014,40WW2Z2JKO,I84191DN43MZZ2K,8AUC9SLONL,Ariyalur,9146725233,squareinfrasolutions232@example.com,www.squareinfra232.com,Ariyalur,Owner 232,MD 232,285,Hierarchical,"Director A232, Director B232",Construction & Infrastructure,Roads & Buildings,Tamil Nadu,6,20,439711886,185802000,Moderate,40194113,21,67,"Excavators, Cranes, Concrete Mixers",Low,299,Yes,No,ISO 45001,Low,Non-Compliant,Non-Compliant
Square Infra Solutions 233,Proprietorship,2020,LMK3NVHO22,79UN77MTNMIR0EE,QK71ENC2FS,Chennai,9826129732,squareinfrasolutions233@example.com,www.squareinfra233.com,Erode,Owner 233,MD 233,266,Hierarchical,"Director A233, Director B233",Construction & Infrastructure,Roads & Buildings,Tamil Nadu,12,19,331726367,23539623,Moderate,48409139,30,149,"Excavators, Cranes, Concrete Mixers",High,158,Yes,No,ISO 9001,Low,Partial,Compliant
Square Infra Solutions 234,Partnership,2019,UKAW5A2P5J,GXGR0Q6XA4ATYR6,16FUSBPT7R,Dharmapuri,9802168359,squareinfrasolutions234@example.com,www.squareinfra234.com,Madurai,Owner 234,MD 234,205,Hierarchical,"Director A234, Director B234",Construction & Infrastructure,Roads & Buildings,Tamil Nadu,29,15,51044844,280597221,Stable,23590164,74,147,"Excavators, Cranes, Concrete Mixers",High,141,Yes,No,Not Certified,High,Compliant,Partial
Square Infra Solutions 235,Proprietorship,2001,MAJ4W97T45,2ERK602BV7T5CEN,KILYKLG69D,Theni,9826152964,squareinfrasolutions235@example.com,www.squareinfra235.com,Tiruvannamalai,Owner 235,MD 235,372,Hierarchical,"Director A235, Director B235",Construction & Infrastructure,Roads & Buildings,Tamil Nadu,12,4,124571742,165943741,Moderate,17172420,78,48,"Excavators, Cranes, Concrete Mixers",Medium,152,Yes,Yes,ISO 9001,High,Non-Compliant,Compliant
Square Infra Solutions 236,Partnership,1999,34DTFVJXWF,SMCN6QZ5YA5EFG5,3JIN7GNKJ1,Vellore,9444199887,squareinfrasolutions236@example.com,www.squareinfra236.com,Kanniyakumari,Owner 236,MD 236,465,Hierarchical,"Director A236, Director B236",Construction & Infrastructure,Roads & Buildings,Tamil Nadu,28,16,218191668,132202286,At Risk,3146621,70,188,"Excavators, Cranes, Concrete Mixers",Low,40,Yes,No,Not Certified,Medium,Compliant,Compliant
Square Infra Solutions 237,Partnership,2013,80PX2Q03BK,T3IAF7RN4CEKX2J,V3O0NDF876,Mayiladuthurai,9135769464,squareinfrasolutions237@example.com,www.squareinfra237.com,Karur,Owner 237,MD 237,333,Hierarchical,"Director A237, Director B237",Construction & Infrastructure,Roads & Buildings,Tamil Nadu,9,6,196792593,294500977,Moderate,41661256,64,148,"Excavators, Cranes, Concrete Mixers",Low,44,No,Yes,ISO 9001,Low,Partial,Non-Compliant
Square Infra Solutions 238,Ltd,2005,AFMLN42TAS,NIFLDWI3TZZ62DG,VT8XOIZUOA,Namakkal,9747359006,squareinfrasolutions238@example.com,www.squareinfra238.com,Karur,Owner 238,MD 238,197,Hierarchical,"Director A238, Director B238",Construction & Infrastructure,Roads & Buildings,Tamil Nadu,13,3,191316460,292060944,At Risk,45710934,14,164,"Excavators, Cranes, Concrete Mixers",Low,87,Yes,Yes,ISO 14001,High,Compliant,Non-Compliant
Square Infra Solutions 239,Proprietorship,2007,I6VSP98HP6,WOZEM2DHGOBROFV,J66VWFFPIB,Ranipet,9090172108,squareinfrasolutions239@example.com,www.squareinfra239.com,Mayiladuthurai,Owner 239,MD 239,60,Hierarchical,"Director A239, Director B239",Construction & Infrastructure,Roads & Buildings,Tamil Nadu,18,25,39393089,7214738,Stable,14612159,34,90,"Excavators, Cranes, Concrete Mixers",High,215,Yes,No,ISO 9001,High,Partial,Compliant
Square Infra Solutions 240,Partnership,2012,KLQXVQO7A1,G3MLLXAYBFPA7J3,N6R1DOR9VD,Kancheepuram,9420468730,squareinfrasolutions240@example.com,www.squareinfra240.com,Perambalur,Owner 240,MD 240,114,Hierarchical,"Director A240, Director B240",Construction & Infrastructure,Roads & Buildings,Tamil Nadu,23,11,478449594,9024858,Moderate,49522179,98,77,"Excavators, Cranes, Concrete Mixers",High,264,Yes,Yes,ISO 45001,Medium,Non-Compliant,Partial
Square Infra Solutions 241,Proprietorship,2018,CZY4KMZGN9,SYDIOK6MTVYH6EB,XRLJ3XA5SG,Ramanathapuram,9615585976,squareinfrasolutions241@example.com,www.squareinfra241.com,Ariyalur,Owner 241,MD 241,276,Hierarchical,"Director A241, Director B241",Construction & Infrastructure,Roads & Buildings,Tamil Nadu,24,14,6796303,164933757,Moderate,22717986,45,68,"Excavators, Cranes, Concrete Mixers",Low,81,Yes,No,ISO 9001,Low,Compliant,Partial
Square Infra Solutions 242,Partnership,2018,4MY5D1JXSH,65K9E26NF834KU7,WT4GR4AY4E,Tiruppur,9584133817,squareinfrasolutions242@example.com,www.squareinfra242.com,Coimbatore,Owner 242,MD 242,426,Hierarchical,"Director A242, Director B242",Construction & Infrastructure,Roads & Buildings,Tamil Nadu,29,22,98344661,286375794,At Risk,20149824,13,18,"Excavators, Cranes, Concrete Mixers",High,85,Yes,Yes,ISO 14001,Low,Compliant,Non-Compliant
Square Infra Solutions 243,Proprietorship,2005,JJG4ME9V03,6TV61G3P7PPEJ37,5YZ544E9QJ,Madurai,9974027801,squareinfrasolutions243@example.com,www.squareinfra243.com,Salem,Owner 243,MD 243,193,Hierarchical,"Director A243, Director B243",Construction & Infrastructure,Roads & Buildings,Tamil Nadu,16,8,213180530,147341361,Stable,17184148,100,74,"Excavators, Cranes, Concrete Mixers",Medium,164,Yes,No,ISO 9001,Medium,Compliant,Partial
Square Infra Solutions 244,Proprietorship,2003,60RKV0AZO6,L1VGZ99YAWAN430,EYORJ998WJ,Namakkal,9894239313,squareinfrasolutions244@example.com,www.squareinfra244.com,Mayiladuthurai,Owner 244,MD 244,219,Hierarchical,"Director A244, Director B244",Construction & Infrastructure,Roads & Buildings,Tamil Nadu,23,8,486788421,145804558,Stable,47161541,50,43,"Excavators, Cranes, Concrete Mixers",High,247,No,Yes,Multiple,High,Partial,Compliant
Square Infra Solutions 245,Partnership,2014,2C6D8TKZQN,0TXYS7FUJCG7RH5,QOUVSGWA3S,Thanjavur,9546691846,squareinfrasolutions245@example.com,www.squareinfra245.com,Tiruchirappalli,Owner 245,MD 245,272,Hierarchical,"Director A245, Director B245",Construction & Infrastructure,Roads & Buildings,Tamil Nadu,1,18,345144932,148298484,Stable,39235445,22,167,"Excavators, Cranes, Concrete Mixers",Medium,22,Yes,Yes,ISO 14001,Medium,Partial,Non-Compliant
Square Infra Solutions 246,Partnership,2007,7EUMDF8YYZ,WNIO66HBRDXJQ16,EG4MFEIVSL,Namakkal,9903895722,squareinfrasolutions246@example.com,www.squareinfra246.com,Nagapattinam,Owner 246,MD 246,190,Hierarchical,"Director A246, Director B246",Construction & Infrastructure,Roads & Buildings,Tamil Nadu,15,9,272463311,251236863,Stable,6084518,38,34,"Excavators, Cranes, Concrete Mixers",High,251,No,Yes,ISO 14001,Low,Non-Compliant,Non-Compliant
Square Infra Solutions 247,Proprietorship,2005,Q9Y6HOI22F,DAT3GYH8A1NOVI4,D21MOZJXCA,Thanjavur,9314486659,squareinfrasolutions247@example.com,www.squareinfra247.com,Tiruppur,Owner 247,MD 247,241,Hierarchical,"Director A247, Director B247",Construction & Infrastructure,Roads & Buildings,Tamil Nadu,27,15,44545762,242486702,Moderate,36199141,53,129,"Excavators, Cranes, Concrete Mixers",High,78,No,No,Not Certified,Low,Compliant,Partial
Square Infra Solutions 248,Partnership,2008,QG51EE23M5,4KM68HMEFWQIZ4S,C2F4UWP168,Kancheepuram,9523418719,squareinfrasolutions248@example.com,www.squareinfra248.com,Nagapattinam,Owner 248,MD 248,280,Hierarchical,"Director A248, Director B248",Construction & Infrastructure,Roads & Buildings,Tamil Nadu,5,10,219814062,38091319,Stable,38027939,61,66,"Excavators, Cranes, Concrete Mixers",Medium,10,Yes,No,ISO 45001,Medium,Partial,Non-Compliant
Square Infra Solutions 249,Proprietorship,2014,2SLERUVMQ6,SR5PN2SBBMRRY9C,5TWYI347DX,Cuddalore,9769819423,squareinfrasolutions249@example.com,www.squareinfra249.com,Cuddalore,Owner 249,MD 249,171,Hierarchical,"Director A249, Director B249",Construction & Infrastructure,Roads & Buildings,Tamil Nadu,14,18,497967150,84327839,Moderate,5725283,67,47,"Excavators, Cranes, Concrete Mixers",Low,33,Yes,No,Multiple,Medium,Non-Compliant,Compliant
Square Infra Solutions 250,Ltd,2001,KMK83S7DRH,1X5EXCYCHZDVX0A,0J2VGO736X,Ranipet,9408973544,squareinfrasolutions250@example.com,www.squareinfra250.com,Dharmapuri,Owner 250,MD 250,197,Hierarchical,"Director A250, Director B250",Construction & Infrastructure,Roads & Buildings,Tamil Nadu,21,9,127002909,164212848,At Risk,27115392,14,159,"Excavators, Cranes, Concrete Mixers",Low,261,Yes,Yes,ISO 9001,Medium,Compliant,Non-Compliant
Square Infra Solutions 251,Ltd,2006,U6FRHUPJEJ,N0JWOQSV0W6BY2H,BJFSE9VB4L,Ranipet,9705776786,squareinfrasolutions251@example.com,www.squareinfra251.com,Viluppuram,Owner 251,MD 251,466,Hierarchical,"Director A251, Director B251",Construction & Infrastructure,Roads & Buildings,Tamil Nadu,6,19,356324418,193479885,Stable,15046321,34,167,"Excavators, Cranes, Concrete Mixers",Low,200,No,Yes,ISO 9001,High,Partial,Compliant
Square Infra Solutions 252,Proprietorship,1996,RI2BK8E1JL,26VK5S7KML7A6EY,74PFCGJ87S,Dindigul,9940522045,squareinfrasolutions252@example.com,www.squareinfra252.com,Cuddalore,Owner 252,MD 252,487,Hierarchical,"Director A252, Director B252",Construction & Infrastructure,Roads & Buildings,Tamil Nadu,27,5,274596258,112778796,At Risk,19059329,5,130,"Excavators, Cranes, Concrete Mixers",Medium,92,No,Yes,Not Certified,Low,Non-Compliant,Non-Compliant
Square Infra Solutions 253,Partnership,2007,Z0GNU8SB2K,TROM6XJQPT3XTCE,WHD8MKYN5L,Chengalpattu,9891618085,squareinfrasolutions253@example.com,www.squareinfra253.com,Madurai,Owner 253,MD 253,177,Hierarchical,"Director A253, Director B253",Construction & Infrastructure,Roads & Buildings,Tamil Nadu,17,25,305117947,150283567,At Risk,2059459,73,152,"Excavators, Cranes, Concrete Mixers",Low,31,Yes,No,Multiple,High,Partial,Compliant
Square Infra Solutions 254,Partnership,2014,LBLJHVBPZM,ZIK6V15JD9FLJE6,CP617TVZ9J,Tirupathur,9148740094,squareinfrasolutions254@example.com,www.squareinfra254.com,Tiruchirappalli,Owner 254,MD 254,385,Hierarchical,"Director A254, Director B254",Construction & Infrastructure,Roads & Buildings,Tamil Nadu,11,12,495436868,246659966,Stable,7376782,79,98,"Excavators, Cranes, Concrete Mixers",Low,188,Yes,No,ISO 45001,Medium,Non-Compliant,Compliant
Square Infra Solutions 255,Partnership,1996,S8TFYHLA2C,BA4U34SWQ4JM9GL,F2J0VZIPGU,Namakkal,9285423448,squareinfrasolutions255@example.com,www.squareinfra255.com,Erode,Owner 255,MD 255,381,Hierarchical,"Director A255, Director B255",Construction & Infrastructure,Roads & Buildings,Tamil Nadu,3,2,233224523,47749820,Stable,17884247,10,111,"Excavators, Cranes, Concrete Mixers",Low,54,Yes,Yes,ISO 45001,Medium,Compliant,Non-Compliant
Square Infra Solutions 256,Proprietorship,2005,SQY5G18NXP,W19U3QZMAGJQ57Q,NW4PX52RS5,Tirunelveli,9835599217,squareinfrasolutions256@example.com,www.squareinfra256.com,Kancheepuram,Owner 256,MD 256,386,Hierarchical,"Director A256, Director B256",Construction & Infrastructure,Roads & Buildings,Tamil Nadu,30,18,177301117,135399851,Moderate,14080348,79,14,"Excavators, Cranes, Concrete Mixers",Low,128,Yes,No,Not Certified,High,Non-Compliant,Compliant
Square Infra Solutions 257,Partnership,2021,U1X7YO43K0,V6C04G2TDFG28PN,W6F3N4T9TZ,Perambalur,9845012681,squareinfrasolutions257@example.com,www.squareinfra257.com,Madurai,Owner 257,MD 257,173,Hierarchical,"Director A257, Director B257",Construction & Infrastructure,Roads & Buildings,Tamil Nadu,30,18,362045982,64874682,At Risk,26261929,91,198,"Excavators, Cranes, Concrete Mixers",Medium,225,No,No,Not Certified,Medium,Partial,Partial
Square Infra Solutions 258,Pvt Ltd,2017,WP7FDCGCND,0MRIPPMABHPP142,2XIGMIIBQ6,Madurai,9030814667,squareinfrasolutions258@example.com,www.squareinfra258.com,Madurai,Owner 258,MD 258,471,Hierarchical,"Director A258, Director B258",Construction & Infrastructure,Roads & Buildings,Tamil Nadu,17,13,284611578,250237788,Moderate,43950555,43,189,"Excavators, Cranes, Concrete Mixers",Medium,7,No,Yes,Not Certified,High,Non-Compliant,Partial
Square Infra Solutions 259,Proprietorship,2001,QZIGMFLZ8D,TNG4R7OYAAP9GQ8,JWQYKP9ZTG,Namakkal,9736352727,squareinfrasolutions259@example.com,www.squareinfra259.com,Kanniyakumari,Owner 259,MD 259,207,Hierarchical,"Director A259, Director B259",Construction & Infrastructure,Roads & Buildings,Tamil Nadu,7,20,231345739,269362298,At Risk,27731729,35,159,"Excavators, Cranes, Concrete Mixers",Low,20,No,Yes,Not Certified,High,Compliant,Non-Compliant
Square Infra Solutions 260,Proprietorship,2002,SUDH1S23EN,QQRTI82GQDTQNA0,SFNDBULAIQ,Tiruvannamalai,9548179538,squareinfrasolutions260@example.com,www.squareinfra260.com,Chengalpattu,Owner 260,MD 260,311,Hierarchical,"Director A260, Director B260",Construction & Infrastructure,Roads & Buildings,Tamil Nadu,21,3,27324221,69589775,Moderate,32102623,6,77,"Excavators, Cranes, Concrete Mixers",Low,157,No,No,ISO 9001,Medium,Partial,Non-Compliant
Square Infra Solutions 261,Pvt Ltd,2012,4JHB4Z1X2O,NWM2HM8ZYHEM17Y,0D5F6UKW47,Madurai,9910283597,squareinfrasolutions261@example.com,www.squareinfra261.com,Tiruchirappalli,Owner 261,MD 261,213,Hierarchical,"Director A261, Director B261",Construction & Infrastructure,Roads & Buildings,Tamil Nadu,29,9,86197229,280875125,Stable,23689211,62,199,"Excavators, Cranes, Concrete Mixers",Low,149,Yes,Yes,Multiple,Medium,Compliant,Compliant
Square Infra Solutions 262,Partnership,2000,MYOCYODMQW,BGIC1S044QBES9A,WBW1UKE39C,Tiruvannamalai,9246125094,squareinfrasolutions262@example.com,www.squareinfra262.com,Chengalpattu,Owner 262,MD 262,387,Hierarchical,"Director A262, Director B262",Construction & Infrastructure,Roads & Buildings,Tamil Nadu,24,19,456837523,87523850,At Risk,29921591,21,115,"Excavators, Cranes, Concrete Mixers",Medium,18,No,Yes,ISO 45001,Low,Compliant,Non-Compliant
Square Infra Solutions 263,Proprietorship,2016,A5ZUKPBE1O,RKVI9QUSG4CK3GZ,SIZD0LTXZ5,Madurai,9748426507,squareinfrasolutions263@example.com,www.squareinfra263.com,Kanniyakumari,Owner 263,MD 263,465,Hierarchical,"Director A263, Director B263",Construction & Infrastructure,Roads & Buildings,Tamil Nadu,15,5,387215627,48236343,Stable,23670569,57,187,"Excavators, Cranes, Concrete Mixers",High,122,No,Yes,Not Certified,High,Non-Compliant,Partial
Square Infra Solutions 264,Proprietorship,2017,1REP87B3DB,NKDN7KG658BTEST,V4RK47QG96,Ranipet,9825899175,squareinfrasolutions264@example.com,www.squareinfra264.com,Chengalpattu,Owner 264,MD 264,92,Hierarchical,"Director A264, Director B264",Construction & Infrastructure,Roads & Buildings,Tamil Nadu,5,8,106255602,100344995,At Risk,45247882,84,69,"Excavators, Cranes, Concrete Mixers",Medium,22,Yes,No,ISO 45001,High,Compliant,Non-Compliant
Square Infra Solutions 265,Ltd,2009,O10RK3V1HS,EF2YB4DB63CF7G4,QVROM1H598,Tirunelveli,9655898270,squareinfrasolutions265@example.com,www.squareinfra265.com,Thoothukudi,Owner 265,MD 265,62,Hierarchical,"Director A265, Director B265",Construction & Infrastructure,Roads & Buildings,Tamil Nadu,25,24,355409270,127945513,Moderate,45876353,51,46,"Excavators, Cranes, Concrete Mixers",High,22,Yes,No,ISO 14001,Low,Compliant,Non-Compliant
Square Infra Solutions 266,Proprietorship,2017,ZN9OQ2SXJ7,G49CMWJ39GRLYH8,VWLX6UW6LE,Tirupathur,9998797859,squareinfrasolutions266@example.com,www.squareinfra266.com,Krishnagiri,Owner 266,MD 266,472,Hierarchical,"Director A266, Director B266",Construction & Infrastructure,Roads & Buildings,Tamil Nadu,16,25,340221514,36067063,Moderate,25309818,11,49,"Excavators, Cranes, Concrete Mixers",High,18,Yes,Yes,Multiple,Medium,Partial,Non-Compliant
Square Infra Solutions 267,Ltd,1999,3FFCLEKIRR,7MU8FNXZ6O5X8YS,AUKUPFGVFD,Madurai,9697116917,squareinfrasolutions267@example.com,www.squareinfra267.com,Kancheepuram,Owner 267,MD 267,426,Hierarchical,"Director A267, Director B267",Construction & Infrastructure,Roads & Buildings,Tamil Nadu,19,4,331010479,121922808,At Risk,39311922,44,82,"Excavators, Cranes, Concrete Mixers",Low,93,Yes,Yes,ISO 45001,Low,Non-Compliant,Partial
Square Infra Solutions 268,Partnership,2015,7P8NQ8QY59,FR94LVH8OQLESBG,6GA70C91A9,Cuddalore,9887236032,squareinfrasolutions268@example.com,www.squareinfra268.com,Nagapattinam,Owner 268,MD 268,279,Hierarchical,"Director A268, Director B268",Construction & Infrastructure,Roads & Buildings,Tamil Nadu,13,12,333579779,24595694,Moderate,24312689,78,64,"Excavators, Cranes, Concrete Mixers",High,195,No,No,Not Certified,Medium,Non-Compliant,Compliant
Square Infra Solutions 269,Ltd,2010,2GJ3GYCX3Y,IQGX3BECQSBA67S,D8BORGJY1B,Ramanathapuram,9903783480,squareinfrasolutions269@example.com,www.squareinfra269.com,Tiruppur,Owner 269,MD 269,192,Hierarchical,"Director A269, Director B269",Construction & Infrastructure,Roads & Buildings,Tamil Nadu,11,8,309631701,296944525,At Risk,23904933,65,71,"Excavators, Cranes, Concrete Mixers",Low,84,No,Yes,ISO 14001,High,Non-Compliant,Non-Compliant
Square Infra Solutions 270,Pvt Ltd,2001,FPZPW3RYPB,T2D3BUUSLJC3JI6,76JNCR1E55,Kallakurichi,9174163350,squareinfrasolutions270@example.com,www.squareinfra270.com,Chennai,Owner 270,MD 270,58,Hierarchical,"Director A270, Director B270",Construction & Infrastructure,Roads & Buildings,Tamil Nadu,10,20,21641688,276405276,Moderate,25947597,95,177,"Excavators, Cranes, Concrete Mixers",Low,192,Yes,No,Multiple,Medium,Partial,Compliant
Square Infra Solutions 271,Partnership,2021,OUQCAUAX4Z,9L6THRPJAZBQ6GC,UESFS9ZD8G,Nilgiris,9456531204,squareinfrasolutions271@example.com,www.squareinfra271.com,Kallakurichi,Owner 271,MD 271,168,Hierarchical,"Director A271, Director B271",Construction & Infrastructure,Roads & Buildings,Tamil Nadu,22,24,321499612,249765304,Moderate,29066464,19,75,"Excavators, Cranes, Concrete Mixers",High,182,Yes,No,Multiple,Low,Compliant,Compliant
Square Infra Solutions 272,Proprietorship,1998,K2M93I5IBU,HXML1KVPWPJVCQI,74WJ40FF7E,Kanniyakumari,9820579338,squareinfrasolutions272@example.com,www.squareinfra272.com,Perambalur,Owner 272,MD 272,320,Hierarchical,"Director A272, Director B272",Construction & Infrastructure,Roads & Buildings,Tamil Nadu,5,10,450034180,92144480,At Risk,35248351,75,12,"Excavators, Cranes, Concrete Mixers",Medium,24,No,No,Multiple,Low,Non-Compliant,Partial
Square Infra Solutions 273,Partnership,1996,O4CT05QE9F,ALSU6L2OTGZ4PFK,03TMEO55XJ,Ranipet,9718826581,squareinfrasolutions273@example.com,www.squareinfra273.com,Virudhunagar,Owner 273,MD 273,125,Hierarchical,"Director A273, Director B273",Construction & Infrastructure,Roads & Buildings,Tamil Nadu,21,6,454546209,220043662,Moderate,5273775,99,104,"Excavators, Cranes, Concrete Mixers",Low,153,Yes,No,ISO 9001,Medium,Partial,Partial
Square Infra Solutions 274,Ltd,2002,73ZPH728AH,XK0E7N338ZK35NQ,4626DRVQXS,Viluppuram,9476298600,squareinfrasolutions274@example.com,www.squareinfra274.com,Namakkal,Owner 274,MD 274,178,Hierarchical,"Director A274, Director B274",Construction & Infrastructure,Roads & Buildings,Tamil Nadu,21,12,104925951,249681852,Stable,31745414,57,35,"Excavators, Cranes, Concrete Mixers",Medium,126,No,No,Multiple,Low,Compliant,Partial
Square Infra Solutions 275,Ltd,2021,0RKW9JJMNK,BGBQ3YI4O876A64,99E8ZAYLBJ,Tenkasi,9941825534,squareinfrasolutions275@example.com,www.squareinfra275.com,Chennai,Owner 275,MD 275,41,Hierarchical,"Director A275, Director B275",Construction & Infrastructure,Roads & Buildings,Tamil Nadu,25,3,195330596,222509074,At Risk,41714809,48,39,"Excavators, Cranes, Concrete Mixers",Low,262,Yes,No,ISO 14001,Medium,Non-Compliant,Non-Compliant
Square Infra Solutions 276,Proprietorship,2021,OWG1NCKQHN,TNPS4CH0R80BNY7,ZIU9SI11RR,Vellore,9853154359,squareinfrasolutions276@example.com,www.squareinfra276.com,Coimbatore,Owner 276,MD 276,486,Hierarchical,"Director A276, Director B276",Construction & Infrastructure,Roads & Buildings,Tamil Nadu,19,3,253956370,63612133,Moderate,24931191,70,57,"Excavators, Cranes, Concrete Mixers",Medium,35,Yes,No,Not Certified,Medium,Partial,Non-Compliant
Square Infra Solutions 277,Ltd,2007,UEVK7XSYS8,NSELEU4OGGGG7PU,HYUOHNKUXC,Theni,9903303473,squareinfrasolutions277@example.com,www.squareinfra277.com,Ramanathapuram,Owner 277,MD 277,271,Hierarchical,"Director A277, Director B277",Construction & Infrastructure,Roads & Buildings,Tamil Nadu,28,22,449938533,130781539,Stable,11661002,79,11,"Excavators, Cranes, Concrete Mixers",High,162,Yes,No,ISO 9001,High,Non-Compliant,Partial
Square Infra Solutions 278,Pvt Ltd,2016,T55PMJVW8W,2U46S1WIXL7B6XT,QEQAR6GOW8,Namakkal,9788552219,squareinfrasolutions278@example.com,www.squareinfra278.com,Tirunelveli,Owner 278,MD 278,495,Hierarchical,"Director A278, Director B278",Construction & Infrastructure,Roads & Buildings,Tamil Nadu,15,7,90377561,192501479,Stable,34989496,93,36,"Excavators, Cranes, Concrete Mixers",Medium,211,No,Yes,ISO 14001,Medium,Non-Compliant,Non-Compliant
Square Infra Solutions 279,Ltd,2008,JIR9QU6AT0,ZDDTNVFGDCFJS2D,KXXP1VGG0G,Erode,9443795614,squareinfrasolutions279@example.com,www.squareinfra279.com,Kancheepuram,Owner 279,MD 279,231,Hierarchical,"Director A279, Director B279",Construction & Infrastructure,Roads & Buildings,Tamil Nadu,16,24,350451688,187923240,Moderate,3697697,42,103,"Excavators, Cranes, Concrete Mixers",High,242,Yes,No,ISO 9001,Low,Compliant,Compliant
Square Infra Solutions 280,Proprietorship,2021,4CDO0XJTRS,PD0GPECHID8YV3Z,PDQGSU4U4A,Theni,9486364208,squareinfrasolutions280@example.com,www.squareinfra280.com,Ramanathapuram,Owner 280,MD 280,180,Hierarchical,"Director A280, Director B280",Construction & Infrastructure,Roads & Buildings,Tamil Nadu,13,13,362549487,222225830,At Risk,27183161,16,199,"Excavators, Cranes, Concrete Mixers",High,90,Yes,No,ISO 45001,Medium,Non-Compliant,Partial
Square Infra Solutions 281,Pvt Ltd,2013,Q2ZMDYF9E5,QYDOAIIZAQJS3CK,DNJH0B64TI,Tenkasi,9706418235,squareinfrasolutions281@example.com,www.squareinfra281.com,Tirunelveli,Owner 281,MD 281,114,Hierarchical,"Director A281, Director B281",Construction & Infrastructure,Roads & Buildings,Tamil Nadu,3,14,253961849,97305247,Moderate,15872175,55,60,"Excavators, Cranes, Concrete Mixers",High,289,No,No,ISO 14001,Low,Partial,Partial
Square Infra Solutions 282,Proprietorship,2010,2HTNIAYUBX,DUPLTFUX1XWO8M2,62PFEYL9Z6,Coimbatore,9420833723,squareinfrasolutions282@example.com,www.squareinfra282.com,Madurai,Owner 282,MD 282,328,Hierarchical,"Director A282, Director B282",Construction & Infrastructure,Roads & Buildings,Tamil Nadu,28,5,103133856,227072461,At Risk,27222105,23,200,"Excavators, Cranes, Concrete Mixers",High,14,Yes,Yes,Multiple,Low,Compliant,Compliant
Square Infra Solutions 283,Partnership,1996,H5E6GMM22W,15TWM5BFIGEPXMV,4P27SEUNF7,Kancheepuram,9666384699,squareinfrasolutions283@example.com,www.squareinfra283.com,Cuddalore,Owner 283,MD 283,31,Hierarchical,"Director A283, Director B283",Construction & Infrastructure,Roads & Buildings,Tamil Nadu,7,19,191597132,40279247,Moderate,23225891,37,58,"Excavators, Cranes, Concrete Mixers",High,39,No,No,ISO 45001,Low,Compliant,Non-Compliant
Square Infra Solutions 284,Partnership,2011,JHUNS403M1,JO007CXTUC510TJ,RVI4TCACEC,Dharmapuri,9788915569,squareinfrasolutions284@example.com,www.squareinfra284.com,Karur,Owner 284,MD 284,196,Hierarchical,"Director A284, Director B284",Construction & Infrastructure,Roads & Buildings,Tamil Nadu,11,20,445327001,47151542,Moderate,39622658,46,101,"Excavators, Cranes, Concrete Mixers",Medium,51,No,Yes,ISO 45001,Low,Partial,Compliant
Square Infra Solutions 285,Pvt Ltd,2013,FZT3O9MMNR,ILGAX35EX0UN288,V2TAOSBDWW,Tiruchirappalli,9510834080,squareinfrasolutions285@example.com,www.squareinfra285.com,Theni,Owner 285,MD 285,20,Hierarchical,"Director A285, Director B285",Construction & Infrastructure,Roads & Buildings,Tamil Nadu,10,9,241158553,105949203,Stable,32350157,74,143,"Excavators, Cranes, Concrete Mixers",Low,117,Yes,Yes,Not Certified,Medium,Partial,Non-Compliant
Square Infra Solutions 286,Ltd,1997,BUK41GD2K1,NESGD17PD42VIG5,8VHANQR3HF,Perambalur,9154328308,squareinfrasolutions286@example.com,www.squareinfra286.com,Dindigul,Owner 286,MD 286,296,Hierarchical,"Director A286, Director B286",Construction & Infrastructure,Roads & Buildings,Tamil Nadu,5,21,172320684,92004135,Stable,30501965,77,32,"Excavators, Cranes, Concrete Mixers",Medium,76,No,No,ISO 14001,Medium,Non-Compliant,Compliant
Square Infra Solutions 287,Pvt Ltd,2006,VTDVQSJPTT,2WXV33Z5S4AOEL6,XEX37TNAP3,Coimbatore,9039602287,squareinfrasolutions287@example.com,www.squareinfra287.com,Coimbatore,Owner 287,MD 287,208,Hierarchical,"Director A287, Director B287",Construction & Infrastructure,Roads & Buildings,Tamil Nadu,11,13,206294778,50948661,Stable,35176874,71,41,"Excavators, Cranes, Concrete Mixers",Medium,202,Yes,Yes,ISO 14001,High,Non-Compliant,Compliant
Square Infra Solutions 288,Partnership,2018,Q8Y0O3HHU5,8TAIOOICHIM81UM,6T0HIFNMHW,Thoothukudi,9576999770,squareinfrasolutions288@example.com,www.squareinfra288.com,Coimbatore,Owner 288,MD 288,437,Hierarchical,"Director A288, Director B288",Construction & Infrastructure,Roads & Buildings,Tamil Nadu,20,11,14805811,296906758,Stable,37533069,58,159,"Excavators, Cranes, Concrete Mixers",High,189,Yes,Yes,ISO 14001,Low,Partial,Non-Compliant
Square Infra Solutions 289,Pvt Ltd,2022,W7QEKC55OI,DDBQMOV7ABLAJ6V,JBJ9AG4LG8,Perambalur,9969823395,squareinfrasolutions289@example.com,www.squareinfra289.com,Ramanathapuram,Owner 289,MD 289,448,Hierarchical,"Director A289, Director B289",Construction & Infrastructure,Roads & Buildings,Tamil Nadu,17,10,149862217,281509526,At Risk,13750281,89,70,"Excavators, Cranes, Concrete Mixers",Medium,161,Yes,No,Not Certified,Medium,Partial,Partial
Square Infra Solutions 290,Partnership,2007,U6P6RX94NL,FUTYRMM4P32ALYI,V28SO0MGJF,Sivaganga,9771059339,squareinfrasolutions290@example.com,www.squareinfra290.com,Tiruvallur,Owner 290,MD 290,485,Hierarchical,"Director A290, Director B290",Construction & Infrastructure,Roads & Buildings,Tamil Nadu,26,5,257165845,55892915,Stable,41117477,71,31,"Excavators, Cranes, Concrete Mixers",Medium,144,No,Yes,ISO 9001,High,Non-Compliant,Non-Compliant
Square Infra Solutions 291,Partnership,2000,F1V07M1ZB4,R2FQ6NI1I9SFSND,KDH72JPWHV,Karur,9836436671,squareinfrasolutions291@example.com,www.squareinfra291.com,Perambalur,Owner 291,MD 291,146,Hierarchical,"Director A291, Director B291",Construction & Infrastructure,Roads & Buildings,Tamil Nadu,10,2,73078664,134424442,Moderate,17787140,5,43,"Excavators, Cranes, Concrete Mixers",Medium,102,No,No,Multiple,High,Partial,Compliant
Square Infra Solutions 292,Proprietorship,2015,8MKOVJKF8L,IBUA8KFTOZXHCPB,HG61PEJRAP,Tiruvarur,9844469766,squareinfrasolutions292@example.com,www.squareinfra292.com,Vellore,Owner 292,MD 292,309,Hierarchical,"Director A292, Director B292",Construction & Infrastructure,Roads & Buildings,Tamil Nadu,26,13,62998657,290591728,At Risk,12683635,75,11,"Excavators, Cranes, Concrete Mixers",High,22,No,No,ISO 45001,Medium,Compliant,Non-Compliant
Square Infra Solutions 293,Ltd,1999,O2ZFG86JP9,S1TIUMTRONF3DXJ,PIFY499X8G,Chennai,9543631095,squareinfrasolutions293@example.com,www.squareinfra293.com,Chengalpattu,Owner 293,MD 293,375,Hierarchical,"Director A293, Director B293",Construction & Infrastructure,Roads & Buildings,Tamil Nadu,12,20,293306669,274959631,Stable,4124333,86,195,"Excavators, Cranes, Concrete Mixers",High,160,Yes,No,ISO 9001,High,Partial,Non-Compliant
Square Infra Solutions 294,Proprietorship,2015,IBREEPH8OY,MS696T2RJYH6GMH,BUBRC297AE,Thanjavur,9516836453,squareinfrasolutions294@example.com,www.squareinfra294.com,Cuddalore,Owner 294,MD 294,90,Hierarchical,"Director A294, Director B294",Construction & Infrastructure,Roads & Buildings,Tamil Nadu,10,21,389117549,27216651,Stable,33856588,5,75,"Excavators, Cranes, Concrete Mixers",High,53,Yes,Yes,ISO 14001,Low,Partial,Partial
Square Infra Solutions 295,Pvt Ltd,2013,VPCUEXKA2H,40GG3VCZ6XQ53A7,J2JUC7H04Q,Kallakurichi,9310996454,squareinfrasolutions295@example.com,www.squareinfra295.com,Karur,Owner 295,MD 295,189,Hierarchical,"Director A295, Director B295",Construction & Infrastructure,Roads & Buildings,Tamil Nadu,11,24,257995389,33738917,At Risk,10912497,96,31,"Excavators, Cranes, Concrete Mixers",Medium,150,No,No,ISO 9001,Low,Partial,Compliant
Square Infra Solutions 296,Proprietorship,2005,QGFW5X98FA,RN5P494R63YTQX7,7SRADIFE7Q,Virudhunagar,9322001813,squareinfrasolutions296@example.com,www.squareinfra296.com,Krishnagiri,Owner 296,MD 296,75,Hierarchical,"Director A296, Director B296",Construction & Infrastructure,Roads & Buildings,Tamil Nadu,27,11,309194516,273358495,At Risk,28916178,87,186,"Excavators, Cranes, Concrete Mixers",Low,193,Yes,No,ISO 9001,Low,Non-Compliant,Partial
Square Infra Solutions 297,Partnership,2021,WS53Y56EL7,QAY1KVDUQ69HPUJ,9MZ82BT862,Chennai,9680878167,squareinfrasolutions297@example.com,www.squareinfra297.com,Karur,Owner 297,MD 297,114,Hierarchical,"Director A297, Director B297",Construction & Infrastructure,Roads & Buildings,Tamil Nadu,13,20,39851665,89932995,Stable,35824316,91,189,"Excavators, Cranes, Concrete Mixers",Medium,143,Yes,No,Not Certified,High,Compliant,Compliant
Square Infra Solutions 298,Partnership,1999,RPVX0ZCGQO,CFHME5E6L0F0R8P,SWU06TCAWA,Coimbatore,9877514812,squareinfrasolutions298@example.com,www.squareinfra298.com,Tenkasi,Owner 298,MD 298,435,Hierarchical,"Director A298, Director B298",Construction & Infrastructure,Roads & Buildings,Tamil Nadu,4,14,362316066,184205972,At Risk,23081890,56,12,"Excavators, Cranes, Concrete Mixers",Low,241,Yes,Yes,ISO 14001,High,Non-Compliant,Compliant
Square Infra Solutions 299,Proprietorship,2022,HYXONJ8ALU,XLKSHXV8MC9QNAZ,VSWR0O8KXL,Kallakurichi,9316100713,squareinfrasolutions299@example.com,www.squareinfra299.com,Dharmapuri,Owner 299,MD 299,268,Hierarchical,"Director A299, Director B299",Construction & Infrastructure,Roads & Buildings,Tamil Nadu,28,14,53450582,67690393,Stable,27058203,30,182,"Excavators, Cranes, Concrete Mixers",Medium,52,Yes,No,Not Certified,Low,Partial,Compliant
Square Infra Solutions 300,Proprietorship,2012,JQP5W76WLI,HYWGGZDPDBZUASE,C6E570IC18,Tiruvarur,9274595396,squareinfrasolutions300@example.com,www.squareinfra300.com,Thanjavur,Owner 300,MD 300,489,Hierarchical,"Director A300, Director B300",Construction & Infrastructure,Roads & Buildings,Tamil Nadu,28,24,414721885,212465839,Moderate,16424347,100,112,"Excavators, Cranes, Concrete Mixers",Medium,128,No,Yes,Not Certified,Low,Compliant,Non-Compliant
Square Infra Solutions 301,Ltd,2022,A3NECTML0S,SZ20XP2OO2MYCQO,RYCQ2RUK26,Dharmapuri,9777346438,squareinfrasolutions301@example.com,www.squareinfra301.com,Thanjavur,Owner 301,MD 301,214,Hierarchical,"Director A301, Director B301",Construction & Infrastructure,Roads & Buildings,Tamil Nadu,25,16,125669054,174059545,Stable,22628155,77,35,"Excavators, Cranes, Concrete Mixers",Medium,248,Yes,Yes,Multiple,Low,Partial,Compliant
Square Infra Solutions 302,Pvt Ltd,2003,9BN61T14Y0,G9SU9H9S3W98DT0,PRNDGETCSV,Ranipet,9815553530,squareinfrasolutions302@example.com,www.squareinfra302.com,Tiruvarur,Owner 302,MD 302,163,Hierarchical,"Director A302, Director B302",Construction & Infrastructure,Roads & Buildings,Tamil Nadu,15,20,218588729,56773089,At Risk,3229577,89,68,"Excavators, Cranes, Concrete Mixers",Low,70,Yes,Yes,ISO 14001,Low,Compliant,Partial
Square Infra Solutions 303,Partnership,2012,GN5RA8KOVW,51XDLKVW6SKU08H,1FG52MI1GO,Thoothukudi,9839649583,squareinfrasolutions303@example.com,www.squareinfra303.com,Tenkasi,Owner 303,MD 303,499,Hierarchical,"Director A303, Director B303",Construction & Infrastructure,Roads & Buildings,Tamil Nadu,10,10,332444109,194531452,Moderate,45913135,25,39,"Excavators, Cranes, Concrete Mixers",High,276,No,Yes,ISO 9001,High,Partial,Partial
Square Infra Solutions 304,Proprietorship,2013,GO4OSMOXMX,XFX45FXCLEW7SU7,X55BVMBYGT,Salem,9573575830,squareinfrasolutions304@example.com,www.squareinfra304.com,Chengalpattu,Owner 304,MD 304,231,Hierarchical,"Director A304, Director B304",Construction & Infrastructure,Roads & Buildings,Tamil Nadu,26,23,142455719,140411272,Stable,45785416,69,147,"Excavators, Cranes, Concrete Mixers",Medium,261,Yes,Yes,ISO 9001,Low,Compliant,Compliant
Square Infra Solutions 305,Pvt Ltd,1999,CCOXVOM60K,ODYO40Z84OZ8FCK,G7V5A9ZKMJ,Ranipet,9395896743,squareinfrasolutions305@example.com,www.squareinfra305.com,Krishnagiri,Owner 305,MD 305,141,Hierarchical,"Director A305, Director B305",Construction & Infrastructure,Roads & Buildings,Tamil Nadu,19,4,205668127,242214993,At Risk,14252378,7,18,"Excavators, Cranes, Concrete Mixers",Medium,38,No,Yes,ISO 9001,High,Partial,Compliant
Square Infra Solutions 306,Partnership,2007,D05D9YAG47,W26NBT480A4HZTF,AJ7GB79DE7,Dindigul,9250194843,squareinfrasolutions306@example.com,www.squareinfra306.com,Namakkal,Owner 306,MD 306,281,Hierarchical,"Director A306, Director B306",Construction & Infrastructure,Roads & Buildings,Tamil Nadu,1,25,161183413,162223152,At Risk,29551019,82,133,"Excavators, Cranes, Concrete Mixers",High,131,No,No,ISO 9001,High,Partial,Partial
Square Infra Solutions 307,Partnership,2010,4DUXWARWT1,3F68DX5BIW9QJNC,F6RRT8A281,Tiruvallur,9657548428,squareinfrasolutions307@example.com,www.squareinfra307.com,Viluppuram,Owner 307,MD 307,42,Hierarchical,"Director A307, Director B307",Construction & Infrastructure,Roads & Buildings,Tamil Nadu,12,8,76061145,120755509,At Risk,45673928,44,127,"Excavators, Cranes, Concrete Mixers",Low,44,No,No,Multiple,Medium,Non-Compliant,Compliant
Square Infra Solutions 308,Ltd,2017,V47RWQZ2X1,V9EDRJKJB8BJIWC,BBVPT27F3M,Tenkasi,9090852677,squareinfrasolutions308@example.com,www.squareinfra308.com,Namakkal,Owner 308,MD 308,142,Hierarchical,"Director A308, Director B308",Construction & Infrastructure,Roads & Buildings,Tamil Nadu,17,9,22762973,132792359,Stable,16211614,85,129,"Excavators, Cranes, Concrete Mixers",High,62,Yes,Yes,ISO 9001,High,Non-Compliant,Compliant
Square Infra Solutions 309,Partnership,2009,WI0HMMWAWG,YZTM04RYSMX3VZ1,RMMX4H6IUN,Ramanathapuram,9919161658,squareinfrasolutions309@example.com,www.squareinfra309.com,Tiruvallur,Owner 309,MD 309,364,Hierarchical,"Director A309, Director B309",Construction & Infrastructure,Roads & Buildings,Tamil Nadu,18,5,413900736,30594020,Stable,1787666,27,135,"Excavators, Cranes, Concrete Mixers",Medium,271,No,No,Multiple,Low,Compliant,Partial
Square Infra Solutions 310,Proprietorship,2018,LH5GDVNULL,L5ZPPPW1K59QGTG,H4NXVC87ES,Tiruvallur,9954686113,squareinfrasolutions310@example.com,www.squareinfra310.com,Ariyalur,Owner 310,MD 310,178,Hierarchical,"Director A310, Director B310",Construction & Infrastructure,Roads & Buildings,Tamil Nadu,27,2,107395890,15198881,At Risk,19180556,10,163,"Excavators, Cranes, Concrete Mixers",Low,204,No,Yes,ISO 14001,Medium,Partial,Partial
Square Infra Solutions 311,Proprietorship,2002,EQQN2LGG32,IJ327SCBTTITL7L,PSQL3UMN6L,Dharmapuri,9324967454,squareinfrasolutions311@example.com,www.squareinfra311.com,Pudukkottai,Owner 311,MD 311,64,Hierarchical,"Director A311, Director B311",Construction & Infrastructure,Roads & Buildings,Tamil Nadu,25,23,313286644,14017463,Moderate,47988070,43,77,"Excavators, Cranes, Concrete Mixers",Medium,75,No,Yes,Multiple,Medium,Non-Compliant,Partial
Square Infra Solutions 312,Pvt Ltd,2013,L01IM11151,0EXN32OOJGHEOM4,B1457WMF4R,Perambalur,9461383074,squareinfrasolutions312@example.com,www.squareinfra312.com,Coimbatore,Owner 312,MD 312,259,Hierarchical,"Director A312, Director B312",Construction & Infrastructure,Roads & Buildings,Tamil Nadu,3,18,434458253,256513723,Moderate,37918103,98,85,"Excavators, Cranes, Concrete Mixers",Medium,84,No,Yes,ISO 14001,Low,Compliant,Non-Compliant
Square Infra Solutions 313,Ltd,2004,78JEBLAZPZ,F0BVX8SQHRH09WY,UAENW9DZXY,Tirupathur,9218925190,squareinfrasolutions313@example.com,www.squareinfra313.com,Pudukkottai,Owner 313,MD 313,436,Hierarchical,"Director A313, Director B313",Construction & Infrastructure,Roads & Buildings,Tamil Nadu,2,5,21465107,71678090,At Risk,9780318,45,129,"Excavators, Cranes, Concrete Mixers",Low,9,No,Yes,ISO 45001,Medium,Non-Compliant,Partial
Square Infra Solutions 314,Proprietorship,2021,02F70ZB78S,26K3G716YBJWK6C,VFJHIPJZKF,Thanjavur,9705251369,squareinfrasolutions314@example.com,www.squareinfra314.com,Mayiladuthurai,Owner 314,MD 314,112,Hierarchical,"Director A314, Director B314",Construction & Infrastructure,Roads & Buildings,Tamil Nadu,22,24,358847402,238121198,Moderate,45165834,11,137,"Excavators, Cranes, Concrete Mixers",Low,124,Yes,Yes,ISO 45001,Low,Non-Compliant,Compliant
Square Infra Solutions 315,Partnership,2001,EYMZ9F71BP,KPCJ16Z7NRJ5GHV,FLXAY0ORHC,Tirunelveli,9196290274,squareinfrasolutions315@example.com,www.squareinfra315.com,Madurai,Owner 315,MD 315,15,Hierarchical,"Director A315, Director B315",Construction & Infrastructure,Roads & Buildings,Tamil Nadu,19,25,248999547,87417490,Stable,32823961,8,123,"Excavators, Cranes, Concrete Mixers",Low,144,Yes,No,ISO 9001,Medium,Non-Compliant,Non-Compliant
Square Infra Solutions 316,Partnership,2009,DVSQNA35C5,HMRNSWVUJEHG2EJ,BR91DYL3H6,Vellore,9965004896,squareinfrasolutions316@example.com,www.squareinfra316.com,Dharmapuri,Owner 316,MD 316,475,Hierarchical,"Director A316, Director B316",Construction & Infrastructure,Roads & Buildings,Tamil Nadu,8,16,40350322,61429329,At Risk,45572791,84,150,"Excavators, Cranes, Concrete Mixers",Low,29,No,No,ISO 14001,Medium,Compliant,Partial
Square Infra Solutions 317,Ltd,2018,W57SF2BAC5,YJ47UPLXUF3OGKW,IEFIKQ1VH0,Tiruvarur,9491407724,squareinfrasolutions317@example.com,www.squareinfra317.com,Coimbatore,Owner 317,MD 317,137,Hierarchical,"Director A317, Director B317",Construction & Infrastructure,Roads & Buildings,Tamil Nadu,12,14,461194244,118645836,Stable,9020334,94,198,"Excavators, Cranes, Concrete Mixers",High,46,Yes,No,Not Certified,High,Compliant,Partial
Square Infra Solutions 318,Ltd,2004,MM28A17ZWI,8P6LX59XASS1672,QFYW4K2FJ4,Thanjavur,9628297669,squareinfrasolutions318@example.com,www.squareinfra318.com,Madurai,Owner 318,MD 318,497,Hierarchical,"Director A318, Director B318",Construction & Infrastructure,Roads & Buildings,Tamil Nadu,11,22,388303340,119398730,Moderate,31858536,85,65,"Excavators, Cranes, Concrete Mixers",High,145,No,Yes,ISO 45001,Medium,Compliant,Compliant
Square Infra Solutions 319,Proprietorship,2004,R19Z2NMDVG,DXI1ZWUMG2I8673,WCB7E8HN8E,Nagapattinam,9668996109,squareinfrasolutions319@example.com,www.squareinfra319.com,Tiruchirappalli,Owner 319,MD 319,191,Hierarchical,"Director A319, Director B319",Construction & Infrastructure,Roads & Buildings,Tamil Nadu,1,19,269715362,97995505,At Risk,7786340,18,103,"Excavators, Cranes, Concrete Mixers",Low,96,Yes,No,ISO 14001,Medium,Partial,Non-Compliant
Square Infra Solutions 320,Ltd,1997,GWNTJH3VO0,EAZGDX9TFKMQADW,XG4SZG3FL9,Theni,9468351847,squareinfrasolutions320@example.com,www.squareinfra320.com,Tiruchirappalli,Owner 320,MD 320,175,Hierarchical,"Director A320, Director B320",Construction & Infrastructure,Roads & Buildings,Tamil Nadu,10,19,134143938,217150701,At Risk,13152058,23,153,"Excavators, Cranes, Concrete Mixers",Low,264,No,Yes,ISO 45001,Low,Compliant,Non-Compliant
Square Infra Solutions 321,Pvt Ltd,2007,1PVJYD0FBW,NRC77P11CXED2O0,BOJTXK5C27,Tiruvannamalai,9294608999,squareinfrasolutions321@example.com,www.squareinfra321.com,Viluppuram,Owner 321,MD 321,46,Hierarchical,"Director A321, Director B321",Construction & Infrastructure,Roads & Buildings,Tamil Nadu,8,20,294887764,65004869,Moderate,48646991,13,40,"Excavators, Cranes, Concrete Mixers",Low,297,Yes,Yes,ISO 45001,Medium,Compliant,Partial
Square Infra Solutions 322,Pvt Ltd,1997,C18EY6XMY3,2LEUNX93FWH6E1E,1VQMTBQ6GW,Tiruchirappalli,9074630045,squareinfrasolutions322@example.com,www.squareinfra322.com,Chennai,Owner 322,MD 322,431,Hierarchical,"Director A322, Director B322",Construction & Infrastructure,Roads & Buildings,Tamil Nadu,5,15,81344088,210932139,At Risk,3995408,34,10,"Excavators, Cranes, Concrete Mixers",High,28,Yes,Yes,ISO 9001,High,Partial,Compliant
Square Infra Solutions 323,Ltd,1998,JRYZ842KRQ,HONNUWH16N7CQVB,1FEKCB9UZI,Dindigul,9280574651,squareinfrasolutions323@example.com,www.squareinfra323.com,Theni,Owner 323,MD 323,399,Hierarchical,"Director A323, Director B323",Construction & Infrastructure,Roads & Buildings,Tamil Nadu,24,20,128535854,166861230,Moderate,34191550,77,111,"Excavators, Cranes, Concrete Mixers",Medium,73,No,Yes,ISO 45001,Low,Non-Compliant,Compliant
Square Infra Solutions 324,Partnership,2002,U2N12LYTRN,G4660AFLXJJFFN7,K5O3MUUOW2,Krishnagiri,9899524966,squareinfrasolutions324@example.com,www.squareinfra324.com,Vellore,Owner 324,MD 324,290,Hierarchical,"Director A324, Director B324",Construction & Infrastructure,Roads & Buildings,Tamil Nadu,16,14,383707661,198334315,At Risk,25708108,40,176,"Excavators, Cranes, Concrete Mixers",High,231,No,Yes,ISO 9001,Medium,Partial,Compliant
Square Infra Solutions 325,Ltd,1997,T6QO09VEUF,0GRV77VYG26I5OQ,43XSTEM39Z,Viluppuram,9204460152,squareinfrasolutions325@example.com,www.squareinfra325.com,Coimbatore,Owner 325,MD 325,170,Hierarchical,"Director A325, Director B325",Construction & Infrastructure,Roads & Buildings,Tamil Nadu,17,12,429853575,2334987,Stable,16957502,77,72,"Excavators, Cranes, Concrete Mixers",Low,6,Yes,No,ISO 9001,Low,Non-Compliant,Non-Compliant
Square Infra Solutions 326,Partnership,1998,P03HGDSXPT,84AEP4UAPRGVMMD,S4L2XL1S3U,Tirunelveli,9001789417,squareinfrasolutions326@example.com,www.squareinfra326.com,Mayiladuthurai,Owner 326,MD 326,431,Hierarchical,"Director A326, Director B326",Construction & Infrastructure,Roads & Buildings,Tamil Nadu,12,12,341186249,226209548,Stable,46708887,14,38,"Excavators, Cranes, Concrete Mixers",High,245,No,No,ISO 14001,High,Partial,Partial
Square Infra Solutions 327,Ltd,2004,SQ08CZSW2T,2G66AJPC0SXWGEP,W4RRJ6Z424,Nilgiris,9793766336,squareinfrasolutions327@example.com,www.squareinfra327.com,Virudhunagar,Owner 327,MD 327,328,Hierarchical,"Director A327, Director B327",Construction & Infrastructure,Roads & Buildings,Tamil Nadu,5,5,440965859,289108125,At Risk,49884236,14,108,"Excavators, Cranes, Concrete Mixers",Medium,266,No,Yes,ISO 14001,Low,Non-Compliant,Non-Compliant
Square Infra Solutions 328,Pvt Ltd,1995,WRQCLQIIQ4,3DXH3MNWMTGWZTD,LCVKQLXATF,Ranipet,9009270101,squareinfrasolutions328@example.com,www.squareinfra328.com,Tiruvallur,Owner 328,MD 328,81,Hierarchical,"Director A328, Director B328",Construction & Infrastructure,Roads & Buildings,Tamil Nadu,24,17,472173061,207809197,Stable,45884490,48,186,"Excavators, Cranes, Concrete Mixers",Low,146,Yes,No,Not Certified,Low,Compliant,Partial
Square Infra Solutions 329,Proprietorship,2006,NXSHFE80SP,RYILQAVRHT47MSE,MCUQQUESFB,Karur,9490010537,squareinfrasolutions329@example.com,www.squareinfra329.com,Theni,Owner 329,MD 329,469,Hierarchical,"Director A329, Director B329",Construction & Infrastructure,Roads & Buildings,Tamil Nadu,2,20,354861594,131838978,Stable,42351568,95,193,"Excavators, Cranes, Concrete Mixers",Low,32,Yes,Yes,Multiple,High,Non-Compliant,Partial
Square Infra Solutions 330,Pvt Ltd,2006,CYMYXYWHMH,XLJ2TD29F6OL4OF,0LEXRSA8QG,Tiruvannamalai,9950073735,squareinfrasolutions330@example.com,www.squareinfra330.com,Chennai,Owner 330,MD 330,44,Hierarchical,"Director A330, Director B330",Construction & Infrastructure,Roads & Buildings,Tamil Nadu,28,4,229365767,245190207,Stable,43503312,73,151,"Excavators, Cranes, Concrete Mixers",Low,297,Yes,Yes,ISO 9001,Low,Partial,Compliant
Square Infra Solutions 331,Ltd,2021,ZQSQDERQ0E,YL6IAOJ5ZMIOTCZ,8BZDKTIJ1B,Erode,9114062259,squareinfrasolutions331@example.com,www.squareinfra331.com,Salem,Owner 331,MD 331,238,Hierarchical,"Director A331, Director B331",Construction & Infrastructure,Roads & Buildings,Tamil Nadu,13,6,305820582,277248220,Moderate,12628880,28,56,"Excavators, Cranes, Concrete Mixers",High,49,Yes,Yes,ISO 14001,Medium,Partial,Partial
Square Infra Solutions 332,Pvt Ltd,2022,74VWNVW8PC,LH2L4RWHISU4ZS8,41YWTJYMTB,Cuddalore,9093170855,squareinfrasolutions332@example.com,www.squareinfra332.com,Tenkasi,Owner 332,MD 332,16,Hierarchical,"Director A332, Director B332",Construction & Infrastructure,Roads & Buildings,Tamil Nadu,7,19,194781975,116595750,At Risk,37564371,45,84,"Excavators, Cranes, Concrete Mixers",Low,57,Yes,No,ISO 9001,Low,Partial,Compliant
Square Infra Solutions 333,Ltd,2013,B9E28L9YGS,58P9P6PI9W3FLU8,F7LQAFH0HQ,Mayiladuthurai,9367488386,squareinfrasolutions333@example.com,www.squareinfra333.com,Tenkasi,Owner 333,MD 333,122,Hierarchical,"Director A333, Director B333",Construction & Infrastructure,Roads & Buildings,Tamil Nadu,1,13,11147936,53117509,Moderate,42714073,28,123,"Excavators, Cranes, Concrete Mixers",High,176,No,Yes,ISO 9001,Medium,Non-Compliant,Partial
Square Infra Solutions 334,Proprietorship,2015,LSXTC1T3JM,MB864JPRATZYIGN,E0FCCLG0M7,Nilgiris,9972213895,squareinfrasolutions334@example.com,www.squareinfra334.com,Dindigul,Owner 334,MD 334,290,Hierarchical,"Director A334, Director B334",Construction & Infrastructure,Roads & Buildings,Tamil Nadu,14,15,80771512,44589815,At Risk,11331423,45,33,"Excavators, Cranes, Concrete Mixers",Low,90,No,No,ISO 9001,High,Compliant,Compliant
Square Infra Solutions 335,Pvt Ltd,2012,79KATSN8MF,NOZ37EK22386DH9,NLD638AESW,Viluppuram,9178225745,squareinfrasolutions335@example.com,www.squareinfra335.com,Kallakurichi,Owner 335,MD 335,268,Hierarchical,"Director A335, Director B335",Construction & Infrastructure,Roads & Buildings,Tamil Nadu,10,10,465411776,72548338,Stable,28651358,56,66,"Excavators, Cranes, Concrete Mixers",High,46,Yes,No,ISO 9001,Medium,Non-Compliant,Partial
Square Infra Solutions 336,Pvt Ltd,1997,PBY98KKWRI,OBZC0K0MVG9QUYS,A8U7D1GWNF,Tirunelveli,9069338091,squareinfrasolutions336@example.com,www.squareinfra336.com,Nagapattinam,Owner 336,MD 336,326,Hierarchical,"Director A336, Director B336",Construction & Infrastructure,Roads & Buildings,Tamil Nadu,11,4,358134735,171742517,At Risk,34616259,54,134,"Excavators, Cranes, Concrete Mixers",High,83,Yes,No,ISO 9001,Low,Non-Compliant,Compliant
Square Infra Solutions 337,Partnership,2011,ITNSKBWA1G,93AM8GBDUXROBT8,0RTAUY3O54,Krishnagiri,9531200845,squareinfrasolutions337@example.com,www.squareinfra337.com,Namakkal,Owner 337,MD 337,90,Hierarchical,"Director A337, Director B337",Construction & Infrastructure,Roads & Buildings,Tamil Nadu,27,7,391047938,277038572,At Risk,7668141,92,123,"Excavators, Cranes, Concrete Mixers",Medium,255,No,No,ISO 14001,Low,Partial,Non-Compliant
Square Infra Solutions 338,Partnership,2016,1XZIP6HZL7,SMLA8FQKFYNBN49,0WT1DDZKAE,Nagapattinam,9661290235,squareinfrasolutions338@example.com,www.squareinfra338.com,Coimbatore,Owner 338,MD 338,142,Hierarchical,"Director A338, Director B338",Construction & Infrastructure,Roads & Buildings,Tamil Nadu,23,6,373422344,4611540,At Risk,3589793,88,190,"Excavators, Cranes, Concrete Mixers",High,177,No,Yes,Multiple,Medium,Compliant,Compliant
Square Infra Solutions 339,Ltd,1997,VOJEK86IZK,NRV7SM7B1PSC7ZT,WFQB1BT8SQ,Cuddalore,9885606173,squareinfrasolutions339@example.com,www.squareinfra339.com,Pudukkottai,Owner 339,MD 339,48,Hierarchical,"Director A339, Director B339",Construction & Infrastructure,Roads & Buildings,Tamil Nadu,24,18,354540238,134603203,Stable,26126670,84,36,"Excavators, Cranes, Concrete Mixers",High,217,No,No,ISO 9001,Low,Compliant,Compliant
Square Infra Solutions 340,Proprietorship,1999,3OPZNJPO3V,N1FGZ5QSLWTV4G1,HGGYRNJA7L,Salem,9551337937,squareinfrasolutions340@example.com,www.squareinfra340.com,Karur,Owner 340,MD 340,33,Hierarchical,"Director A340, Director B340",Construction & Infrastructure,Roads & Buildings,Tamil Nadu,3,14,280713636,292471526,Stable,25598889,99,20,"Excavators, Cranes, Concrete Mixers",Low,45,No,Yes,Multiple,Medium,Non-Compliant,Compliant
Square Infra Solutions 341,Partnership,2007,TXKSNKMELA,EMPD2QLVDOF8Z8Q,9R9FBRFHQ2,Theni,9597248537,squareinfrasolutions341@example.com,www.squareinfra341.com,Thanjavur,Owner 341,MD 341,416,Hierarchical,"Director A341, Director B341",Construction & Infrastructure,Roads & Buildings,Tamil Nadu,12,17,420588433,72791350,Moderate,3605248,99,176,"Excavators, Cranes, Concrete Mixers",High,150,No,Yes,ISO 9001,High,Partial,Partial
Square Infra Solutions 342,Pvt Ltd,2001,GFBVIBA1II,OTRYMWUKHCCGHOL,9HWT1HLCNS,Dharmapuri,9963037204,squareinfrasolutions342@example.com,www.squareinfra342.com,Tiruvarur,Owner 342,MD 342,327,Hierarchical,"Director A342, Director B342",Construction & Infrastructure,Roads & Buildings,Tamil Nadu,27,9,341098686,127492377,Stable,10598251,85,168,"Excavators, Cranes, Concrete Mixers",Low,131,Yes,Yes,Multiple,Medium,Compliant,Compliant
Square Infra Solutions 343,Ltd,2001,ABAWH1RUFK,FD2FV6QICAO3QPM,TG1CKLP2NN,Kallakurichi,9666832004,squareinfrasolutions343@example.com,www.squareinfra343.com,Sivaganga,Owner 343,MD 343,150,Hierarchical,"Director A343, Director B343",Construction & Infrastructure,Roads & Buildings,Tamil Nadu,7,23,359780184,217221714,Moderate,8363890,89,137,"Excavators, Cranes, Concrete Mixers",High,220,Yes,No,ISO 9001,High,Compliant,Compliant
Square Infra Solutions 344,Proprietorship,2010,1TRCD7GYP9,V2OUGHIYA038IOH,JV19IMAVNE,Thoothukudi,9498309167,squareinfrasolutions344@example.com,www.squareinfra344.com,Tiruvallur,Owner 344,MD 344,313,Hierarchical,"Director A344, Director B344",Construction & Infrastructure,Roads & Buildings,Tamil Nadu,24,11,494968390,79895603,Moderate,49011186,83,37,"Excavators, Cranes, Concrete Mixers",Low,31,No,Yes,ISO 45001,Medium,Non-Compliant,Partial
Square Infra Solutions 345,Ltd,2001,I9YIPBLY8Z,B9DO0J3T4HL165G,33T632D35K,Namakkal,9706754328,squareinfrasolutions345@example.com,www.squareinfra345.com,Sivaganga,Owner 345,MD 345,465,Hierarchical,"Director A345, Director B345",Construction & Infrastructure,Roads & Buildings,Tamil Nadu,14,6,138035890,26277392,Stable,13345886,19,95,"Excavators, Cranes, Concrete Mixers",High,200,Yes,No,Not Certified,High,Non-Compliant,Partial
Square Infra Solutions 346,Proprietorship,2021,D3I49P2Y0D,YCJ2V7ETI5ABVZW,HO9GIQZTEP,Vellore,9226354304,squareinfrasolutions346@example.com,www.squareinfra346.com,Tiruvallur,Owner 346,MD 346,424,Hierarchical,"Director A346, Director B346",Construction & Infrastructure,Roads & Buildings,Tamil Nadu,18,4,104114197,59210516,At Risk,19360211,11,164,"Excavators, Cranes, Concrete Mixers",Medium,260,No,No,Not Certified,High,Compliant,Partial
Square Infra Solutions 347,Ltd,2020,2JRLHTXG7E,MDXO9BB031B0PO5,UGGJXANZ3O,Virudhunagar,9155052054,squareinfrasolutions347@example.com,www.squareinfra347.com,Theni,Owner 347,MD 347,412,Hierarchical,"Director A347, Director B347",Construction & Infrastructure,Roads & Buildings,Tamil Nadu,14,6,428653931,139003041,Moderate,31669858,62,190,"Excavators, Cranes, Concrete Mixers",High,285,No,No,Multiple,High,Compliant,Compliant
Square Infra Solutions 348,Ltd,2000,RHW61ZW81F,XP1YHPVTZIOZBP5,1VZE8RJCJ1,Tenkasi,9945290562,squareinfrasolutions348@example.com,www.squareinfra348.com,Erode,Owner 348,MD 348,56,Hierarchical,"Director A348, Director B348",Construction & Infrastructure,Roads & Buildings,Tamil Nadu,3,8,377246549,7356237,Stable,17044839,15,163,"Excavators, Cranes, Concrete Mixers",Low,40,No,No,Multiple,Medium,Compliant,Non-Compliant
Square Infra Solutions 349,Ltd,2008,Y09KGHDXFO,FSN84GBFY9YKZPB,50F01NY5D4,Ariyalur,9034341238,squareinfrasolutions349@example.com,www.squareinfra349.com,Ramanathapuram,Owner 349,MD 349,302,Hierarchical,"Director A349, Director B349",Construction & Infrastructure,Roads & Buildings,Tamil Nadu,28,16,124352244,154311662,Moderate,34583878,26,82,"Excavators, Cranes, Concrete Mixers",Medium,113,Yes,No,ISO 45001,Low,Partial,Partial
Square Infra Solutions 350,Proprietorship,1997,0U0IV8LJLF,BXFAFHIEQZOC78A,MX58PHIHZ0,Ramanathapuram,9601091600,squareinfrasolutions350@example.com,www.squareinfra350.com,Tiruchirappalli,Owner 350,MD 350,373,Hierarchical,"Director A350, Director B350",Construction & Infrastructure,Roads & Buildings,Tamil Nadu,3,21,7489077,240826858,Stable,30814960,54,167,"Excavators, Cranes, Concrete Mixers",Low,62,Yes,Yes,Multiple,High,Non-Compliant,Non-Compliant
Square Infra Solutions 351,Pvt Ltd,2015,Y8JZ136AMY,GPZ1L2OU8KH7ICV,CVLI1EYLOF,Tirupathur,9537479851,squareinfrasolutions351@example.com,www.squareinfra351.com,Dharmapuri,Owner 351,MD 351,179,Hierarchical,"Director A351, Director B351",Construction & Infrastructure,Roads & Buildings,Tamil Nadu,26,9,51373996,238218040,Moderate,36524528,99,73,"Excavators, Cranes, Concrete Mixers",High,157,No,Yes,Not Certified,Medium,Partial,Partial
Square Infra Solutions 352,Ltd,2007,VN21ZKRO8A,EENOHGH9UQLF9UO,DTS1VXML1K,Ariyalur,9596026861,squareinfrasolutions352@example.com,www.squareinfra352.com,Ramanathapuram,Owner 352,MD 352,367,Hierarchical,"Director A352, Director B352",Construction & Infrastructure,Roads & Buildings,Tamil Nadu,13,24,149723461,178576942,Moderate,27354740,93,14,"Excavators, Cranes, Concrete Mixers",High,169,No,No,ISO 14001,Medium,Non-Compliant,Compliant
Square Infra Solutions 353,Ltd,2015,61ZG4KO9CS,2C7VD6HFISLVXPR,PFJCCNHVFR,Thanjavur,9661651821,squareinfrasolutions353@example.com,www.squareinfra353.com,Erode,Owner 353,MD 353,266,Hierarchical,"Director A353, Director B353",Construction & Infrastructure,Roads & Buildings,Tamil Nadu,9,13,418589314,19486723,Stable,21743769,95,182,"Excavators, Cranes, Concrete Mixers",Medium,154,No,No,Multiple,Low,Partial,Partial
Square Infra Solutions 354,Proprietorship,2014,RIGXTYEY5T,YBALJ1MWW4GHYP4,S40OUL8IAI,Tiruppur,9407099697,squareinfrasolutions354@example.com,www.squareinfra354.com,Sivaganga,Owner 354,MD 354,107,Hierarchical,"Director A354, Director B354",Construction & Infrastructure,Roads & Buildings,Tamil Nadu,21,22,59521833,140964317,Moderate,43961379,46,181,"Excavators, Cranes, Concrete Mixers",High,234,No,No,Not Certified,High,Non-Compliant,Non-Compliant
Square Infra Solutions 355,Ltd,1998,C88UCBFSIQ,89PZS0C0PW92NHB,PC6803RY11,Kallakurichi,9402215971,squareinfrasolutions355@example.com,www.squareinfra355.com,Vellore,Owner 355,MD 355,245,Hierarchical,"Director A355, Director B355",Construction & Infrastructure,Roads & Buildings,Tamil Nadu,26,2,101923430,73937961,Stable,13775030,16,66,"Excavators, Cranes, Concrete Mixers",Medium,166,No,Yes,ISO 9001,Low,Non-Compliant,Compliant
Square Infra Solutions 356,Partnership,2018,9P9DM1YPU7,PU1RD7DDDOPCBEO,AQE5S06V3E,Dindigul,9431451153,squareinfrasolutions356@example.com,www.squareinfra356.com,Kancheepuram,Owner 356,MD 356,363,Hierarchical,"Director A356, Director B356",Construction & Infrastructure,Roads & Buildings,Tamil Nadu,12,3,210795715,56453463,Moderate,24788038,86,21,"Excavators, Cranes, Concrete Mixers",Low,17,Yes,No,ISO 9001,Medium,Partial,Compliant
Square Infra Solutions 357,Ltd,2017,L5Q9LO3VJL,OXKY6O3AOROICYX,F95Y011ZJ7,Tiruvannamalai,9826599513,squareinfrasolutions357@example.com,www.squareinfra357.com,Dharmapuri,Owner 357,MD 357,428,Hierarchical,"Director A357, Director B357",Construction & Infrastructure,Roads & Buildings,Tamil Nadu,27,24,413517449,98149924,At Risk,26797047,23,153,"Excavators, Cranes, Concrete Mixers",High,293,Yes,No,ISO 9001,Medium,Non-Compliant,Compliant
Square Infra Solutions 358,Pvt Ltd,2022,781G010JE8,U96PMQ8WJAWTSNC,B6CY1V29U2,Perambalur,9940423017,squareinfrasolutions358@example.com,www.squareinfra358.com,Tirunelveli,Owner 358,MD 358,101,Hierarchical,"Director A358, Director B358",Construction & Infrastructure,Roads & Buildings,Tamil Nadu,22,21,73900299,236303028,Moderate,16228634,100,95,"Excavators, Cranes, Concrete Mixers",Low,262,Yes,No,ISO 9001,Medium,Partial,Compliant
Square Infra Solutions 359,Proprietorship,2008,JGVLOIVBG1,XCOX33KMVAXI0N0,XOI473EJH7,Kallakurichi,9752672432,squareinfrasolutions359@example.com,www.squareinfra359.com,Erode,Owner 359,MD 359,207,Hierarchical,"Director A359, Director B359",Construction & Infrastructure,Roads & Buildings,Tamil Nadu,14,21,429546246,115372190,At Risk,7616838,55,30,"Excavators, Cranes, Concrete Mixers",Low,170,Yes,No,ISO 45001,Medium,Partial,Compliant
Square Infra Solutions 360,Proprietorship,1995,2C43K9Z0TR,62G0IP27KO4Y17B,WK6KD0QLP1,Nagapattinam,9848095430,squareinfrasolutions360@example.com,www.squareinfra360.com,Nilgiris,Owner 360,MD 360,112,Hierarchical,"Director A360, Director B360",Construction & Infrastructure,Roads & Buildings,Tamil Nadu,4,5,211461943,279739376,Stable,17590465,78,81,"Excavators, Cranes, Concrete Mixers",Medium,44,Yes,No,ISO 45001,High,Non-Compliant,Partial
Square Infra Solutions 361,Ltd,1999,IBJE3T8UBL,LNRW096CVYX21SY,HZFBI9UM3Y,Tenkasi,9993625026,squareinfrasolutions361@example.com,www.squareinfra361.com,Chennai,Owner 361,MD 361,468,Hierarchical,"Director A361, Director B361",Construction & Infrastructure,Roads & Buildings,Tamil Nadu,16,22,199897447,210984500,Stable,7103466,32,127,"Excavators, Cranes, Concrete Mixers",Medium,234,No,No,ISO 14001,Low,Non-Compliant,Partial
Square Infra Solutions 362,Proprietorship,2016,T3AIMWQICA,J5OAGT7BJNYPMY6,BK4XD70ZRO,Tiruvarur,9401769341,squareinfrasolutions362@example.com,www.squareinfra362.com,Sivaganga,Owner 362,MD 362,336,Hierarchical,"Director A362, Director B362",Construction & Infrastructure,Roads & Buildings,Tamil Nadu,15,4,418580702,256172795,Moderate,22691275,66,198,"Excavators, Cranes, Concrete Mixers",Low,283,No,Yes,Multiple,High,Compliant,Non-Compliant
Square Infra Solutions 363,Pvt Ltd,2006,A91YLWEJSP,YBW58N17XB8001P,4N2N86JH5Z,Tirunelveli,9226500524,squareinfrasolutions363@example.com,www.squareinfra363.com,Tirunelveli,Owner 363,MD 363,268,Hierarchical,"Director A363, Director B363",Construction & Infrastructure,Roads & Buildings,Tamil Nadu,9,12,12509522,289111654,Moderate,22490888,63,114,"Excavators, Cranes, Concrete Mixers",Low,33,No,Yes,Not Certified,Medium,Compliant,Partial
Square Infra Solutions 364,Pvt Ltd,2006,W3B2R0I0VU,EEZF0H8A7V4J7JZ,TENE22D4OP,Tirupathur,9403990322,squareinfrasolutions364@example.com,www.squareinfra364.com,Kancheepuram,Owner 364,MD 364,405,Hierarchical,"Director A364, Director B364",Construction & Infrastructure,Roads & Buildings,Tamil Nadu,5,17,138645597,175113776,Moderate,8917981,99,32,"Excavators, Cranes, Concrete Mixers",Medium,63,No,No,Multiple,Low,Non-Compliant,Partial
Square Infra Solutions 365,Pvt Ltd,2016,ILM52LTXSN,ESUT59Z0VL0XYXX,AUNIY668W0,Tenkasi,9110738735,squareinfrasolutions365@example.com,www.squareinfra365.com,Ranipet,Owner 365,MD 365,432,Hierarchical,"Director A365, Director B365",Construction & Infrastructure,Roads & Buildings,Tamil Nadu,7,16,382588105,161409128,At Risk,31753459,86,146,"Excavators, Cranes, Concrete Mixers",Medium,68,Yes,No,ISO 45001,High,Non-Compliant,Compliant
Square Infra Solutions 366,Partnership,1996,KW17NKAG5R,1BNT51AQVDX8N6X,WSQ1XDYR51,Virudhunagar,9585501949,squareinfrasolutions366@example.com,www.squareinfra366.com,Dindigul,Owner 366,MD 366,437,Hierarchical,"Director A366, Director B366",Construction & Infrastructure,Roads & Buildings,Tamil Nadu,21,14,42612124,127726684,At Risk,48330190,72,139,"Excavators, Cranes, Concrete Mixers",High,94,No,Yes,ISO 45001,Medium,Partial,Partial
Square Infra Solutions 367,Partnership,1996,0FMAYB0C81,9HLXKB4FTUN4WNM,Q14XN4SHA2,Namakkal,9832208518,squareinfrasolutions367@example.com,www.squareinfra367.com,Tiruvannamalai,Owner 367,MD 367,279,Hierarchical,"Director A367, Director B367",Construction & Infrastructure,Roads & Buildings,Tamil Nadu,28,8,112496670,191878797,Stable,15377305,99,55,"Excavators, Cranes, Concrete Mixers",High,96,No,No,ISO 14001,Medium,Compliant,Non-Compliant
Square Infra Solutions 368,Pvt Ltd,1997,LB9GSNSJIM,HME9JTZR7DCD4XH,JZE2IB23RA,Cuddalore,9224264465,squareinfrasolutions368@example.com,www.squareinfra368.com,Sivaganga,Owner 368,MD 368,192,Hierarchical,"Director A368, Director B368",Construction & Infrastructure,Roads & Buildings,Tamil Nadu,29,17,348990382,246717559,Moderate,9497813,20,167,"Excavators, Cranes, Concrete Mixers",High,119,No,Yes,ISO 14001,Low,Partial,Non-Compliant
Square Infra Solutions 369,Proprietorship,2019,FUJLXDV58R,MH2C2TBM2CTQG8I,N4RN9VGS4V,Vellore,9594801260,squareinfrasolutions369@example.com,www.squareinfra369.com,Thoothukudi,Owner 369,MD 369,419,Hierarchical,"Director A369, Director B369",Construction & Infrastructure,Roads & Buildings,Tamil Nadu,6,15,450356499,116453468,Moderate,47611297,23,106,"Excavators, Cranes, Concrete Mixers",High,26,No,Yes,ISO 9001,Low,Compliant,Non-Compliant
Square Infra Solutions 370,Partnership,2018,EIV1CGIRS7,8PMZ5N8MYB49037,FAPSW48618,Pudukkottai,9484504531,squareinfrasolutions370@example.com,www.squareinfra370.com,Thanjavur,Owner 370,MD 370,482,Hierarchical,"Director A370, Director B370",Construction & Infrastructure,Roads & Buildings,Tamil Nadu,24,25,241561952,90775331,Stable,19712182,10,177,"Excavators, Cranes, Concrete Mixers",Low,40,Yes,No,Multiple,Medium,Compliant,Compliant
Square Infra Solutions 371,Ltd,1999,IPF8KEJ6Q5,7CPX07PSKOSKAJI,E5CH5YSP8L,Tiruvannamalai,9977520816,squareinfrasolutions371@example.com,www.squareinfra371.com,Tenkasi,Owner 371,MD 371,14,Hierarchical,"Director A371, Director B371",Construction & Infrastructure,Roads & Buildings,Tamil Nadu,25,7,11878584,118395219,Moderate,24951900,50,134,"Excavators, Cranes, Concrete Mixers",High,80,Yes,No,Multiple,Low,Non-Compliant,Partial
Square Infra Solutions 372,Partnership,2012,YSY8JO5QOY,TKJF1FIK004ZI1U,K786KWNZ1W,Viluppuram,9086623350,squareinfrasolutions372@example.com,www.squareinfra372.com,Dindigul,Owner 372,MD 372,123,Hierarchical,"Director A372, Director B372",Construction & Infrastructure,Roads & Buildings,Tamil Nadu,26,18,105351311,200337950,Stable,2334438,66,122,"Excavators, Cranes, Concrete Mixers",Low,207,No,No,ISO 9001,Low,Non-Compliant,Non-Compliant
Square Infra Solutions 373,Proprietorship,2003,A2YOHVJXRG,YEMDG31MOCAQGZ6,DZEISBHTO5,Namakkal,9634078594,squareinfrasolutions373@example.com,www.squareinfra373.com,Tiruvallur,Owner 373,MD 373,351,Hierarchical,"Director A373, Director B373",Construction & Infrastructure,Roads & Buildings,Tamil Nadu,22,3,380988373,22472037,Moderate,7886048,57,56,"Excavators, Cranes, Concrete Mixers",Medium,25,No,Yes,Not Certified,Low,Non-Compliant,Compliant
Square Infra Solutions 374,Pvt Ltd,2015,0T1AE1OC0G,4GT8YDUS8WR7S31,FA4WQ9HOX3,Dharmapuri,9110309839,squareinfrasolutions374@example.com,www.squareinfra374.com,Erode,Owner 374,MD 374,32,Hierarchical,"Director A374, Director B374",Construction & Infrastructure,Roads & Buildings,Tamil Nadu,15,22,449587552,158456750,Moderate,10442688,8,44,"Excavators, Cranes, Concrete Mixers",Low,238,Yes,No,Multiple,Medium,Compliant,Partial
Square Infra Solutions 375,Partnership,2012,160VMIVE26,IFDEX9B0IY7XXNR,0NQFHJQYM2,Theni,9323443215,squareinfrasolutions375@example.com,www.squareinfra375.com,Nilgiris,Owner 375,MD 375,407,Hierarchical,"Director A375, Director B375",Construction & Infrastructure,Roads & Buildings,Tamil Nadu,18,24,159841491,54591514,Moderate,33559992,31,77,"Excavators, Cranes, Concrete Mixers",Medium,44,No,Yes,ISO 14001,Medium,Partial,Compliant
Square Infra Solutions 376,Partnership,2018,O111UA640Q,H9YYTAQ0G4R06A3,8ZULMV34R1,Tiruvallur,9942477872,squareinfrasolutions376@example.com,www.squareinfra376.com,Krishnagiri,Owner 376,MD 376,220,Hierarchical,"Director A376, Director B376",Construction & Infrastructure,Roads & Buildings,Tamil Nadu,17,14,163909998,100180232,Stable,15381503,62,129,"Excavators, Cranes, Concrete Mixers",Low,271,Yes,No,Multiple,Low,Compliant,Non-Compliant
Square Infra Solutions 377,Pvt Ltd,2005,V7N6MQD8HL,OGZNQFMXHNGMI5E,V1DU9FAPIB,Kallakurichi,9466192866,squareinfrasolutions377@example.com,www.squareinfra377.com,Tenkasi,Owner 377,MD 377,241,Hierarchical,"Director A377, Director B377",Construction & Infrastructure,Roads & Buildings,Tamil Nadu,10,18,262251556,122943749,Stable,39392929,49,188,"Excavators, Cranes, Concrete Mixers",High,121,Yes,Yes,ISO 45001,Low,Non-Compliant,Compliant
Square Infra Solutions 378,Pvt Ltd,2002,BOEGB8L5MN,6C2H8WC0T308SQ0,KEQKEJXS9Q,Tiruppur,9825761619,squareinfrasolutions378@example.com,www.squareinfra378.com,Krishnagiri,Owner 378,MD 378,357,Hierarchical,"Director A378, Director B378",Construction & Infrastructure,Roads & Buildings,Tamil Nadu,13,22,215603523,230704142,Stable,29527301,5,137,"Excavators, Cranes, Concrete Mixers",Low,280,No,Yes,ISO 45001,High,Partial,Compliant
Square Infra Solutions 379,Ltd,2000,HD3KDOTVPS,9I4O0ZTOC0GUML9,MKE19BN0OP,Theni,9200297854,squareinfrasolutions379@example.com,www.squareinfra379.com,Namakkal,Owner 379,MD 379,310,Hierarchical,"Director A379, Director B379",Construction & Infrastructure,Roads & Buildings,Tamil Nadu,26,12,350191566,80815654,At Risk,7503142,92,54,"Excavators, Cranes, Concrete Mixers",High,34,No,Yes,ISO 9001,Medium,Compliant,Non-Compliant
Square Infra Solutions 380,Pvt Ltd,2007,TLFMTPM3M4,58OA6XHWI9UXHS1,KVF7XEEVW3,Nagapattinam,9447218900,squareinfrasolutions380@example.com,www.squareinfra380.com,Theni,Owner 380,MD 380,448,Hierarchical,"Director A380, Director B380",Construction & Infrastructure,Roads & Buildings,Tamil Nadu,7,3,349439128,255588488,Stable,8324775,42,82,"Excavators, Cranes, Concrete Mixers",High,283,Yes,No,Not Certified,Low,Non-Compliant,Partial
Square Infra Solutions 381,Ltd,1998,9FWDX81BF7,NX52AR8YJQ135GQ,87BRS1NS9C,Tiruvannamalai,9882962177,squareinfrasolutions381@example.com,www.squareinfra381.com,Ranipet,Owner 381,MD 381,444,Hierarchical,"Director A381, Director B381",Construction & Infrastructure,Roads & Buildings,Tamil Nadu,15,9,145108345,32248536,Stable,38880449,57,119,"Excavators, Cranes, Concrete Mixers",High,47,Yes,No,Multiple,High,Non-Compliant,Partial
Square Infra Solutions 382,Proprietorship,2010,PQWR5U0V5I,9KB11W7PUJ0R9AW,TRXYYOA8J4,Karur,9894673443,squareinfrasolutions382@example.com,www.squareinfra382.com,Coimbatore,Owner 382,MD 382,81,Hierarchical,"Director A382, Director B382",Construction & Infrastructure,Roads & Buildings,Tamil Nadu,24,2,141796937,2115010,Stable,37824979,24,159,"Excavators, Cranes, Concrete Mixers",High,244,No,Yes,Multiple,Low,Compliant,Non-Compliant
Square Infra Solutions 383,Ltd,2006,0ALXJ0GWI2,T4WL7YSOOASJ1Z9,TV27Y3P2QB,Madurai,9298307051,squareinfrasolutions383@example.com,www.squareinfra383.com,Namakkal,Owner 383,MD 383,369,Hierarchical,"Director A383, Director B383",Construction & Infrastructure,Roads & Buildings,Tamil Nadu,13,13,164759474,98986498,At Risk,15058595,25,60,"Excavators, Cranes, Concrete Mixers",Low,162,No,No,ISO 45001,Medium,Compliant,Compliant
Square Infra Solutions 384,Ltd,1998,HPC6RXBI0M,ZY3S8L664USN07J,2VLPKEDRTJ,Perambalur,9851703750,squareinfrasolutions384@example.com,www.squareinfra384.com,Tirupathur,Owner 384,MD 384,147,Hierarchical,"Director A384, Director B384",Construction & Infrastructure,Roads & Buildings,Tamil Nadu,1,23,257873485,199458548,Stable,28256690,85,163,"Excavators, Cranes, Concrete Mixers",Medium,51,Yes,Yes,Not Certified,Low,Compliant,Compliant
Square Infra Solutions 385,Pvt Ltd,2017,D2IZHS44T7,H34RG5QYUC394NL,DQRR52RRJY,Cuddalore,9056031067,squareinfrasolutions385@example.com,www.squareinfra385.com,Thanjavur,Owner 385,MD 385,117,Hierarchical,"Director A385, Director B385",Construction & Infrastructure,Roads & Buildings,Tamil Nadu,24,4,87302528,103909677,Moderate,9793372,86,31,"Excavators, Cranes, Concrete Mixers",High,184,No,No,Multiple,High,Non-Compliant,Partial
Square Infra Solutions 386,Partnership,2014,OZHBL5D7UJ,TB514VWUZI1JTHH,EZK3NTQLL1,Chennai,9330029432,squareinfrasolutions386@example.com,www.squareinfra386.com,Tiruvannamalai,Owner 386,MD 386,22,Hierarchical,"Director A386, Director B386",Construction & Infrastructure,Roads & Buildings,Tamil Nadu,28,7,446632303,29564529,Stable,39771713,26,84,"Excavators, Cranes, Concrete Mixers",Medium,218,No,No,Not Certified,High,Partial,Compliant
Square Infra Solutions 387,Pvt Ltd,1995,KH13Y2XFEO,5S7D7DX6CACPICH,1W7MDQM8XB,Tirupathur,9794494229,squareinfrasolutions387@example.com,www.squareinfra387.com,Kancheepuram,Owner 387,MD 387,52,Hierarchical,"Director A387, Director B387",Construction & Infrastructure,Roads & Buildings,Tamil Nadu,27,2,441805425,61824746,At Risk,39679741,95,183,"Excavators, Cranes, Concrete Mixers",Low,261,Yes,No,Not Certified,Low,Partial,Compliant
Square Infra Solutions 388,Pvt Ltd,2000,QWYNG9OHAI,QLOTXHF9O0HMFWG,KHLZUJ0786,Tenkasi,9968453810,squareinfrasolutions388@example.com,www.squareinfra388.com,Kallakurichi,Owner 388,MD 388,307,Hierarchical,"Director A388, Director B388",Construction & Infrastructure,Roads & Buildings,Tamil Nadu,27,5,343847127,44502840,Stable,17311298,99,12,"Excavators, Cranes, Concrete Mixers",Medium,299,No,Yes,ISO 14001,Medium,Non-Compliant,Compliant
Square Infra Solutions 389,Pvt Ltd,2020,GGZBFAPURU,CHETLCOU6T4HC2Y,6ZCOUIQD73,Karur,9418043583,squareinfrasolutions389@example.com,www.squareinfra389.com,Ranipet,Owner 389,MD 389,107,Hierarchical,"Director A389, Director B389",Construction & Infrastructure,Roads & Buildings,Tamil Nadu,4,4,10581398,198651493,At Risk,32266119,15,152,"Excavators, Cranes, Concrete Mixers",Medium,280,No,Yes,Not Certified,Medium,Partial,Compliant
Square Infra Solutions 390,Ltd,2013,RF757Z6UZZ,JHBN5JROQIGS5NR,90YGY5Z244,Tenkasi,9453742854,squareinfrasolutions390@example.com,www.squareinfra390.com,Ramanathapuram,Owner 390,MD 390,170,Hierarchical,"Director A390, Director B390",Construction & Infrastructure,Roads & Buildings,Tamil Nadu,10,19,453270258,219420783,Moderate,37332159,5,198,"Excavators, Cranes, Concrete Mixers",Medium,122,No,No,ISO 9001,High,Compliant,Non-Compliant
Square Infra Solutions 391,Ltd,2012,00T81LLD9Q,DLC030038GOG2BN,4OFPBI3PQU,Namakkal,9615811932,squareinfrasolutions391@example.com,www.squareinfra391.com,Thanjavur,Owner 391,MD 391,67,Hierarchical,"Director A391, Director B391",Construction & Infrastructure,Roads & Buildings,Tamil Nadu,21,25,260788681,40392365,Stable,7811158,80,90,"Excavators, Cranes, Concrete Mixers",High,170,Yes,Yes,Multiple,Low,Non-Compliant,Compliant
Square Infra Solutions 392,Pvt Ltd,2006,G3KZZNDB16,JS9DSO3E9PQIDBS,N93363TUJM,Madurai,9071540918,squareinfrasolutions392@example.com,www.squareinfra392.com,Nagapattinam,Owner 392,MD 392,386,Hierarchical,"Director A392, Director B392",Construction & Infrastructure,Roads & Buildings,Tamil Nadu,4,19,236968254,139300082,Moderate,27237798,95,116,"Excavators, Cranes, Concrete Mixers",Medium,170,No,Yes,ISO 14001,High,Non-Compliant,Non-Compliant
Square Infra Solutions 393,Ltd,2002,50YEXAT8VA,11OCC1IZP3NQZ2X,OSXBY920N5,Kancheepuram,9022896062,squareinfrasolutions393@example.com,www.squareinfra393.com,Namakkal,Owner 393,MD 393,300,Hierarchical,"Director A393, Director B393",Construction & Infrastructure,Roads & Buildings,Tamil Nadu,4,4,396416909,119674788,Stable,8363150,7,41,"Excavators, Cranes, Concrete Mixers",Low,241,No,No,Not Certified,Low,Compliant,Partial
Square Infra Solutions 394,Ltd,1999,900ASU42D4,6TTIYNKNYIFCZN4,DWTCDI97GH,Krishnagiri,9803967517,squareinfrasolutions394@example.com,www.squareinfra394.com,Tiruppur,Owner 394,MD 394,378,Hierarchical,"Director A394, Director B394",Construction & Infrastructure,Roads & Buildings,Tamil Nadu,27,18,297188603,204175336,Stable,10237465,37,113,"Excavators, Cranes, Concrete Mixers",High,35,Yes,Yes,Multiple,Low,Non-Compliant,Compliant
Square Infra Solutions 395,Proprietorship,1995,LWDUKQJX0G,70RXZWV7JXUAEA1,L0LAVOMOH9,Kancheepuram,9529304954,squareinfrasolutions395@example.com,www.squareinfra395.com,Theni,Owner 395,MD 395,219,Hierarchical,"Director A395, Director B395",Construction & Infrastructure,Roads & Buildings,Tamil Nadu,3,15,235132529,103674045,Stable,36838609,69,93,"Excavators, Cranes, Concrete Mixers",Medium,197,Yes,No,ISO 14001,High,Non-Compliant,Compliant
Square Infra Solutions 396,Proprietorship,2016,3Z8XM8B144,TWZ98YNKBH16BBO,SY5VIYUV2I,Nagapattinam,9174931918,squareinfrasolutions396@example.com,www.squareinfra396.com,Dharmapuri,Owner 396,MD 396,370,Hierarchical,"Director A396, Director B396",Construction & Infrastructure,Roads & Buildings,Tamil Nadu,12,8,240276481,271212421,At Risk,37653536,53,158,"Excavators, Cranes, Concrete Mixers",Medium,26,Yes,No,Multiple,Low,Non-Compliant,Compliant
Square Infra Solutions 397,Partnership,2019,57VX13J33W,JHS3VJRHF7VR8AK,72D3ZJ71LE,Coimbatore,9414019631,squareinfrasolutions397@example.com,www.squareinfra397.com,Virudhunagar,Owner 397,MD 397,15,Hierarchical,"Director A397, Director B397",Construction & Infrastructure,Roads & Buildings,Tamil Nadu,30,21,413759693,3946277,At Risk,7566602,51,68,"Excavators, Cranes, Concrete Mixers",Medium,84,No,Yes,ISO 14001,High,Compliant,Partial
Square Infra Solutions 398,Pvt Ltd,2007,IMJ0BERWL7,SH03LRGISB9UR1F,CPBHA71VU6,Sivaganga,9531102293,squareinfrasolutions398@example.com,www.squareinfra398.com,Nagapattinam,Owner 398,MD 398,370,Hierarchical,"Director A398, Director B398",Construction & Infrastructure,Roads & Buildings,Tamil Nadu,5,15,414083918,30160204,Moderate,41466182,13,102,"Excavators, Cranes, Concrete Mixers",Low,10,Yes,No,Multiple,High,Non-Compliant,Partial
Square Infra Solutions 399,Partnership,2017,8512N6RRN6,WCGFI265IQBMWXN,YGDJZEXK2U,Namakkal,9249435192,squareinfrasolutions399@example.com,www.squareinfra399.com,Chengalpattu,Owner 399,MD 399,28,Hierarchical,"Director A399, Director B399",Construction & Infrastructure,Roads & Buildings,Tamil Nadu,17,11,220062989,34154366,Moderate,19085896,82,63,"Excavators, Cranes, Concrete Mixers",Medium,95,No,No,ISO 14001,Low,Partial,Compliant
Square Infra Solutions 400,Proprietorship,2001,W4DKIKT2C2,U3NBRR5TZN9643J,R5SAE5WZIX,Pudukkottai,9692722227,squareinfrasolutions400@example.com,www.squareinfra400.com,Perambalur,Owner 400,MD 400,492,Hierarchical,"Director A400, Director B400",Construction & Infrastructure,Roads & Buildings,Tamil Nadu,2,8,46036812,97461837,Moderate,21477697,47,73,"Excavators, Cranes, Concrete Mixers",Medium,234,Yes,No,Not Certified,High,Non-Compliant,Compliant
Square Infra Solutions 401,Pvt Ltd,2013,7P0MF2OAXT,H8BQ9WHBRTYWIQH,G5631YHG09,Thanjavur,9874684060,squareinfrasolutions401@example.com,www.squareinfra401.com,Ramanathapuram,Owner 401,MD 401,352,Hierarchical,"Director A401, Director B401",Construction & Infrastructure,Roads & Buildings,Tamil Nadu,24,25,285444079,248201894,Moderate,15298961,58,165,"Excavators, Cranes, Concrete Mixers",Medium,288,Yes,No,ISO 14001,High,Non-Compliant,Compliant
Square Infra Solutions 402,Pvt Ltd,2007,S5OCVYVO7U,5OFDIQKOQP6CDZX,8W21RSC59B,Perambalur,9309090314,squareinfrasolutions402@example.com,www.squareinfra402.com,Tenkasi,Owner 402,MD 402,236,Hierarchical,"Director A402, Director B402",Construction & Infrastructure,Roads & Buildings,Tamil Nadu,27,18,322146337,86412336,Moderate,39258788,91,186,"Excavators, Cranes, Concrete Mixers",Low,61,Yes,Yes,ISO 45001,Low,Partial,Non-Compliant
Square Infra Solutions 403,Proprietorship,2014,KDEUMX1STZ,O5WDL4RXA8JDPRX,774Z54ZGDT,Viluppuram,9632658709,squareinfrasolutions403@example.com,www.squareinfra403.com,Tiruvarur,Owner 403,MD 403,23,Hierarchical,"Director A403, Director B403",Construction & Infrastructure,Roads & Buildings,Tamil Nadu,12,9,469928781,16863130,Stable,16617595,44,118,"Excavators, Cranes, Concrete Mixers",High,81,Yes,Yes,ISO 45001,Medium,Compliant,Compliant
Square Infra Solutions 404,Ltd,2008,XFB9MP64YY,X1LL258P6EJISOF,YNTNKLRMVI,Perambalur,9071559195,squareinfrasolutions404@example.com,www.squareinfra404.com,Krishnagiri,Owner 404,MD 404,210,Hierarchical,"Director A404, Director B404",Construction & Infrastructure,Roads & Buildings,Tamil Nadu,12,15,117611651,166916937,Moderate,11986873,80,108,"Excavators, Cranes, Concrete Mixers",Low,273,Yes,No,Not Certified,High,Partial,Non-Compliant
Square Infra Solutions 405,Proprietorship,2009,WHB7JH6ZYC,QEO26RGJ1OVKP9W,QC7SUMGN0F,Coimbatore,9956423481,squareinfrasolutions405@example.com,www.squareinfra405.com,Nagapattinam,Owner 405,MD 405,368,Hierarchical,"Director A405, Director B405",Construction & Infrastructure,Roads & Buildings,Tamil Nadu,6,25,174001388,26233606,At Risk,34841020,98,176,"Excavators, Cranes, Concrete Mixers",High,18,Yes,No,Not Certified,Low,Partial,Non-Compliant
Square Infra Solutions 406,Ltd,2010,XI3BP3J8S7,XMB5Y4Z36RV6OKZ,63VXLZ4077,Salem,9076492024,squareinfrasolutions406@example.com,www.squareinfra406.com,Tenkasi,Owner 406,MD 406,14,Hierarchical,"Director A406, Director B406",Construction & Infrastructure,Roads & Buildings,Tamil Nadu,20,14,260732441,154913622,Stable,1508777,97,66,"Excavators, Cranes, Concrete Mixers",Low,160,Yes,Yes,ISO 14001,Medium,Non-Compliant,Partial
Square Infra Solutions 407,Ltd,2003,FXC7T4DZN8,0K4XKBA73GHITFK,44MMHCQ7MF,Mayiladuthurai,9063591301,squareinfrasolutions407@example.com,www.squareinfra407.com,Kallakurichi,Owner 407,MD 407,350,Hierarchical,"Director A407, Director B407",Construction & Infrastructure,Roads & Buildings,Tamil Nadu,6,9,329677953,191044816,At Risk,46816957,79,22,"Excavators, Cranes, Concrete Mixers",High,235,No,No,ISO 14001,High,Compliant,Compliant
Square Infra Solutions 408,Pvt Ltd,2004,G7XWOLR6G3,GHR0YIX47HMQ0D8,JUJUWO8S4E,Ramanathapuram,9878422198,squareinfrasolutions408@example.com,www.squareinfra408.com,Theni,Owner 408,MD 408,70,Hierarchical,"Director A408, Director B408",Construction & Infrastructure,Roads & Buildings,Tamil Nadu,29,10,42695724,124112078,Stable,47246851,91,25,"Excavators, Cranes, Concrete Mixers",Low,104,Yes,No,Not Certified,Low,Compliant,Non-Compliant
Square Infra Solutions 409,Pvt Ltd,2003,A4YMYSJLR5,7JKOYNU6W21OMT3,E85W5Q2Y2B,Tiruchirappalli,9771881164,squareinfrasolutions409@example.com,www.squareinfra409.com,Vellore,Owner 409,MD 409,97,Hierarchical,"Director A409, Director B409",Construction & Infrastructure,Roads & Buildings,Tamil Nadu,27,5,472242155,249144949,Stable,31291833,61,89,"Excavators, Cranes, Concrete Mixers",Medium,191,Yes,No,ISO 45001,High,Non-Compliant,Partial
Square Infra Solutions 410,Proprietorship,2018,03VW5NB0W6,0RS6JM2YRGNGYZ8,HXP8TUW7FD,Tenkasi,9790826046,squareinfrasolutions410@example.com,www.squareinfra410.com,Tirupathur,Owner 410,MD 410,291,Hierarchical,"Director A410, Director B410",Construction & Infrastructure,Roads & Buildings,Tamil Nadu,29,10,435754792,24126434,At Risk,5488551,98,24,"Excavators, Cranes, Concrete Mixers",High,192,Yes,No,ISO 9001,Medium,Partial,Partial
Square Infra Solutions 411,Partnership,1997,P0WR7YCP1G,GOQ0ZW25RU5WZSI,B1HHUR48C4,Ranipet,9930374039,squareinfrasolutions411@example.com,www.squareinfra411.com,Nilgiris,Owner 411,MD 411,312,Hierarchical,"Director A411, Director B411",Construction & Infrastructure,Roads & Buildings,Tamil Nadu,12,10,154379865,52134550,At Risk,11609869,7,34,"Excavators, Cranes, Concrete Mixers",Low,120,Yes,Yes,Multiple,High,Partial,Non-Compliant
Square Infra Solutions 412,Pvt Ltd,2019,AV5C7EQ34S,88LSWVF7TOIY1T8,E0LDLH1RHL,Tirunelveli,9894924551,squareinfrasolutions412@example.com,www.squareinfra412.com,Tiruvannamalai,Owner 412,MD 412,448,Hierarchical,"Director A412, Director B412",Construction & Infrastructure,Roads & Buildings,Tamil Nadu,29,21,256734392,42168682,Stable,27408796,10,79,"Excavators, Cranes, Concrete Mixers",High,121,Yes,Yes,ISO 45001,Low,Non-Compliant,Non-Compliant
Square Infra Solutions 413,Ltd,1995,7H1HB72NYJ,DQBI076NYO8OI7E,YVCBXAPOYW,Cuddalore,9423311726,squareinfrasolutions413@example.com,www.squareinfra413.com,Tenkasi,Owner 413,MD 413,110,Hierarchical,"Director A413, Director B413",Construction & Infrastructure,Roads & Buildings,Tamil Nadu,21,14,419408555,24267562,At Risk,14356259,91,195,"Excavators, Cranes, Concrete Mixers",Low,242,No,No,Not Certified,Medium,Compliant,Non-Compliant
Square Infra Solutions 414,Ltd,2005,11GTMDDZQC,FCLAWHBUQWG6D0Q,0J91MNZXMD,Cuddalore,9019868169,squareinfrasolutions414@example.com,www.squareinfra414.com,Tiruvallur,Owner 414,MD 414,144,Hierarchical,"Director A414, Director B414",Construction & Infrastructure,Roads & Buildings,Tamil Nadu,27,16,225915443,17883310,At Risk,28798966,50,94,"Excavators, Cranes, Concrete Mixers",High,253,No,No,ISO 45001,High,Compliant,Partial
Square Infra Solutions 415,Proprietorship,2008,LXP0OA7XHX,LL8KQ1MSLNUA4RV,RXYSRT4ARU,Theni,9908628094,squareinfrasolutions415@example.com,www.squareinfra415.com,Kallakurichi,Owner 415,MD 415,347,Hierarchical,"Director A415, Director B415",Construction & Infrastructure,Roads & Buildings,Tamil Nadu,2,15,71147260,104087682,At Risk,44141403,90,120,"Excavators, Cranes, Concrete Mixers",Low,80,Yes,No,ISO 9001,High,Compliant,Compliant
Square Infra Solutions 416,Ltd,2012,2GYKBPLOSJ,FKFWE406KXW6CPJ,XAQEFEQRMS,Tiruchirappalli,9657525158,squareinfrasolutions416@example.com,www.squareinfra416.com,Nilgiris,Owner 416,MD 416,35,Hierarchical,"Director A416, Director B416",Construction & Infrastructure,Roads & Buildings,Tamil Nadu,7,18,359084511,44208968,Stable,43643363,77,109,"Excavators, Cranes, Concrete Mixers",High,260,No,No,ISO 14001,High,Non-Compliant,Compliant
Square Infra Solutions 417,Proprietorship,1997,O2UKHCGBJU,6FX9OYV2VHIN4O8,MYFSEWF712,Tiruppur,9345849662,squareinfrasolutions417@example.com,www.squareinfra417.com,Nagapattinam,Owner 417,MD 417,18,Hierarchical,"Director A417, Director B417",Construction & Infrastructure,Roads & Buildings,Tamil Nadu,25,13,359149169,283316090,Moderate,2342160,50,62,"Excavators, Cranes, Concrete Mixers",High,300,Yes,Yes,ISO 45001,Low,Non-Compliant,Compliant
Square Infra Solutions 418,Ltd,1996,XIGEQDXMOH,FDJF30Z86GNDKTB,ZIU29QTU8Y,Vellore,9102871151,squareinfrasolutions418@example.com,www.squareinfra418.com,Dharmapuri,Owner 418,MD 418,423,Hierarchical,"Director A418, Director B418",Construction & Infrastructure,Roads & Buildings,Tamil Nadu,30,7,323727959,138108155,Stable,28456607,20,42,"Excavators, Cranes, Concrete Mixers",Low,225,Yes,Yes,ISO 45001,High,Non-Compliant,Non-Compliant
Square Infra Solutions 419,Ltd,2012,AEUX6IH84F,HINJU9GZ47NQ6VN,QQUD8Q4TWU,Nilgiris,9124416601,squareinfrasolutions419@example.com,www.squareinfra419.com,Namakkal,Owner 419,MD 419,185,Hierarchical,"Director A419, Director B419",Construction & Infrastructure,Roads & Buildings,Tamil Nadu,13,24,261999844,6545994,Moderate,15508762,76,144,"Excavators, Cranes, Concrete Mixers",High,174,No,Yes,ISO 45001,High,Non-Compliant,Compliant
Square Infra Solutions 420,Ltd,2001,14UOO3U14D,XVNJJKA3ZWNP8HO,O3ESEDG7H1,Thoothukudi,9448034069,squareinfrasolutions420@example.com,www.squareinfra420.com,Kallakurichi,Owner 420,MD 420,271,Hierarchical,"Director A420, Director B420",Construction & Infrastructure,Roads & Buildings,Tamil Nadu,9,25,270849803,275184530,At Risk,3377286,63,85,"Excavators, Cranes, Concrete Mixers",Medium,69,No,Yes,ISO 45001,High,Compliant,Compliant
Square Infra Solutions 421,Ltd,2015,M5DHTVMGXH,2267A9J7P1EZVGP,KO6YWJG1Q6,Mayiladuthurai,9322687483,squareinfrasolutions421@example.com,www.squareinfra421.com,Theni,Owner 421,MD 421,201,Hierarchical,"Director A421, Director B421",Construction & Infrastructure,Roads & Buildings,Tamil Nadu,20,10,328020679,249208707,Stable,5740194,48,136,"Excavators, Cranes, Concrete Mixers",Medium,35,No,Yes,ISO 45001,Low,Compliant,Compliant
Square Infra Solutions 422,Partnership,1999,FSS42235WL,TCSZMFM7HU3G1DO,D6V4APD2RJ,Kancheepuram,9727166786,squareinfrasolutions422@example.com,www.squareinfra422.com,Karur,Owner 422,MD 422,116,Hierarchical,"Director A422, Director B422",Construction & Infrastructure,Roads & Buildings,Tamil Nadu,9,6,302200598,172481211,Moderate,5286347,41,137,"Excavators, Cranes, Concrete Mixers",High,198,No,Yes,Multiple,Medium,Compliant,Compliant
Square Infra Solutions 423,Ltd,1997,SHAP8LUP65,2ZE016DUVSER3IQ,SAAP0PF5LX,Tirupathur,9587374353,squareinfrasolutions423@example.com,www.squareinfra423.com,Ariyalur,Owner 423,MD 423,230,Hierarchical,"Director A423, Director B423",Construction & Infrastructure,Roads & Buildings,Tamil Nadu,2,18,106073567,42921819,Stable,33776791,67,30,"Excavators, Cranes, Concrete Mixers",High,192,Yes,Yes,ISO 9001,Medium,Compliant,Compliant
Square Infra Solutions 424,Proprietorship,2019,F128S4SRX9,3U8AFGQ3ZEXOMA2,HG16UXSCIS,Theni,9055257669,squareinfrasolutions424@example.com,www.squareinfra424.com,Kancheepuram,Owner 424,MD 424,78,Hierarchical,"Director A424, Director B424",Construction & Infrastructure,Roads & Buildings,Tamil Nadu,21,24,398307277,105333319,Stable,44232443,16,46,"Excavators, Cranes, Concrete Mixers",High,250,Yes,No,Not Certified,Medium,Partial,Partial
Square Infra Solutions 425,Pvt Ltd,2021,QRFD3C26MT,PWK1MR4RBICVU4S,6VNFI06ABU,Erode,9345329228,squareinfrasolutions425@example.com,www.squareinfra425.com,Sivaganga,Owner 425,MD 425,250,Hierarchical,"Director A425, Director B425",Construction & Infrastructure,Roads & Buildings,Tamil Nadu,28,19,460624650,296483237,Moderate,49936877,82,44,"Excavators, Cranes, Concrete Mixers",Low,79,Yes,Yes,ISO 14001,Low,Compliant,Compliant
Square Infra Solutions 426,Pvt Ltd,2017,UA934808NL,GOZ0B8QHLDVMPQH,7QTR3CXX5J,Madurai,9428841539,squareinfrasolutions426@example.com,www.squareinfra426.com,Mayiladuthurai,Owner 426,MD 426,41,Hierarchical,"Director A426, Director B426",Construction & Infrastructure,Roads & Buildings,Tamil Nadu,3,12,426497897,116831981,Moderate,47411115,19,194,"Excavators, Cranes, Concrete Mixers",High,176,Yes,Yes,ISO 45001,High,Partial,Compliant
Square Infra Solutions 427,Pvt Ltd,2007,GFPACONM2K,K838J21BHW2V56R,91ZJ7ARL54,Namakkal,9532037880,squareinfrasolutions427@example.com,www.squareinfra427.com,Thanjavur,Owner 427,MD 427,190,Hierarchical,"Director A427, Director B427",Construction & Infrastructure,Roads & Buildings,Tamil Nadu,16,21,403335741,161118184,Moderate,7203121,56,73,"Excavators, Cranes, Concrete Mixers",Medium,52,No,No,ISO 45001,High,Non-Compliant,Partial
Square Infra Solutions 428,Pvt Ltd,2010,E1Y3V4G2YQ,XKZPPMWONC93DIJ,DT2W8LCA8L,Tirupathur,9690469287,squareinfrasolutions428@example.com,www.squareinfra428.com,Tirupathur,Owner 428,MD 428,365,Hierarchical,"Director A428, Director B428",Construction & Infrastructure,Roads & Buildings,Tamil Nadu,15,16,416482281,203317651,Moderate,40780200,90,114,"Excavators, Cranes, Concrete Mixers",High,287,No,No,ISO 45001,Medium,Partial,Partial
Square Infra Solutions 429,Proprietorship,2011,9L316G9HS3,0L3H301FQ0OOFFM,YK4SKXQ3VX,Thoothukudi,9891072412,squareinfrasolutions429@example.com,www.squareinfra429.com,Thoothukudi,Owner 429,MD 429,280,Hierarchical,"Director A429, Director B429",Construction & Infrastructure,Roads & Buildings,Tamil Nadu,13,6,465755928,215196595,At Risk,34512759,82,77,"Excavators, Cranes, Concrete Mixers",Low,26,No,Yes,Not Certified,Low,Non-Compliant,Partial
Square Infra Solutions 430,Proprietorship,2015,J9LI0SCV9I,DA21PT8ZJHGKC0C,R8BAIVC2W7,Kancheepuram,9179027581,squareinfrasolutions430@example.com,www.squareinfra430.com,Tirupathur,Owner 430,MD 430,249,Hierarchical,"Director A430, Director B430",Construction & Infrastructure,Roads & Buildings,Tamil Nadu,9,12,276061103,241001131,Moderate,12328194,28,15,"Excavators, Cranes, Concrete Mixers",Low,111,Yes,No,ISO 45001,Low,Compliant,Non-Compliant
Square Infra Solutions 431,Proprietorship,2010,AJSF9NS80T,1XSD8DQHOUU6DKI,UNHG7K2JJW,Kallakurichi,9063707414,squareinfrasolutions431@example.com,www.squareinfra431.com,Tiruvallur,Owner 431,MD 431,61,Hierarchical,"Director A431, Director B431",Construction & Infrastructure,Roads & Buildings,Tamil Nadu,7,4,262867760,266200999,At Risk,10568572,5,109,"Excavators, Cranes, Concrete Mixers",Low,190,No,No,ISO 14001,High,Non-Compliant,Non-Compliant
Square Infra Solutions 432,Ltd,2016,5UQM20L7MD,F7PQN4SNEVXR4DG,QKCZ34WMF0,Kallakurichi,9865522775,squareinfrasolutions432@example.com,www.squareinfra432.com,Nagapattinam,Owner 432,MD 432,474,Hierarchical,"Director A432, Director B432",Construction & Infrastructure,Roads & Buildings,Tamil Nadu,7,17,468570981,220420744,At Risk,40841763,86,60,"Excavators, Cranes, Concrete Mixers",Medium,46,Yes,No,ISO 45001,Low,Partial,Non-Compliant
Square Infra Solutions 433,Proprietorship,1996,GDPDPI55VO,L96K96N1FXU65E3,6BL1T80DYY,Tirupathur,9455896405,squareinfrasolutions433@example.com,www.squareinfra433.com,Pudukkottai,Owner 433,MD 433,496,Hierarchical,"Director A433, Director B433",Construction & Infrastructure,Roads & Buildings,Tamil Nadu,1,25,231592897,195533685,At Risk,39932755,93,50,"Excavators, Cranes, Concrete Mixers",High,276,No,No,ISO 14001,Low,Partial,Partial
Square Infra Solutions 434,Proprietorship,2013,BHSG8GIYS0,JIWWQK31EEC2AM1,NL27UIDZZU,Kanniyakumari,9121732036,squareinfrasolutions434@example.com,www.squareinfra434.com,Nilgiris,Owner 434,MD 434,487,Hierarchical,"Director A434, Director B434",Construction & Infrastructure,Roads & Buildings,Tamil Nadu,4,25,82929814,155273584,Moderate,10466488,47,162,"Excavators, Cranes, Concrete Mixers",Medium,282,No,Yes,ISO 45001,Medium,Partial,Compliant
Square Infra Solutions 435,Proprietorship,2018,UUQ483XDZY,P8AMZE2O9FRZ2V6,SOUI2FNA0J,Erode,9990418345,squareinfrasolutions435@example.com,www.squareinfra435.com,Tiruvannamalai,Owner 435,MD 435,162,Hierarchical,"Director A435, Director B435",Construction & Infrastructure,Roads & Buildings,Tamil Nadu,9,15,123632089,20603091,Moderate,25988556,9,174,"Excavators, Cranes, Concrete Mixers",High,57,Yes,Yes,Multiple,Low,Partial,Non-Compliant
Square Infra Solutions 436,Partnership,2019,V29E11G1JO,LNUGDIA5GY90UFD,PL1E2W082H,Nilgiris,9097142283,squareinfrasolutions436@example.com,www.squareinfra436.com,Krishnagiri,Owner 436,MD 436,171,Hierarchical,"Director A436, Director B436",Construction & Infrastructure,Roads & Buildings,Tamil Nadu,29,5,210207418,201088289,Stable,38743646,34,40,"Excavators, Cranes, Concrete Mixers",Medium,139,Yes,No,ISO 45001,High,Partial,Partial
Square Infra Solutions 437,Pvt Ltd,1995,XT1EKJDS8A,34B6BJ4BPPHN9K7,B44U839EKD,Viluppuram,9091458212,squareinfrasolutions437@example.com,www.squareinfra437.com,Chennai,Owner 437,MD 437,484,Hierarchical,"Director A437, Director B437",Construction & Infrastructure,Roads & Buildings,Tamil Nadu,10,9,256395669,6276494,Stable,42643436,11,27,"Excavators, Cranes, Concrete Mixers",Medium,295,Yes,No,Not Certified,Low,Compliant,Non-Compliant
Square Infra Solutions 438,Ltd,2018,YZ07PKQ378,65OAC2IWJRYG4F1,FJQQRQK7OJ,Thoothukudi,9147694150,squareinfrasolutions438@example.com,www.squareinfra438.com,Coimbatore,Owner 438,MD 438,498,Hierarchical,"Director A438, Director B438",Construction & Infrastructure,Roads & Buildings,Tamil Nadu,1,2,190231983,240721317,At Risk,11480246,75,132,"Excavators, Cranes, Concrete Mixers",High,16,No,Yes,ISO 45001,High,Partial,Partial
Square Infra Solutions 439,Ltd,2019,70I686TFDG,T2NZR545TV26MMF,L8S2DL0PH9,Tenkasi,9349122601,squareinfrasolutions439@example.com,www.squareinfra439.com,Cuddalore,Owner 439,MD 439,433,Hierarchical,"Director A439, Director B439",Construction & Infrastructure,Roads & Buildings,Tamil Nadu,21,23,397759551,55447744,At Risk,1699123,31,124,"Excavators, Cranes, Concrete Mixers",Low,270,No,No,ISO 9001,Low,Partial,Partial
Square Infra Solutions 440,Ltd,2021,YFQX0OCQRC,6FOPA7ILNSA0RI9,QJIM1VFQ7O,Ariyalur,9268115632,squareinfrasolutions440@example.com,www.squareinfra440.com,Thanjavur,Owner 440,MD 440,125,Hierarchical,"Director A440, Director B440",Construction & Infrastructure,Roads & Buildings,Tamil Nadu,8,19,296810829,231179590,Moderate,18562189,100,36,"Excavators, Cranes, Concrete Mixers",Medium,73,No,No,ISO 9001,Low,Partial,Partial
Square Infra Solutions 441,Proprietorship,2002,F88WVTKAD3,NGVTBE566RGLRLT,F90MSBNGV5,Perambalur,9597551475,squareinfrasolutions441@example.com,www.squareinfra441.com,Coimbatore,Owner 441,MD 441,23,Hierarchical,"Director A441, Director B441",Construction & Infrastructure,Roads & Buildings,Tamil Nadu,17,4,367394466,263214657,Stable,18509042,22,65,"Excavators, Cranes, Concrete Mixers",High,195,No,Yes,Not Certified,High,Partial,Compliant
Square Infra Solutions 442,Partnership,2008,ZKQRF0Z77W,UP2NRHVQ4XNHG2F,O1CJ74W0XX,Dharmapuri,9139991785,squareinfrasolutions442@example.com,www.squareinfra442.com,Theni,Owner 442,MD 442,205,Hierarchical,"Director A442, Director B442",Construction & Infrastructure,Roads & Buildings,Tamil Nadu,25,17,128054264,189451237,At Risk,31001445,44,82,"Excavators, Cranes, Concrete Mixers",High,60,Yes,No,ISO 9001,Medium,Non-Compliant,Non-Compliant
Square Infra Solutions 443,Ltd,2009,G91HKA2MY7,923MQZ2NNUZBSK6,7U8COPQDAM,Kancheepuram,9039254650,squareinfrasolutions443@example.com,www.squareinfra443.com,Tiruvarur,Owner 443,MD 443,338,Hierarchical,"Director A443, Director B443",Construction & Infrastructure,Roads & Buildings,Tamil Nadu,16,8,351226567,203711220,Moderate,25286143,60,148,"Excavators, Cranes, Concrete Mixers",Medium,224,Yes,No,Not Certified,Low,Partial,Partial
Square Infra Solutions 444,Pvt Ltd,2006,HIWKJ8OGBU,J24OQMEFFSDDG2L,WCLAG76TKR,Tiruvarur,9756049130,squareinfrasolutions444@example.com,www.squareinfra444.com,Kancheepuram,Owner 444,MD 444,220,Hierarchical,"Director A444, Director B444",Construction & Infrastructure,Roads & Buildings,Tamil Nadu,8,22,444117038,298018141,Stable,38742317,90,59,"Excavators, Cranes, Concrete Mixers",Medium,7,No,Yes,Multiple,High,Partial,Non-Compliant
Square Infra Solutions 445,Proprietorship,2007,JXHADHNK9A,QL2V4EW0TQP32HC,COBI4QZRQK,Nilgiris,9321899424,squareinfrasolutions445@example.com,www.squareinfra445.com,Nilgiris,Owner 445,MD 445,22,Hierarchical,"Director A445, Director B445",Construction & Infrastructure,Roads & Buildings,Tamil Nadu,25,22,255911610,81416061,Stable,35710366,6,104,"Excavators, Cranes, Concrete Mixers",Low,259,No,No,ISO 45001,Medium,Partial,Non-Compliant
Square Infra Solutions 446,Ltd,2004,FDSDXLQ7A1,3VRM2CIQ3CT9U6M,T3T3A551SA,Tiruvallur,9097629718,squareinfrasolutions446@example.com,www.squareinfra446.com,Perambalur,Owner 446,MD 446,223,Hierarchical,"Director A446, Director B446",Construction & Infrastructure,Roads & Buildings,Tamil Nadu,25,11,196112196,139807449,Stable,48592602,65,101,"Excavators, Cranes, Concrete Mixers",Low,212,No,Yes,Not Certified,High,Non-Compliant,Partial
Square Infra Solutions 447,Ltd,2008,6939RB3IB8,3OG8IIGJFHP66JW,ES25XPWI6F,Viluppuram,9885225226,squareinfrasolutions447@example.com,www.squareinfra447.com,Dindigul,Owner 447,MD 447,102,Hierarchical,"Director A447, Director B447",Construction & Infrastructure,Roads & Buildings,Tamil Nadu,28,10,174889330,284073465,At Risk,45259003,44,18,"Excavators, Cranes, Concrete Mixers",Low,128,Yes,No,Multiple,Low,Compliant,Compliant
Square Infra Solutions 448,Ltd,1998,V4DQINH55P,1UD5G4Q54XJ7HBJ,Z55RMAAS8F,Ariyalur,9881866477,squareinfrasolutions448@example.com,www.squareinfra448.com,Tiruvallur,Owner 448,MD 448,443,Hierarchical,"Director A448, Director B448",Construction & Infrastructure,Roads & Buildings,Tamil Nadu,30,19,160340952,33231129,Stable,3668920,27,173,"Excavators, Cranes, Concrete Mixers",High,79,No,No,ISO 14001,Low,Compliant,Partial
Square Infra Solutions 449,Proprietorship,2021,46OMZ0OAM3,X321X15AUEFPDLE,JNKBZJEINA,Theni,9635815861,squareinfrasolutions449@example.com,www.squareinfra449.com,Mayiladuthurai,Owner 449,MD 449,490,Hierarchical,"Director A449, Director B449",Construction & Infrastructure,Roads & Buildings,Tamil Nadu,4,2,438327670,252923559,Stable,9722354,50,50,"Excavators, Cranes, Concrete Mixers",High,96,Yes,Yes,Not Certified,Medium,Partial,Partial
Square Infra Solutions 450,Pvt Ltd,2012,V5FO8O3XWX,UF4OTL9TSNW3PHQ,9RMIL7SMH1,Tiruvannamalai,9040381503,squareinfrasolutions450@example.com,www.squareinfra450.com,Tiruvarur,Owner 450,MD 450,316,Hierarchical,"Director A450, Director B450",Construction & Infrastructure,Roads & Buildings,Tamil Nadu,10,11,214228767,72122771,At Risk,31033422,31,187,"Excavators, Cranes, Concrete Mixers",High,263,No,No,ISO 9001,Low,Non-Compliant,Non-Compliant
Square Infra Solutions 451,Partnership,2011,ADDG9YBQRW,QRZ1AURX62MYIJ5,0Q8IFDG7M4,Ramanathapuram,9509302101,squareinfrasolutions451@example.com,www.squareinfra451.com,Tiruchirappalli,Owner 451,MD 451,213,Hierarchical,"Director A451, Director B451",Construction & Infrastructure,Roads & Buildings,Tamil Nadu,26,15,234006611,274754515,At Risk,37692708,90,175,"Excavators, Cranes, Concrete Mixers",Medium,255,Yes,No,ISO 14001,Medium,Non-Compliant,Partial
Square Infra Solutions 452,Proprietorship,2018,1CVA48FENC,KXXV1PYFBZS2TQA,EXTECAQ4G4,Tirunelveli,9184150578,squareinfrasolutions452@example.com,www.squareinfra452.com,Pudukkottai,Owner 452,MD 452,134,Hierarchical,"Director A452, Director B452",Construction & Infrastructure,Roads & Buildings,Tamil Nadu,27,7,491724318,83197176,At Risk,17031717,52,147,"Excavators, Cranes, Concrete Mixers",High,238,Yes,No,Multiple,Low,Non-Compliant,Partial
Square Infra Solutions 453,Ltd,2017,PI0NC5DDHV,D66XDUKSNTRLLC4,QJI3MW9CGU,Dharmapuri,9515940348,squareinfrasolutions453@example.com,www.squareinfra453.com,Theni,Owner 453,MD 453,117,Hierarchical,"Director A453, Director B453",Construction & Infrastructure,Roads & Buildings,Tamil Nadu,17,13,196810333,158900171,Stable,43036615,30,165,"Excavators, Cranes, Concrete Mixers",Medium,229,Yes,No,ISO 14001,Medium,Compliant,Partial
Square Infra Solutions 454,Proprietorship,2000,MCFECKXGJG,G0X0LE7TIY6J1QK,FY0XA00V1A,Perambalur,9206957304,squareinfrasolutions454@example.com,www.squareinfra454.com,Mayiladuthurai,Owner 454,MD 454,147,Hierarchical,"Director A454, Director B454",Construction & Infrastructure,Roads & Buildings,Tamil Nadu,7,7,43415079,49675448,Moderate,38868519,48,72,"Excavators, Cranes, Concrete Mixers",High,96,Yes,No,Multiple,Low,Compliant,Non-Compliant
Square Infra Solutions 455,Proprietorship,2013,TPM3DOEPY7,JXAI5RUNP0LNAZV,KG3XVN2UJR,Nilgiris,9715717503,squareinfrasolutions455@example.com,www.squareinfra455.com,Ariyalur,Owner 455,MD 455,138,Hierarchical,"Director A455, Director B455",Construction & Infrastructure,Roads & Buildings,Tamil Nadu,14,6,424215479,205029005,At Risk,36197101,26,100,"Excavators, Cranes, Concrete Mixers",Medium,35,No,No,ISO 14001,Medium,Partial,Partial
Square Infra Solutions 456,Partnership,2011,D9D417KX7S,RBVL66PGPUDL1X8,95PLKZI37H,Ariyalur,9782756510,squareinfrasolutions456@example.com,www.squareinfra456.com,Theni,Owner 456,MD 456,377,Hierarchical,"Director A456, Director B456",Construction & Infrastructure,Roads & Buildings,Tamil Nadu,20,4,255356281,95781559,Moderate,13800257,54,49,"Excavators, Cranes, Concrete Mixers",Medium,238,Yes,No,Multiple,Low,Partial,Partial
Square Infra Solutions 457,Pvt Ltd,2014,DNAJY966M5,CP79O6H0O0LMG13,ZSPME3T40K,Tiruvannamalai,9524389345,squareinfrasolutions457@example.com,www.squareinfra457.com,Theni,Owner 457,MD 457,246,Hierarchical,"Director A457, Director B457",Construction & Infrastructure,Roads & Buildings,Tamil Nadu,19,3,143981605,268938667,At Risk,46675839,79,158,"Excavators, Cranes, Concrete Mixers",High,232,Yes,Yes,Not Certified,Medium,Non-Compliant,Partial
Square Infra Solutions 458,Pvt Ltd,2005,J52871L1UU,PGG1W2IZM8Z12JZ,V6HMVQS2U0,Tiruvannamalai,9995501636,squareinfrasolutions458@example.com,www.squareinfra458.com,Sivaganga,Owner 458,MD 458,212,Hierarchical,"Director A458, Director B458",Construction & Infrastructure,Roads & Buildings,Tamil Nadu,5,11,378065588,98673787,Moderate,23178547,17,122,"Excavators, Cranes, Concrete Mixers",High,297,Yes,No,Not Certified,Medium,Partial,Non-Compliant
Square Infra Solutions 459,Proprietorship,2018,TBYELURMHO,RYB0N1XDLN8UQ4M,99RPQ3F7WT,Ariyalur,9546608633,squareinfrasolutions459@example.com,www.squareinfra459.com,Erode,Owner 459,MD 459,409,Hierarchical,"Director A459, Director B459",Construction & Infrastructure,Roads & Buildings,Tamil Nadu,19,16,382388575,146978705,Stable,5340292,43,183,"Excavators, Cranes, Concrete Mixers",Medium,156,No,No,Not Certified,Low,Partial,Compliant
Square Infra Solutions 460,Proprietorship,2017,VIM0L18CMT,F6IY5DLJJAJBG51,B4F19VNAIA,Coimbatore,9700281084,squareinfrasolutions460@example.com,www.squareinfra460.com,Madurai,Owner 460,MD 460,497,Hierarchical,"Director A460, Director B460",Construction & Infrastructure,Roads & Buildings,Tamil Nadu,12,12,436198888,155991785,At Risk,13347025,85,126,"Excavators, Cranes, Concrete Mixers",High,81,Yes,No,Not Certified,Medium,Compliant,Compliant
Square Infra Solutions 461,Pvt Ltd,2009,QKHOV5ENBE,9KGAM062TN8DWHD,LKOMJQGLIZ,Virudhunagar,9769763868,squareinfrasolutions461@example.com,www.squareinfra461.com,Ariyalur,Owner 461,MD 461,231,Hierarchical,"Director A461, Director B461",Construction & Infrastructure,Roads & Buildings,Tamil Nadu,13,8,102880448,272090695,Moderate,40124306,27,192,"Excavators, Cranes, Concrete Mixers",High,130,No,No,ISO 14001,High,Compliant,Partial
Square Infra Solutions 462,Ltd,2004,H6A3UE97JX,K61GB7D5OC3MIN0,T270QBVES5,Madurai,9325941929,squareinfrasolutions462@example.com,www.squareinfra462.com,Tiruvannamalai,Owner 462,MD 462,193,Hierarchical,"Director A462, Director B462",Construction & Infrastructure,Roads & Buildings,Tamil Nadu,29,23,258506441,196895999,Stable,7443213,11,96,"Excavators, Cranes, Concrete Mixers",Medium,255,No,No,ISO 14001,High,Non-Compliant,Partial
Square Infra Solutions 463,Pvt Ltd,2013,KSQYHI9SB6,L0ZVAKIVTEVA05K,B6R83ILBGQ,Kallakurichi,9985724226,squareinfrasolutions463@example.com,www.squareinfra463.com,Kanniyakumari,Owner 463,MD 463,75,Hierarchical,"Director A463, Director B463",Construction & Infrastructure,Roads & Buildings,Tamil Nadu,2,10,135548168,236037153,At Risk,25720497,70,177,"Excavators, Cranes, Concrete Mixers",High,137,Yes,No,Multiple,Medium,Non-Compliant,Non-Compliant
Square Infra Solutions 464,Partnership,2007,U5XQKCUZGE,PPG4YOZ7C1VHEY7,BLOHXA7CHN,Virudhunagar,9718335037,squareinfrasolutions464@example.com,www.squareinfra464.com,Tiruppur,Owner 464,MD 464,447,Hierarchical,"Director A464, Director B464",Construction & Infrastructure,Roads & Buildings,Tamil Nadu,13,4,75978577,131186834,Moderate,10150762,78,20,"Excavators, Cranes, Concrete Mixers",High,243,Yes,Yes,ISO 14001,Low,Compliant,Partial
Square Infra Solutions 465,Pvt Ltd,2003,OO82Z6KNF7,YCXKBFPCH2N5KVW,6OLL28HAPE,Tenkasi,9018147544,squareinfrasolutions465@example.com,www.squareinfra465.com,Nagapattinam,Owner 465,MD 465,40,Hierarchical,"Director A465, Director B465",Construction & Infrastructure,Roads & Buildings,Tamil Nadu,30,18,378553945,98370728,Stable,34108229,12,160,"Excavators, Cranes, Concrete Mixers",High,76,No,Yes,ISO 45001,Low,Partial,Non-Compliant
Square Infra Solutions 466,Pvt Ltd,1998,5XJB8QFIT6,YIJPVYYBFVJGI84,5MJIDQJAJA,Chennai,9593744708,squareinfrasolutions466@example.com,www.squareinfra466.com,Chennai,Owner 466,MD 466,178,Hierarchical,"Director A466, Director B466",Construction & Infrastructure,Roads & Buildings,Tamil Nadu,12,23,293305842,213161189,Moderate,44421564,65,116,"Excavators, Cranes, Concrete Mixers",Low,72,No,No,ISO 14001,Low,Partial,Compliant
Square Infra Solutions 467,Partnership,2020,64L2JP3O58,OFDN60K36LG4A9R,NTT48SZE0J,Mayiladuthurai,9636004331,squareinfrasolutions467@example.com,www.squareinfra467.com,Tirupathur,Owner 467,MD 467,191,Hierarchical,"Director A467, Director B467",Construction & Infrastructure,Roads & Buildings,Tamil Nadu,22,4,87215947,184646278,At Risk,5212772,29,35,"Excavators, Cranes, Concrete Mixers",High,50,Yes,No,Multiple,Medium,Non-Compliant,Partial
Square Infra Solutions 468,Ltd,2018,KI68PI0TLY,DBW4VYKG8PH7KMC,6VW9XQO0R6,Sivaganga,9026345599,squareinfrasolutions468@example.com,www.squareinfra468.com,Erode,Owner 468,MD 468,366,Hierarchical,"Director A468, Director B468",Construction & Infrastructure,Roads & Buildings,Tamil Nadu,29,18,200839944,200774147,Moderate,38826706,44,96,"Excavators, Cranes, Concrete Mixers",Medium,266,Yes,Yes,ISO 45001,High,Compliant,Partial
Square Infra Solutions 469,Pvt Ltd,2009,IOXVIVV0BV,Z1KNJ2QUH4M9Z4F,4CJ1XZTB47,Salem,9666815303,squareinfrasolutions469@example.com,www.squareinfra469.com,Sivaganga,Owner 469,MD 469,63,Hierarchical,"Director A469, Director B469",Construction & Infrastructure,Roads & Buildings,Tamil Nadu,23,6,365529589,129605217,Moderate,17869944,97,68,"Excavators, Cranes, Concrete Mixers",Low,277,No,Yes,ISO 14001,Medium,Partial,Non-Compliant
Square Infra Solutions 470,Ltd,2004,JGPNP9NRGH,FB09U7FZ8WGJHUB,UN3RW5Z3US,Tiruppur,9756865863,squareinfrasolutions470@example.com,www.squareinfra470.com,Chennai,Owner 470,MD 470,392,Hierarchical,"Director A470, Director B470",Construction & Infrastructure,Roads & Buildings,Tamil Nadu,16,16,212266738,80091563,Stable,11557407,28,191,"Excavators, Cranes, Concrete Mixers",Medium,113,No,Yes,ISO 9001,High,Compliant,Partial
Square Infra Solutions 471,Proprietorship,1997,M9CGX71A8Q,J14B4VN8C4Z759F,BDL8V0LQ7L,Tiruvarur,9301755469,squareinfrasolutions471@example.com,www.squareinfra471.com,Erode,Owner 471,MD 471,326,Hierarchical,"Director A471, Director B471",Construction & Infrastructure,Roads & Buildings,Tamil Nadu,21,23,470807084,153950609,Stable,20581271,93,141,"Excavators, Cranes, Concrete Mixers",Low,217,Yes,No,Not Certified,Low,Compliant,Compliant
Square Infra Solutions 472,Pvt Ltd,1995,UBTMEC3O1C,2VHE2K6ZVS5AAM2,BX5H63D1F8,Kancheepuram,9169036978,squareinfrasolutions472@example.com,www.squareinfra472.com,Pudukkottai,Owner 472,MD 472,126,Hierarchical,"Director A472, Director B472",Construction & Infrastructure,Roads & Buildings,Tamil Nadu,18,17,77006806,65938957,Stable,44404934,7,100,"Excavators, Cranes, Concrete Mixers",Low,98,Yes,Yes,ISO 9001,High,Compliant,Non-Compliant
Square Infra Solutions 473,Proprietorship,2022,DP396XOUNG,TF59GKIBZJOYXYF,090HEM6VKT,Kanniyakumari,9232933601,squareinfrasolutions473@example.com,www.squareinfra473.com,Cuddalore,Owner 473,MD 473,264,Hierarchical,"Director A473, Director B473",Construction & Infrastructure,Roads & Buildings,Tamil Nadu,11,21,497355187,244971938,Stable,37340927,72,63,"Excavators, Cranes, Concrete Mixers",High,46,No,No,ISO 14001,Medium,Compliant,Non-Compliant
Square Infra Solutions 474,Ltd,2012,PCRIAFHKE8,BEECSHYQ4PEIO43,IMR8LFXAPM,Chennai,9609882006,squareinfrasolutions474@example.com,www.squareinfra474.com,Ranipet,Owner 474,MD 474,403,Hierarchical,"Director A474, Director B474",Construction & Infrastructure,Roads & Buildings,Tamil Nadu,3,9,90540295,186408159,At Risk,18201852,49,104,"Excavators, Cranes, Concrete Mixers",High,151,No,Yes,Not Certified,Low,Non-Compliant,Compliant
Square Infra Solutions 475,Partnership,2013,WEFSI93R4B,8UC1KRGV4DN33M3,ACW6BRTYZ1,Thanjavur,9702616630,squareinfrasolutions475@example.com,www.squareinfra475.com,Thoothukudi,Owner 475,MD 475,43,Hierarchical,"Director A475, Director B475",Construction & Infrastructure,Roads & Buildings,Tamil Nadu,16,20,431792863,197130810,Stable,5324015,90,37,"Excavators, Cranes, Concrete Mixers",High,162,No,No,ISO 14001,Medium,Non-Compliant,Compliant
Square Infra Solutions 476,Proprietorship,2019,E798F5ONT4,Z2DPJAGXQNK7CVM,J4V7V8JPN2,Virudhunagar,9498298539,squareinfrasolutions476@example.com,www.squareinfra476.com,Tirupathur,Owner 476,MD 476,476,Hierarchical,"Director A476, Director B476",Construction & Infrastructure,Roads & Buildings,Tamil Nadu,2,15,464569449,269828134,Stable,47507737,7,187,"Excavators, Cranes, Concrete Mixers",Medium,116,Yes,No,Not Certified,Low,Non-Compliant,Compliant
Square Infra Solutions 477,Proprietorship,2007,ZWP2TVMSC4,6V3MYQTJDRVPCVU,VYERZU7W1V,Cuddalore,9346397327,squareinfrasolutions477@example.com,www.squareinfra477.com,Thoothukudi,Owner 477,MD 477,274,Hierarchical,"Director A477, Director B477",Construction & Infrastructure,Roads & Buildings,Tamil Nadu,1,10,174330243,261276601,At Risk,23873808,32,69,"Excavators, Cranes, Concrete Mixers",Low,9,Yes,Yes,ISO 14001,Low,Non-Compliant,Partial
Square Infra Solutions 478,Ltd,2006,5EDLJTL924,JS65CXSYZRVB7KW,G5LFG3HBPM,Karur,9653511329,squareinfrasolutions478@example.com,www.squareinfra478.com,Sivaganga,Owner 478,MD 478,180,Hierarchical,"Director A478, Director B478",Construction & Infrastructure,Roads & Buildings,Tamil Nadu,15,7,492033431,100121276,At Risk,17592353,70,68,"Excavators, Cranes, Concrete Mixers",High,170,No,Yes,ISO 14001,High,Non-Compliant,Partial
Square Infra Solutions 479,Proprietorship,2022,YB3KML4MWX,FA8A87G5L105QME,KUSL1LXV4W,Karur,9904833590,squareinfrasolutions479@example.com,www.squareinfra479.com,Tiruvannamalai,Owner 479,MD 479,51,Hierarchical,"Director A479, Director B479",Construction & Infrastructure,Roads & Buildings,Tamil Nadu,26,16,304135693,297003104,Stable,9034656,57,120,"Excavators, Cranes, Concrete Mixers",High,32,Yes,Yes,ISO 14001,Low,Non-Compliant,Compliant
Square Infra Solutions 480,Ltd,2001,GJ6Q4P7QOP,JB5918NCQBUZ30Y,715GE1IAEE,Salem,9182544207,squareinfrasolutions480@example.com,www.squareinfra480.com,Namakkal,Owner 480,MD 480,433,Hierarchical,"Director A480, Director B480",Construction & Infrastructure,Roads & Buildings,Tamil Nadu,26,6,294235690,290116453,Stable,28760720,80,159,"Excavators, Cranes, Concrete Mixers",Medium,261,No,Yes,ISO 45001,Low,Non-Compliant,Compliant
Square Infra Solutions 481,Proprietorship,2021,WDVAPRPUKQ,RTK9DJHTWXOAZZQ,8ICFZTF46X,Pudukkottai,9472569854,squareinfrasolutions481@example.com,www.squareinfra481.com,Krishnagiri,Owner 481,MD 481,277,Hierarchical,"Director A481, Director B481",Construction & Infrastructure,Roads & Buildings,Tamil Nadu,5,16,105179463,195137437,Moderate,2777429,59,178,"Excavators, Cranes, Concrete Mixers",Medium,139,No,No,ISO 45001,Low,Compliant,Non-Compliant
Square Infra Solutions 482,Pvt Ltd,1998,KCHII2C8P3,EGZGIA61IKDZO6X,CEU47MFURA,Viluppuram,9395618185,squareinfrasolutions482@example.com,www.squareinfra482.com,Theni,Owner 482,MD 482,59,Hierarchical,"Director A482, Director B482",Construction & Infrastructure,Roads & Buildings,Tamil Nadu,2,9,359976488,76820308,Moderate,4513867,36,154,"Excavators, Cranes, Concrete Mixers",Low,128,No,No,ISO 14001,High,Partial,Partial
Square Infra Solutions 483,Pvt Ltd,2013,CCIF88UC1N,NIWCE9Z9NSHDUDP,U611890JWR,Tiruvarur,9952443683,squareinfrasolutions483@example.com,www.squareinfra483.com,Salem,Owner 483,MD 483,283,Hierarchical,"Director A483, Director B483",Construction & Infrastructure,Roads & Buildings,Tamil Nadu,26,16,447492859,165270460,At Risk,4211395,35,28,"Excavators, Cranes, Concrete Mixers",Medium,65,No,No,ISO 45001,High,Compliant,Partial
Square Infra Solutions 484,Partnership,1995,2OTJDLE861,KZRNOW5G0UL0UTR,Q0J4LH8BT3,Chennai,9742848919,squareinfrasolutions484@example.com,www.squareinfra484.com,Viluppuram,Owner 484,MD 484,242,Hierarchical,"Director A484, Director B484",Construction & Infrastructure,Roads & Buildings,Tamil Nadu,17,2,315892268,201123571,At Risk,9539015,64,24,"Excavators, Cranes, Concrete Mixers",High,113,No,Yes,ISO 14001,Medium,Compliant,Compliant
Square Infra Solutions 485,Partnership,2022,NLQOX7M3HT,GQAI7U1MNHXCQMU,QQMAECSYNC,Tiruchirappalli,9843040879,squareinfrasolutions485@example.com,www.squareinfra485.com,Tiruvallur,Owner 485,MD 485,110,Hierarchical,"Director A485, Director B485",Construction & Infrastructure,Roads & Buildings,Tamil Nadu,4,9,88787073,110244527,Moderate,5249824,34,19,"Excavators, Cranes, Concrete Mixers",High,174,Yes,Yes,ISO 14001,High,Compliant,Compliant
Square Infra Solutions 486,Proprietorship,2012,5X5X1OD8SZ,X3K4PSGKHR30IO5,TG7RP5K8RG,Nagapattinam,9735507462,squareinfrasolutions486@example.com,www.squareinfra486.com,Kallakurichi,Owner 486,MD 486,460,Hierarchical,"Director A486, Director B486",Construction & Infrastructure,Roads & Buildings,Tamil Nadu,23,10,37017634,55942544,Stable,29747325,59,194,"Excavators, Cranes, Concrete Mixers",Low,161,No,No,Multiple,Low,Partial,Compliant
Square Infra Solutions 487,Partnership,2008,M48GYV1QUJ,7SI78Q3PKHPSFAR,6QQKC4NHKV,Nilgiris,9835577166,squareinfrasolutions487@example.com,www.squareinfra487.com,Nilgiris,Owner 487,MD 487,472,Hierarchical,"Director A487, Director B487",Construction & Infrastructure,Roads & Buildings,Tamil Nadu,23,14,27043099,186058887,Stable,32759779,31,164,"Excavators, Cranes, Concrete Mixers",High,225,Yes,Yes,Not Certified,High,Non-Compliant,Compliant
Square Infra Solutions 488,Pvt Ltd,2020,F4LB1RIYFW,V2ZT7AL4HB4W30A,7ZTYKZ75RX,Tiruvarur,9461968589,squareinfrasolutions488@example.com,www.squareinfra488.com,Thanjavur,Owner 488,MD 488,59,Hierarchical,"Director A488, Director B488",Construction & Infrastructure,Roads & Buildings,Tamil Nadu,21,11,356378051,36863001,Moderate,28357004,8,143,"Excavators, Cranes, Concrete Mixers",Low,181,No,No,ISO 14001,Low,Compliant,Non-Compliant
Square Infra Solutions 489,Ltd,2012,FS6ST4IKH1,CL7F740Z12HND7I,A94LWZSNMQ,Viluppuram,9159189615,squareinfrasolutions489@example.com,www.squareinfra489.com,Chennai,Owner 489,MD 489,251,Hierarchical,"Director A489, Director B489",Construction & Infrastructure,Roads & Buildings,Tamil Nadu,17,17,333667683,257228848,Stable,42291725,32,130,"Excavators, Cranes, Concrete Mixers",Low,31,Yes,No,ISO 9001,High,Non-Compliant,Partial
Square Infra Solutions 490,Partnership,2016,QT387K2SMQ,3X4SX13XDMGF08L,YA4QC0HZXD,Pudukkottai,9743293759,squareinfrasolutions490@example.com,www.squareinfra490.com,Ramanathapuram,Owner 490,MD 490,205,Hierarchical,"Director A490, Director B490",Construction & Infrastructure,Roads & Buildings,Tamil Nadu,29,19,391417758,17049225,At Risk,3028144,50,27,"Excavators, Cranes, Concrete Mixers",Low,41,Yes,No,ISO 14001,Low,Partial,Compliant
Square Infra Solutions 491,Proprietorship,2007,FGNYQ2TFCV,MO92AP9N8BN07HP,WH6F0J91F8,Kanniyakumari,9020959958,squareinfrasolutions491@example.com,www.squareinfra491.com,Dindigul,Owner 491,MD 491,315,Hierarchical,"Director A491, Director B491",Construction & Infrastructure,Roads & Buildings,Tamil Nadu,28,3,289403614,247199551,Stable,35540199,32,81,"Excavators, Cranes, Concrete Mixers",High,292,No,No,ISO 9001,High,Compliant,Partial
Square Infra Solutions 492,Proprietorship,2012,KT6DPBS6GL,0ZYM64TPI2UFBOH,JILE4YFOD6,Tiruvannamalai,9460709766,squareinfrasolutions492@example.com,www.squareinfra492.com,Virudhunagar,Owner 492,MD 492,414,Hierarchical,"Director A492, Director B492",Construction & Infrastructure,Roads & Buildings,Tamil Nadu,14,9,109327649,96363462,Stable,18571221,90,113,"Excavators, Cranes, Concrete Mixers",Medium,40,No,No,Multiple,Medium,Non-Compliant,Non-Compliant
Square Infra Solutions 493,Pvt Ltd,2012,OTISE949B9,7WDA38Q8HX28IE0,ZNOH1RTE29,Thoothukudi,9709337436,squareinfrasolutions493@example.com,www.squareinfra493.com,Tenkasi,Owner 493,MD 493,155,Hierarchical,"Director A493, Director B493",Construction & Infrastructure,Roads & Buildings,Tamil Nadu,21,3,274076583,129462049,Moderate,46849648,52,107,"Excavators, Cranes, Concrete Mixers",Low,280,No,Yes,ISO 45001,Medium,Non-Compliant,Non-Compliant
Square Infra Solutions 494,Partnership,1997,EW1OC59HIH,D2SL0QTGQZFSBUI,2L5YFKL2XB,Pudukkottai,9040097335,squareinfrasolutions494@example.com,www.squareinfra494.com,Pudukkottai,Owner 494,MD 494,444,Hierarchical,"Director A494, Director B494",Construction & Infrastructure,Roads & Buildings,Tamil Nadu,3,14,413248308,219690174,Stable,26937320,61,175,"Excavators, Cranes, Concrete Mixers",Low,240,No,Yes,Not Certified,Medium,Compliant,Compliant
Square Infra Solutions 495,Proprietorship,1998,5MDISPAUQ5,4EMJZO68L51GTWG,X48EW2FHWK,Erode,9938523157,squareinfrasolutions495@example.com,www.squareinfra495.com,Kanniyakumari,Owner 495,MD 495,118,Hierarchical,"Director A495, Director B495",Construction & Infrastructure,Roads & Buildings,Tamil Nadu,2,9,138317862,238536741,At Risk,38680695,82,23,"Excavators, Cranes, Concrete Mixers",High,259,No,Yes,ISO 45001,Medium,Compliant,Non-Compliant
Square Infra Solutions 496,Proprietorship,2003,QH0B9Y62VX,OQFBBNCMPJE0GG6,PT1QSLYCOA,Sivaganga,9777836261,squareinfrasolutions496@example.com,www.squareinfra496.com,Thanjavur,Owner 496,MD 496,132,Hierarchical,"Director A496, Director B496",Construction & Infrastructure,Roads & Buildings,Tamil Nadu,5,23,448192846,182327884,Moderate,37351763,73,12,"Excavators, Cranes, Concrete Mixers",Low,249,Yes,Yes,ISO 14001,Low,Non-Compliant,Compliant
Square Infra Solutions 497,Pvt Ltd,2012,YUCVMO8SKC,ABC8H72V8XPUNZD,NV6YJ4X8JD,Tiruppur,9389119868,squareinfrasolutions497@example.com,www.squareinfra497.com,Kanniyakumari,Owner 497,MD 497,369,Hierarchical,"Director A497, Director B497",Construction & Infrastructure,Roads & Buildings,Tamil Nadu,11,6,112238842,126134972,Stable,42295990,24,16,"Excavators, Cranes, Concrete Mixers",Medium,98,No,No,ISO 14001,Low,Partial,Partial
Square Infra Solutions 498,Ltd,2012,R4KZLZUT43,1I9T1K7VOMCDJ1E,BA3WYNA8Q6,Theni,9873297610,squareinfrasolutions498@example.com,www.squareinfra498.com,Chennai,Owner 498,MD 498,367,Hierarchical,"Director A498, Director B498",Construction & Infrastructure,Roads & Buildings,Tamil Nadu,28,17,113011631,17643099,Stable,28704298,25,17,"Excavators, Cranes, Concrete Mixers",Low,259,Yes,Yes,ISO 14001,Low,Compliant,Non-Compliant
Square Infra Solutions 499,Ltd,2021,D5A8J86WOP,ZKGANHW86TMW7NH,CGBRZM36MN,Tiruvallur,9002605015,squareinfrasolutions499@example.com,www.squareinfra499.com,Coimbatore,Owner 499,MD 499,99,Hierarchical,"Director A499, Director B499",Construction & Infrastructure,Roads & Buildings,Tamil Nadu,20,22,257068710,7514645,At Risk,20996221,69,50,"Excavators, Cranes, Concrete Mixers",High,10,Yes,Yes,ISO 45001,Medium,Compliant,Non-Compliant
Square Infra Solutions 500,Pvt Ltd,2001,M3E37CK2MC,5VL5878K6MPJHO6,I136SGDJ24,Ariyalur,9727260980,squareinfrasolutions500@example.com,www.squareinfra500.com,Erode,Owner 500,MD 500,226,Hierarchical,"Director A500, Director B500",Construction & Infrastructure,Roads & Buildings,Tamil Nadu,29,20,221665652,192574076,Moderate,22173955,46,131,"Excavators, Cranes, Concrete Mixers",Low,140,No,No,ISO 9001,High,Compliant,Compliant
Square Infra Solutions 501,Ltd,2011,AVHJHAIK3A,5DKBGKUGEK0H3LE,00IP27GFY2,Tiruvarur,9006229364,squareinfrasolutions501@example.com,www.squareinfra501.com,Tirunelveli,Owner 501,MD 501,41,Hierarchical,"Director A501, Director B501",Construction & Infrastructure,Roads & Buildings,Tamil Nadu,10,9,250148251,178895852,Moderate,11352479,81,72,"Excavators, Cranes, Concrete Mixers",Medium,141,Yes,No,ISO 14001,Low,Non-Compliant,Compliant
Square Infra Solutions 502,Proprietorship,2015,8VAPTIPCHG,S5SKW5UQ73712MO,PTNY9ZII1A,Krishnagiri,9924175116,squareinfrasolutions502@example.com,www.squareinfra502.com,Karur,Owner 502,MD 502,298,Hierarchical,"Director A502, Director B502",Construction & Infrastructure,Roads & Buildings,Tamil Nadu,14,10,297537552,292701111,Stable,3187679,86,23,"Excavators, Cranes, Concrete Mixers",High,118,No,Yes,ISO 9001,High,Partial,Partial
Square Infra Solutions 503,Proprietorship,2002,4HPDMRFE9C,9D2M01FSK40PGBR,3R8HFMQS1P,Tiruvarur,9344084642,squareinfrasolutions503@example.com,www.squareinfra503.com,Ranipet,Owner 503,MD 503,341,Hierarchical,"Director A503, Director B503",Construction & Infrastructure,Roads & Buildings,Tamil Nadu,5,24,435215390,179788829,Moderate,11110987,87,28,"Excavators, Cranes, Concrete Mixers",Medium,184,No,No,ISO 9001,Low,Non-Compliant,Non-Compliant
Square Infra Solutions 504,Proprietorship,2022,QONHNNS3K0,S1HXDVQTIW6DBXX,T0N4VH5OJ3,Coimbatore,9332303849,squareinfrasolutions504@example.com,www.squareinfra504.com,Kanniyakumari,Owner 504,MD 504,339,Hierarchical,"Director A504, Director B504",Construction & Infrastructure,Roads & Buildings,Tamil Nadu,25,22,326278264,206875466,Stable,3792083,58,20,"Excavators, Cranes, Concrete Mixers",High,106,No,Yes,Multiple,Medium,Partial,Non-Compliant
Square Infra Solutions 505,Ltd,1995,6MN3AI8O36,O2ZFC0TN5393Q0V,JWNTPT4FXX,Coimbatore,9471984559,squareinfrasolutions505@example.com,www.squareinfra505.com,Cuddalore,Owner 505,MD 505,87,Hierarchical,"Director A505, Director B505",Construction & Infrastructure,Roads & Buildings,Tamil Nadu,14,24,355536766,197040677,Stable,25561090,70,197,"Excavators, Cranes, Concrete Mixers",High,102,Yes,Yes,Not Certified,Low,Compliant,Non-Compliant
Square Infra Solutions 506,Ltd,2003,K3MGMZCNPZ,EYG7YW8ZPKJYX99,2GLI1LUOP4,Ramanathapuram,9265769420,squareinfrasolutions506@example.com,www.squareinfra506.com,Virudhunagar,Owner 506,MD 506,195,Hierarchical,"Director A506, Director B506",Construction & Infrastructure,Roads & Buildings,Tamil Nadu,5,12,412985716,133961937,Stable,24008672,21,39,"Excavators, Cranes, Concrete Mixers",High,285,Yes,Yes,Not Certified,High,Non-Compliant,Partial
Square Infra Solutions 507,Proprietorship,2002,A3UNM1GC42,P43O2MGXTOKB6Z8,5224NZHM9V,Madurai,9715721686,squareinfrasolutions507@example.com,www.squareinfra507.com,Kallakurichi,Owner 507,MD 507,233,Hierarchical,"Director A507, Director B507",Construction & Infrastructure,Roads & Buildings,Tamil Nadu,8,20,302445045,46424645,Stable,16984594,5,43,"Excavators, Cranes, Concrete Mixers",Low,34,Yes,Yes,ISO 14001,Medium,Compliant,Compliant
Square Infra Solutions 508,Pvt Ltd,1995,Z3AEKQ2VVJ,3DGI4SQKEPFGZJB,PDS8GK0LMY,Tiruchirappalli,9100180443,squareinfrasolutions508@example.com,www.squareinfra508.com,Chennai,Owner 508,MD 508,480,Hierarchical,"Director A508, Director B508",Construction & Infrastructure,Roads & Buildings,Tamil Nadu,5,18,92253526,217946704,Moderate,34894236,62,148,"Excavators, Cranes, Concrete Mixers",Medium,71,Yes,No,Multiple,Medium,Non-Compliant,Compliant
Square Infra Solutions 509,Proprietorship,2016,0TTXFUO7U6,8VF28CRF85INY56,1QG8B0UHSB,Kancheepuram,9348116926,squareinfrasolutions509@example.com,www.squareinfra509.com,Ranipet,Owner 509,MD 509,490,Hierarchical,"Director A509, Director B509",Construction & Infrastructure,Roads & Buildings,Tamil Nadu,2,23,354535446,18169479,Stable,35689584,10,93,"Excavators, Cranes, Concrete Mixers",High,31,Yes,No,ISO 45001,High,Compliant,Compliant
Square Infra Solutions 510,Partnership,2017,13BLPGUGZL,B5IA4TJUQLVW1GZ,89S40D2CNQ,Tirupathur,9940819497,squareinfrasolutions510@example.com,www.squareinfra510.com,Coimbatore,Owner 510,MD 510,324,Hierarchical,"Director A510, Director B510",Construction & Infrastructure,Roads & Buildings,Tamil Nadu,3,12,223175269,81192987,Moderate,13301967,72,197,"Excavators, Cranes, Concrete Mixers",Medium,90,Yes,No,Not Certified,Medium,Partial,Partial
Square Infra Solutions 511,Proprietorship,2021,G0U69HJEX5,XYYU4M4I1IZPI2X,3W4TVJH96X,Ramanathapuram,9838773798,squareinfrasolutions511@example.com,www.squareinfra511.com,Kancheepuram,Owner 511,MD 511,491,Hierarchical,"Director A511, Director B511",Construction & Infrastructure,Roads & Buildings,Tamil Nadu,8,11,488704244,19719467,Stable,9938573,40,156,"Excavators, Cranes, Concrete Mixers",Low,214,No,No,Not Certified,Low,Compliant,Non-Compliant
Square Infra Solutions 512,Proprietorship,2018,X36P6GUK33,E63D5ZBQFGJW112,PCG4MYCGGS,Chennai,9984846193,squareinfrasolutions512@example.com,www.squareinfra512.com,Chengalpattu,Owner 512,MD 512,53,Hierarchical,"Director A512, Director B512",Construction & Infrastructure,Roads & Buildings,Tamil Nadu,7,17,420199879,110749714,Moderate,48766025,13,118,"Excavators, Cranes, Concrete Mixers",Low,219,Yes,Yes,ISO 45001,Low,Partial,Non-Compliant
Square Infra Solutions 513,Pvt Ltd,2001,SEWPYYD8EG,TH2Q1HR2Q8R1SLJ,UOXOT72UWG,Coimbatore,9158272208,squareinfrasolutions513@example.com,www.squareinfra513.com,Coimbatore,Owner 513,MD 513,284,Hierarchical,"Director A513, Director B513",Construction & Infrastructure,Roads & Buildings,Tamil Nadu,3,6,430598945,219685250,At Risk,29333427,75,117,"Excavators, Cranes, Concrete Mixers",High,153,No,No,ISO 14001,Medium,Partial,Partial
Square Infra Solutions 514,Pvt Ltd,2006,Q4XYJJ7B5R,61IN5ZGV2PRIHUW,5BKLVHBEXM,Coimbatore,9148443811,squareinfrasolutions514@example.com,www.squareinfra514.com,Thoothukudi,Owner 514,MD 514,52,Hierarchical,"Director A514, Director B514",Construction & Infrastructure,Roads & Buildings,Tamil Nadu,15,25,474517798,64753069,Stable,14316766,29,55,"Excavators, Cranes, Concrete Mixers",Medium,52,Yes,Yes,ISO 9001,High,Non-Compliant,Partial
Square Infra Solutions 515,Pvt Ltd,1997,0YG7EGQDLX,7QYXTRU2A48SZUL,AXL7RHRH4H,Ranipet,9066186106,squareinfrasolutions515@example.com,www.squareinfra515.com,Virudhunagar,Owner 515,MD 515,282,Hierarchical,"Director A515, Director B515",Construction & Infrastructure,Roads & Buildings,Tamil Nadu,12,16,64512239,111059410,Stable,13516730,5,138,"Excavators, Cranes, Concrete Mixers",High,268,No,No,ISO 45001,Low,Partial,Non-Compliant
Square Infra Solutions 516,Pvt Ltd,1999,C40GI30OIN,D27Z0ARQLTS4I7X,PZOW5AYEQM,Chengalpattu,9696539829,squareinfrasolutions516@example.com,www.squareinfra516.com,Mayiladuthurai,Owner 516,MD 516,325,Hierarchical,"Director A516, Director B516",Construction & Infrastructure,Roads & Buildings,Tamil Nadu,17,25,100757738,224893420,Moderate,42352324,51,21,"Excavators, Cranes, Concrete Mixers",Low,119,Yes,Yes,Not Certified,Low,Partial,Partial
Square Infra Solutions 517,Proprietorship,2006,B9T2DYM3NP,1PKQFIQEWZUSIRC,GYO9CJZZI3,Dindigul,9604667711,squareinfrasolutions517@example.com,www.squareinfra517.com,Namakkal,Owner 517,MD 517,357,Hierarchical,"Director A517, Director B517",Construction & Infrastructure,Roads & Buildings,Tamil Nadu,7,19,480564088,212919835,Stable,41235113,33,36,"Excavators, Cranes, Concrete Mixers",Low,86,Yes,No,ISO 45001,High,Partial,Partial
Square Infra Solutions 518,Partnership,2022,R6U7HCNADW,R7XDF8ZSIULABT0,5DFZV76AZF,Chennai,9250307019,squareinfrasolutions518@example.com,www.squareinfra518.com,Nilgiris,Owner 518,MD 518,15,Hierarchical,"Director A518, Director B518",Construction & Infrastructure,Roads & Buildings,Tamil Nadu,25,14,243405509,294880114,Moderate,13342673,70,84,"Excavators, Cranes, Concrete Mixers",High,183,Yes,Yes,Not Certified,Low,Compliant,Compliant
Square Infra Solutions 519,Pvt Ltd,2003,Q96PPNZARA,4HKFNZITNYAQAI8,KQJZWRU9M3,Virudhunagar,9505817340,squareinfrasolutions519@example.com,www.squareinfra519.com,Tiruvannamalai,Owner 519,MD 519,186,Hierarchical,"Director A519, Director B519",Construction & Infrastructure,Roads & Buildings,Tamil Nadu,18,2,360259834,47726954,Stable,39628378,54,103,"Excavators, Cranes, Concrete Mixers",High,145,No,Yes,Multiple,Low,Compliant,Non-Compliant
Square Infra Solutions 520,Ltd,2012,S7P1CG3AYW,TNFTRAGNTSKZB44,X34KMFYX0Y,Tirupathur,9668425727,squareinfrasolutions520@example.com,www.squareinfra520.com,Dharmapuri,Owner 520,MD 520,272,Hierarchical,"Director A520, Director B520",Construction & Infrastructure,Roads & Buildings,Tamil Nadu,24,16,127412522,44564775,Moderate,12176919,60,39,"Excavators, Cranes, Concrete Mixers",Medium,37,Yes,Yes,Multiple,Medium,Non-Compliant,Non-Compliant
Square Infra Solutions 521,Proprietorship,2012,VORCB7PORC,2YI6UIM0IBVPJGX,XW2QP17R2S,Coimbatore,9563426921,squareinfrasolutions521@example.com,www.squareinfra521.com,Sivaganga,Owner 521,MD 521,469,Hierarchical,"Director A521, Director B521",Construction & Infrastructure,Roads & Buildings,Tamil Nadu,30,19,246860379,281460604,Stable,23152587,16,108,"Excavators, Cranes, Concrete Mixers",Medium,32,No,No,Not Certified,Low,Partial,Compliant
Square Infra Solutions 522,Pvt Ltd,1997,OYYD36TS3S,KT4UCL4VRETG8GL,I6PHM5ONF9,Tiruvarur,9319345008,squareinfrasolutions522@example.com,www.squareinfra522.com,Virudhunagar,Owner 522,MD 522,203,Hierarchical,"Director A522, Director B522",Construction & Infrastructure,Roads & Buildings,Tamil Nadu,16,8,345421136,126165939,At Risk,29556147,42,48,"Excavators, Cranes, Concrete Mixers",Low,63,Yes,Yes,ISO 9001,High,Partial,Non-Compliant
Square Infra Solutions 523,Proprietorship,1999,UA0AENQ87W,3Z4BM0Z7K2U9TDW,GFVP0X409D,Madurai,9127470994,squareinfrasolutions523@example.com,www.squareinfra523.com,Krishnagiri,Owner 523,MD 523,339,Hierarchical,"Director A523, Director B523",Construction & Infrastructure,Roads & Buildings,Tamil Nadu,18,10,217231657,244721227,Stable,24965522,96,190,"Excavators, Cranes, Concrete Mixers",Low,34,Yes,Yes,Multiple,Medium,Non-Compliant,Non-Compliant
Square Infra Solutions 524,Ltd,2006,4187UZJRCT,5RVTLG26QJ56F18,ZRDQLMMK8J,Mayiladuthurai,9628588451,squareinfrasolutions524@example.com,www.squareinfra524.com,Viluppuram,Owner 524,MD 524,206,Hierarchical,"Director A524, Director B524",Construction & Infrastructure,Roads & Buildings,Tamil Nadu,7,15,145381186,260511492,Moderate,16337172,20,82,"Excavators, Cranes, Concrete Mixers",Medium,104,Yes,Yes,ISO 14001,High,Compliant,Non-Compliant
Square Infra Solutions 525,Pvt Ltd,2003,NBW6LB7G1B,PMPSE9PUCQF9L0Z,BUVD8OA1YA,Perambalur,9075764064,squareinfrasolutions525@example.com,www.squareinfra525.com,Erode,Owner 525,MD 525,447,Hierarchical,"Director A525, Director B525",Construction & Infrastructure,Roads & Buildings,Tamil Nadu,16,7,150664310,178833315,Moderate,40190386,79,62,"Excavators, Cranes, Concrete Mixers",High,299,No,Yes,Not Certified,Medium,Partial,Partial
Square Infra Solutions 526,Partnership,2009,Y50UIGDHJO,PFLFYPX0R567BUE,DWDVAHUDMK,Kanniyakumari,9620433770,squareinfrasolutions526@example.com,www.squareinfra526.com,Pudukkottai,Owner 526,MD 526,275,Hierarchical,"Director A526, Director B526",Construction & Infrastructure,Roads & Buildings,Tamil Nadu,11,6,185297523,111179633,Moderate,11812504,57,71,"Excavators, Cranes, Concrete Mixers",High,231,Yes,No,ISO 45001,Medium,Non-Compliant,Partial
Square Infra Solutions 527,Proprietorship,2001,W4RPLFAWVJ,V4RYPZM690UEMYY,O90F4F23XV,Perambalur,9097826594,squareinfrasolutions527@example.com,www.squareinfra527.com,Namakkal,Owner 527,MD 527,142,Hierarchical,"Director A527, Director B527",Construction & Infrastructure,Roads & Buildings,Tamil Nadu,19,7,354594525,285486643,At Risk,41700626,79,32,"Excavators, Cranes, Concrete Mixers",Medium,162,No,No,ISO 45001,High,Partial,Partial
Square Infra Solutions 528,Pvt Ltd,2021,F5GBRZY3T3,EJMTR06P73OI0QN,EYHCY9OCWX,Nilgiris,9080774857,squareinfrasolutions528@example.com,www.squareinfra528.com,Chengalpattu,Owner 528,MD 528,59,Hierarchical,"Director A528, Director B528",Construction & Infrastructure,Roads & Buildings,Tamil Nadu,10,12,27332038,60382008,Stable,1872140,30,139,"Excavators, Cranes, Concrete Mixers",Medium,284,No,No,ISO 45001,High,Compliant,Partial
Square Infra Solutions 529,Ltd,2010,S5JB9JU6CF,UOOZPD5OIFYW03K,HBFP5N2YZ9,Dindigul,9769962405,squareinfrasolutions529@example.com,www.squareinfra529.com,Krishnagiri,Owner 529,MD 529,491,Hierarchical,"Director A529, Director B529",Construction & Infrastructure,Roads & Buildings,Tamil Nadu,14,10,356358073,22208811,Stable,11955908,24,131,"Excavators, Cranes, Concrete Mixers",Low,240,Yes,Yes,ISO 45001,Medium,Non-Compliant,Compliant
Square Infra Solutions 530,Pvt Ltd,1999,26ODO2N40I,6LGY7IK287MNBZD,GTT3BMNYKH,Madurai,9212621309,squareinfrasolutions530@example.com,www.squareinfra530.com,Tiruvallur,Owner 530,MD 530,199,Hierarchical,"Director A530, Director B530",Construction & Infrastructure,Roads & Buildings,Tamil Nadu,9,12,9987712,68689349,Moderate,27738304,95,97,"Excavators, Cranes, Concrete Mixers",Medium,32,No,Yes,ISO 14001,High,Compliant,Partial
Square Infra Solutions 531,Pvt Ltd,2004,M6155GGDP6,6HB7HS1S1TMYXG6,7JR87NKIYX,Chengalpattu,9464935193,squareinfrasolutions531@example.com,www.squareinfra531.com,Krishnagiri,Owner 531,MD 531,100,Hierarchical,"Director A531, Director B531",Construction & Infrastructure,Roads & Buildings,Tamil Nadu,29,24,164438234,47042996,Moderate,33355747,70,127,"Excavators, Cranes, Concrete Mixers",High,68,No,No,ISO 45001,Low,Compliant,Non-Compliant
Square Infra Solutions 532,Proprietorship,2013,ESQZUO31Y5,N4577TSM9X8M1A0,FYL9KH0F57,Tenkasi,9894402426,squareinfrasolutions532@example.com,www.squareinfra532.com,Tiruvarur,Owner 532,MD 532,203,Hierarchical,"Director A532, Director B532",Construction & Infrastructure,Roads & Buildings,Tamil Nadu,22,6,86200961,79982345,At Risk,17340653,18,58,"Excavators, Cranes, Concrete Mixers",High,107,No,No,Not Certified,High,Non-Compliant,Non-Compliant
Square Infra Solutions 533,Ltd,1996,92QQ7QKDSH,L87RE54VXE6OQOA,LWM07D5T3O,Sivaganga,9368490627,squareinfrasolutions533@example.com,www.squareinfra533.com,Viluppuram,Owner 533,MD 533,444,Hierarchical,"Director A533, Director B533",Construction & Infrastructure,Roads & Buildings,Tamil Nadu,15,19,431987783,264818078,At Risk,12373713,79,90,"Excavators, Cranes, Concrete Mixers",Low,297,Yes,No,ISO 14001,Low,Compliant,Non-Compliant
Square Infra Solutions 534,Ltd,2009,BIPO78CYOR,9N0X8VMKJTF6ZQH,JGDYLK2F9C,Tenkasi,9004714126,squareinfrasolutions534@example.com,www.squareinfra534.com,Tiruvallur,Owner 534,MD 534,43,Hierarchical,"Director A534, Director B534",Construction & Infrastructure,Roads & Buildings,Tamil Nadu,11,21,375612227,146524739,At Risk,36333753,70,17,"Excavators, Cranes, Concrete Mixers",High,213,No,No,ISO 45001,Medium,Compliant,Partial
Square Infra Solutions 535,Proprietorship,2020,D555ZDGMDU,PKRDP0VBCPDCFHX,K9R925Z1CB,Tiruchirappalli,9096189765,squareinfrasolutions535@example.com,www.squareinfra535.com,Vellore,Owner 535,MD 535,261,Hierarchical,"Director A535, Director B535",Construction & Infrastructure,Roads & Buildings,Tamil Nadu,13,14,215810395,169867621,Stable,28343573,38,109,"Excavators, Cranes, Concrete Mixers",High,233,No,No,Multiple,Medium,Compliant,Non-Compliant
Square Infra Solutions 536,Ltd,2022,8ORVK7QA2O,02XOV0DKYL9HNTZ,8ZETM5J7XJ,Tiruchirappalli,9442096826,squareinfrasolutions536@example.com,www.squareinfra536.com,Ramanathapuram,Owner 536,MD 536,88,Hierarchical,"Director A536, Director B536",Construction & Infrastructure,Roads & Buildings,Tamil Nadu,4,7,214595619,249066612,Stable,24030314,77,179,"Excavators, Cranes, Concrete Mixers",Low,159,No,Yes,ISO 9001,Medium,Non-Compliant,Non-Compliant
Square Infra Solutions 537,Proprietorship,2000,WLJJOT7H6P,CNGR5TPM8UQZIIW,6SODPUR3PX,Coimbatore,9025773103,squareinfrasolutions537@example.com,www.squareinfra537.com,Chennai,Owner 537,MD 537,389,Hierarchical,"Director A537, Director B537",Construction & Infrastructure,Roads & Buildings,Tamil Nadu,20,6,217226616,109515184,At Risk,1220133,8,145,"Excavators, Cranes, Concrete Mixers",Medium,118,No,Yes,Not Certified,High,Non-Compliant,Compliant
Square Infra Solutions 538,Pvt Ltd,2006,JO5VXRSDE2,JGUIZQX8FEDGQBM,KA99OIGFIZ,Ariyalur,9353003581,squareinfrasolutions538@example.com,www.squareinfra538.com,Tenkasi,Owner 538,MD 538,143,Hierarchical,"Director A538, Director B538",Construction & Infrastructure,Roads & Buildings,Tamil Nadu,28,15,405733843,79447099,Stable,4327713,5,200,"Excavators, Cranes, Concrete Mixers",High,286,Yes,Yes,ISO 45001,Medium,Partial,Partial
Square Infra Solutions 539,Proprietorship,2016,KCXIIZ5RW0,CQOCCSQC5DX6BB1,8QV49NBV52,Madurai,9841917989,squareinfrasolutions539@example.com,www.squareinfra539.com,Dindigul,Owner 539,MD 539,63,Hierarchical,"Director A539, Director B539",Construction & Infrastructure,Roads & Buildings,Tamil Nadu,9,24,29961014,112074668,Stable,34347952,48,193,"Excavators, Cranes, Concrete Mixers",Medium,42,No,No,Not Certified,Low,Partial,Non-Compliant
Square Infra Solutions 540,Ltd,2001,4Y7JRD4Q2Q,5BPUR2OQNUN3W6L,WPU68KJIQH,Thanjavur,9383887011,squareinfrasolutions540@example.com,www.squareinfra540.com,Salem,Owner 540,MD 540,253,Hierarchical,"Director A540, Director B540",Construction & Infrastructure,Roads & Buildings,Tamil Nadu,24,13,440541179,9504086,At Risk,27221304,90,195,"Excavators, Cranes, Concrete Mixers",High,289,No,Yes,ISO 45001,Low,Non-Compliant,Partial
Square Infra Solutions 541,Partnership,2006,AP036YN2TC,VYCAYY5IPNTVTAO,N6ON9I9GMF,Kancheepuram,9076730208,squareinfrasolutions541@example.com,www.squareinfra541.com,Krishnagiri,Owner 541,MD 541,302,Hierarchical,"Director A541, Director B541",Construction & Infrastructure,Roads & Buildings,Tamil Nadu,13,3,422085754,93833668,Moderate,27443614,37,175,"Excavators, Cranes, Concrete Mixers",High,117,Yes,No,ISO 14001,Low,Partial,Compliant
Square Infra Solutions 542,Partnership,2003,PVC97GU1VT,N3XZ3W9QBFMOE30,93ARNXZ0X7,Tenkasi,9789671047,squareinfrasolutions542@example.com,www.squareinfra542.com,Kancheepuram,Owner 542,MD 542,394,Hierarchical,"Director A542, Director B542",Construction & Infrastructure,Roads & Buildings,Tamil Nadu,5,19,465957631,20773896,Stable,40963724,35,10,"Excavators, Cranes, Concrete Mixers",Medium,74,Yes,Yes,Not Certified,Medium,Non-Compliant,Non-Compliant
Square Infra Solutions 543,Proprietorship,2005,OW6SX4DGS9,AS4354P7VHVJ0L3,2WQFC626YI,Kancheepuram,9667425325,squareinfrasolutions543@example.com,www.squareinfra543.com,Pudukkottai,Owner 543,MD 543,183,Hierarchical,"Director A543, Director B543",Construction & Infrastructure,Roads & Buildings,Tamil Nadu,19,7,207003482,241268912,Stable,18996674,93,13,"Excavators, Cranes, Concrete Mixers",Medium,102,Yes,Yes,ISO 14001,Low,Non-Compliant,Compliant
Square Infra Solutions 544,Ltd,2021,NFNFLDFXG0,NLAJ1TNCNBKQZPC,4SADBJBP19,Vellore,9474497786,squareinfrasolutions544@example.com,www.squareinfra544.com,Karur,Owner 544,MD 544,167,Hierarchical,"Director A544, Director B544",Construction & Infrastructure,Roads & Buildings,Tamil Nadu,19,9,121984375,145289769,At Risk,31886421,29,70,"Excavators, Cranes, Concrete Mixers",Medium,36,Yes,No,Multiple,High,Partial,Compliant
Square Infra Solutions 545,Partnership,2000,X3BAQTJQEB,GUGHBWMNZIMMPYB,0ZPSAOH0SR,Salem,9809878560,squareinfrasolutions545@example.com,www.squareinfra545.com,Kanniyakumari,Owner 545,MD 545,330,Hierarchical,"Director A545, Director B545",Construction & Infrastructure,Roads & Buildings,Tamil Nadu,8,4,175381770,13648572,Stable,7594260,70,58,"Excavators, Cranes, Concrete Mixers",High,155,Yes,Yes,ISO 14001,High,Partial,Partial
Square Infra Solutions 546,Ltd,2018,S2AZAH50DV,YLFT9JZY0ECQGZR,STLGZ8IDRZ,Thanjavur,9135172280,squareinfrasolutions546@example.com,www.squareinfra546.com,Vellore,Owner 546,MD 546,361,Hierarchical,"Director A546, Director B546",Construction & Infrastructure,Roads & Buildings,Tamil Nadu,14,11,244044590,24020640,At Risk,46432246,90,158,"Excavators, Cranes, Concrete Mixers",Low,130,No,No,Multiple,Low,Compliant,Partial
Square Infra Solutions 547,Pvt Ltd,2020,F3PHOL16FF,RQBGZBRPU3BDB75,F6SKAC6JBT,Krishnagiri,9848042996,squareinfrasolutions547@example.com,www.squareinfra547.com,Cuddalore,Owner 547,MD 547,116,Hierarchical,"Director A547, Director B547",Construction & Infrastructure,Roads & Buildings,Tamil Nadu,22,22,458330859,64602887,Stable,33394058,53,114,"Excavators, Cranes, Concrete Mixers",Medium,288,Yes,No,ISO 45001,Low,Partial,Non-Compliant
Square Infra Solutions 548,Partnership,2014,1MIKJPPNOF,7I6Z47M9N5COI2S,91LI9V46R3,Namakkal,9555605258,squareinfrasolutions548@example.com,www.squareinfra548.com,Tirunelveli,Owner 548,MD 548,55,Hierarchical,"Director A548, Director B548",Construction & Infrastructure,Roads & Buildings,Tamil Nadu,15,10,415797416,86279483,At Risk,18531697,61,73,"Excavators, Cranes, Concrete Mixers",High,284,No,No,ISO 45001,High,Partial,Non-Compliant
Square Infra Solutions 549,Pvt Ltd,2011,OR60Y5VG0P,AJD1W3L5TISJ9GS,KT7LMR74EV,Ariyalur,9069400769,squareinfrasolutions549@example.com,www.squareinfra549.com,Madurai,Owner 549,MD 549,478,Hierarchical,"Director A549, Director B549",Construction & Infrastructure,Roads & Buildings,Tamil Nadu,28,8,455141890,243411620,At Risk,29455875,99,131,"Excavators, Cranes, Concrete Mixers",Low,43,No,No,ISO 14001,High,Partial,Compliant
Square Infra Solutions 550,Proprietorship,2007,GXIWRUV7G2,ZRD7ANPXP1Z7SQI,EIK6NOI98N,Salem,9283947017,squareinfrasolutions550@example.com,www.squareinfra550.com,Sivaganga,Owner 550,MD 550,76,Hierarchical,"Director A550, Director B550",Construction & Infrastructure,Roads & Buildings,Tamil Nadu,20,25,375803406,167273497,At Risk,43784680,15,33,"Excavators, Cranes, Concrete Mixers",High,268,No,Yes,Not Certified,High,Compliant,Compliant
Square Infra Solutions 551,Partnership,2020,YBHRB5Y3BK,7ZRUQ6MKOTSNKZ5,LXPH193493,Thanjavur,9080492614,squareinfrasolutions551@example.com,www.squareinfra551.com,Nagapattinam,Owner 551,MD 551,486,Hierarchical,"Director A551, Director B551",Construction & Infrastructure,Roads & Buildings,Tamil Nadu,2,16,118970501,180615461,Stable,27508631,93,20,"Excavators, Cranes, Concrete Mixers",Medium,159,No,No,ISO 14001,Medium,Non-Compliant,Compliant
Square Infra Solutions 552,Partnership,2018,1UB6CGFL09,79YB8WKSCI3PHG1,AYMSNYGLH7,Kanniyakumari,9882041733,squareinfrasolutions552@example.com,www.squareinfra552.com,Pudukkottai,Owner 552,MD 552,143,Hierarchical,"Director A552, Director B552",Construction & Infrastructure,Roads & Buildings,Tamil Nadu,3,17,181854227,261691307,Stable,39651145,35,38,"Excavators, Cranes, Concrete Mixers",Medium,276,Yes,Yes,Not Certified,Low,Partial,Partial
Square Infra Solutions 553,Pvt Ltd,2013,6DSQ3DF779,ZWGRWOXU16RJ5HK,351CQE3MCX,Mayiladuthurai,9872547007,squareinfrasolutions553@example.com,www.squareinfra553.com,Coimbatore,Owner 553,MD 553,366,Hierarchical,"Director A553, Director B553",Construction & Infrastructure,Roads & Buildings,Tamil Nadu,17,7,243973720,136810306,At Risk,7792262,52,66,"Excavators, Cranes, Concrete Mixers",Low,294,No,No,Multiple,Low,Partial,Compliant
Square Infra Solutions 554,Partnership,2006,FPG8R79787,Q54YNQAGU14DXW7,MDTMZ3KKWH,Perambalur,9880326109,squareinfrasolutions554@example.com,www.squareinfra554.com,Thoothukudi,Owner 554,MD 554,76,Hierarchical,"Director A554, Director B554",Construction & Infrastructure,Roads & Buildings,Tamil Nadu,18,9,282468726,93496629,Stable,23734426,80,150,"Excavators, Cranes, Concrete Mixers",Medium,87,No,Yes,ISO 9001,Medium,Non-Compliant,Partial
Square Infra Solutions 555,Proprietorship,1995,7YBWVR5FVV,FK6KTVD7SKOIWGQ,X4QMR3ZIQX,Krishnagiri,9564173884,squareinfrasolutions555@example.com,www.squareinfra555.com,Namakkal,Owner 555,MD 555,154,Hierarchical,"Director A555, Director B555",Construction & Infrastructure,Roads & Buildings,Tamil Nadu,11,21,88866057,70036736,Moderate,48993628,60,70,"Excavators, Cranes, Concrete Mixers",Medium,85,Yes,No,ISO 14001,High,Compliant,Compliant
Square Infra Solutions 556,Pvt Ltd,2020,71OBT0W0ZT,KXZJMKSXMSTBPIN,DZIZ4CATTS,Thoothukudi,9406791108,squareinfrasolutions556@example.com,www.squareinfra556.com,Kallakurichi,Owner 556,MD 556,33,Hierarchical,"Director A556, Director B556",Construction & Infrastructure,Roads & Buildings,Tamil Nadu,18,6,102927184,70609379,Stable,33937196,84,159,"Excavators, Cranes, Concrete Mixers",Medium,40,Yes,No,ISO 9001,Low,Partial,Partial
Square Infra Solutions 557,Ltd,2002,T05U6UQWJM,BVP1TH8MV61KBBD,32TK37IBXI,Tiruvarur,9214767215,squareinfrasolutions557@example.com,www.squareinfra557.com,Thoothukudi,Owner 557,MD 557,342,Hierarchical,"Director A557, Director B557",Construction & Infrastructure,Roads & Buildings,Tamil Nadu,2,21,408805273,25474486,Moderate,40442913,52,170,"Excavators, Cranes, Concrete Mixers",Low,160,No,No,ISO 9001,Low,Partial,Partial
Square Infra Solutions 558,Ltd,2009,SZ7LI7QGRD,G7U44REYRJVH7N4,HE19L7KHP1,Salem,9031907241,squareinfrasolutions558@example.com,www.squareinfra558.com,Cuddalore,Owner 558,MD 558,125,Hierarchical,"Director A558, Director B558",Construction & Infrastructure,Roads & Buildings,Tamil Nadu,21,13,40030642,263177497,Moderate,46649930,35,152,"Excavators, Cranes, Concrete Mixers",Low,171,Yes,No,ISO 14001,High,Non-Compliant,Compliant
Square Infra Solutions 559,Ltd,2001,BCPRHDH2PS,1RKXZNLPV99S0ZN,DFSNFY18LJ,Mayiladuthurai,9013674848,squareinfrasolutions559@example.com,www.squareinfra559.com,Perambalur,Owner 559,MD 559,251,Hierarchical,"Director A559, Director B559",Construction & Infrastructure,Roads & Buildings,Tamil Nadu,29,2,378875321,120431157,At Risk,42707761,22,147,"Excavators, Cranes, Concrete Mixers",Low,211,No,No,ISO 14001,Low,Partial,Non-Compliant
Square Infra Solutions 560,Pvt Ltd,2021,J94QYYWSWR,PJREXAGFQK153SP,I0BGDAK28R,Karur,9045024560,squareinfrasolutions560@example.com,www.squareinfra560.com,Pudukkottai,Owner 560,MD 560,167,Hierarchical,"Director A560, Director B560",Construction & Infrastructure,Roads & Buildings,Tamil Nadu,21,14,464736422,65437734,Moderate,44800280,87,53,"Excavators, Cranes, Concrete Mixers",Medium,63,No,No,ISO 45001,Low,Partial,Non-Compliant
Square Infra Solutions 561,Proprietorship,2020,3XMV1YZ4AJ,AC1YC4RF16VQFHT,TPCU3FWFFL,Tiruvannamalai,9300858731,squareinfrasolutions561@example.com,www.squareinfra561.com,Namakkal,Owner 561,MD 561,488,Hierarchical,"Director A561, Director B561",Construction & Infrastructure,Roads & Buildings,Tamil Nadu,30,7,150300372,224802399,Moderate,16409511,89,95,"Excavators, Cranes, Concrete Mixers",Low,159,Yes,Yes,ISO 9001,High,Non-Compliant,Partial
Square Infra Solutions 562,Ltd,2014,7DPTMCYGI7,UOWGOI5DZH7R2N3,ADTVMZX5LH,Mayiladuthurai,9000896560,squareinfrasolutions562@example.com,www.squareinfra562.com,Ranipet,Owner 562,MD 562,225,Hierarchical,"Director A562, Director B562",Construction & Infrastructure,Roads & Buildings,Tamil Nadu,30,5,184166946,138827389,At Risk,2398738,21,138,"Excavators, Cranes, Concrete Mixers",Medium,181,Yes,No,Multiple,Medium,Non-Compliant,Partial
Square Infra Solutions 563,Ltd,2013,AR6JEESZRY,PTBTHWKQ5CNQS45,J86G4Q83ZM,Thoothukudi,9778412865,squareinfrasolutions563@example.com,www.squareinfra563.com,Perambalur,Owner 563,MD 563,402,Hierarchical,"Director A563, Director B563",Construction & Infrastructure,Roads & Buildings,Tamil Nadu,27,6,211964195,118836232,Stable,30696960,91,172,"Excavators, Cranes, Concrete Mixers",Low,169,Yes,Yes,ISO 14001,Low,Partial,Partial
Square Infra Solutions 564,Ltd,2009,SFVNEAWI29,HD97MWZQERE0AGD,FWHLPFKNNT,Madurai,9019623719,squareinfrasolutions564@example.com,www.squareinfra564.com,Viluppuram,Owner 564,MD 564,26,Hierarchical,"Director A564, Director B564",Construction & Infrastructure,Roads & Buildings,Tamil Nadu,26,8,136416441,18801120,Stable,4334441,100,17,"Excavators, Cranes, Concrete Mixers",Low,68,No,No,ISO 9001,Medium,Compliant,Partial
Square Infra Solutions 565,Pvt Ltd,2011,DZU4675Q28,FPMXQT0VDQNYF94,W8HVOPMMBB,Chennai,9501387000,squareinfrasolutions565@example.com,www.squareinfra565.com,Nilgiris,Owner 565,MD 565,281,Hierarchical,"Director A565, Director B565",Construction & Infrastructure,Roads & Buildings,Tamil Nadu,5,25,105575511,223851272,Stable,30578562,6,179,"Excavators, Cranes, Concrete Mixers",Medium,252,Yes,No,ISO 45001,Medium,Partial,Partial
Square Infra Solutions 566,Partnership,1995,6JEXGVCQWR,UNME2H15K8TEK8Q,QXLRR9VEJZ,Ramanathapuram,9015447973,squareinfrasolutions566@example.com,www.squareinfra566.com,Perambalur,Owner 566,MD 566,69,Hierarchical,"Director A566, Director B566",Construction & Infrastructure,Roads & Buildings,Tamil Nadu,23,3,83742123,80641276,At Risk,30791506,91,169,"Excavators, Cranes, Concrete Mixers",High,45,No,No,ISO 14001,High,Non-Compliant,Compliant
Square Infra Solutions 567,Pvt Ltd,2015,JI2AJFKYOB,XDVT2NAGV35T42E,SKXDS5T701,Theni,9369516689,squareinfrasolutions567@example.com,www.squareinfra567.com,Madurai,Owner 567,MD 567,242,Hierarchical,"Director A567, Director B567",Construction & Infrastructure,Roads & Buildings,Tamil Nadu,29,21,247472878,27952877,At Risk,28324863,71,103,"Excavators, Cranes, Concrete Mixers",Low,221,No,No,ISO 9001,Low,Compliant,Partial
Square Infra Solutions 568,Partnership,1996,YRAECD1RXR,6RUH6CGIQ6EC597,TXFBJCU2WN,Karur,9178123101,squareinfrasolutions568@example.com,www.squareinfra568.com,Namakkal,Owner 568,MD 568,287,Hierarchical,"Director A568, Director B568",Construction & Infrastructure,Roads & Buildings,Tamil Nadu,6,24,236366881,81425069,Stable,4931594,42,15,"Excavators, Cranes, Concrete Mixers",High,82,No,Yes,Multiple,Low,Non-Compliant,Partial
Square Infra Solutions 569,Partnership,2022,M8439405L1,6WTMV9V7FISJTC2,KFLAZONB5W,Tirunelveli,9796927943,squareinfrasolutions569@example.com,www.squareinfra569.com,Tenkasi,Owner 569,MD 569,248,Hierarchical,"Director A569, Director B569",Construction & Infrastructure,Roads & Buildings,Tamil Nadu,16,16,442908282,64094522,Stable,11054391,55,84,"Excavators, Cranes, Concrete Mixers",Medium,232,No,No,ISO 9001,Medium,Non-Compliant,Non-Compliant
Square Infra Solutions 570,Pvt Ltd,2009,4CHFF239JN,13663QHHIAOZHKH,CP4VTOEVLO,Chennai,9625642097,squareinfrasolutions570@example.com,www.squareinfra570.com,Theni,Owner 570,MD 570,13,Hierarchical,"Director A570, Director B570",Construction & Infrastructure,Roads & Buildings,Tamil Nadu,7,24,76222891,46087898,At Risk,46402785,21,183,"Excavators, Cranes, Concrete Mixers",Medium,249,Yes,Yes,ISO 9001,Low,Compliant,Partial
Square Infra Solutions 571,Partnership,2007,SIQAK8KLUD,VWY0GOPGE0VL709,UIP3D3X0Z0,Nagapattinam,9509438995,squareinfrasolutions571@example.com,www.squareinfra571.com,Coimbatore,Owner 571,MD 571,153,Hierarchical,"Director A571, Director B571",Construction & Infrastructure,Roads & Buildings,Tamil Nadu,26,23,33369034,195543991,Moderate,27389088,99,122,"Excavators, Cranes, Concrete Mixers",Low,54,Yes,No,Multiple,Low,Non-Compliant,Partial
Square Infra Solutions 572,Partnership,1996,J9CAJ7TFNB,YI2NPCGVJBC8EDJ,APC4131WIC,Nagapattinam,9433760731,squareinfrasolutions572@example.com,www.squareinfra572.com,Tiruvarur,Owner 572,MD 572,173,Hierarchical,"Director A572, Director B572",Construction & Infrastructure,Roads & Buildings,Tamil Nadu,25,12,276903240,132205735,At Risk,4541722,24,66,"Excavators, Cranes, Concrete Mixers",Low,282,Yes,Yes,ISO 45001,Medium,Compliant,Non-Compliant
Square Infra Solutions 573,Proprietorship,2003,R1OOBLWOQ6,0BB696HR4TOLD7U,IS6J75ARBC,Theni,9403014003,squareinfrasolutions573@example.com,www.squareinfra573.com,Thoothukudi,Owner 573,MD 573,57,Hierarchical,"Director A573, Director B573",Construction & Infrastructure,Roads & Buildings,Tamil Nadu,5,6,204244465,37058824,At Risk,3287937,84,98,"Excavators, Cranes, Concrete Mixers",Medium,184,Yes,No,Not Certified,Low,Compliant,Non-Compliant
Square Infra Solutions 574,Partnership,2005,WMJTGMAAFQ,CL9AHUTWJU7MNXS,5ZZC1R7JQK,Virudhunagar,9336484191,squareinfrasolutions574@example.com,www.squareinfra574.com,Nilgiris,Owner 574,MD 574,69,Hierarchical,"Director A574, Director B574",Construction & Infrastructure,Roads & Buildings,Tamil Nadu,12,7,206721197,252553319,At Risk,26884299,57,182,"Excavators, Cranes, Concrete Mixers",High,297,No,Yes,Not Certified,Medium,Non-Compliant,Partial
Square Infra Solutions 575,Partnership,1995,Z4YWSCIC67,6IFBOEHLZKOCH79,L3SRF69B84,Dindigul,9407104227,squareinfrasolutions575@example.com,www.squareinfra575.com,Ranipet,Owner 575,MD 575,144,Hierarchical,"Director A575, Director B575",Construction & Infrastructure,Roads & Buildings,Tamil Nadu,22,19,317977954,174237426,Stable,17366730,69,148,"Excavators, Cranes, Concrete Mixers",High,48,Yes,Yes,ISO 14001,High,Compliant,Non-Compliant
Square Infra Solutions 576,Ltd,2019,L83QU1U4TL,Z55TGDT0QK18K6J,BVSZD1BP0P,Ramanathapuram,9636869204,squareinfrasolutions576@example.com,www.squareinfra576.com,Tiruvarur,Owner 576,MD 576,222,Hierarchical,"Director A576, Director B576",Construction & Infrastructure,Roads & Buildings,Tamil Nadu,6,5,86622813,153317962,At Risk,1294640,59,40,"Excavators, Cranes, Concrete Mixers",Low,229,No,No,ISO 14001,Medium,Non-Compliant,Non-Compliant
Square Infra Solutions 577,Pvt Ltd,2021,5G2S3A64BS,260AI7BUJ7JU8BD,38BH5MS61U,Thanjavur,9946155813,squareinfrasolutions577@example.com,www.squareinfra577.com,Krishnagiri,Owner 577,MD 577,492,Hierarchical,"Director A577, Director B577",Construction & Infrastructure,Roads & Buildings,Tamil Nadu,18,5,121776415,90099961,Stable,26609418,91,151,"Excavators, Cranes, Concrete Mixers",High,149,No,No,ISO 14001,Low,Compliant,Non-Compliant
Square Infra Solutions 578,Pvt Ltd,2002,147EH5JL5H,E0FZ12F63PSC9GG,DY6UOIAW5K,Tenkasi,9214364858,squareinfrasolutions578@example.com,www.squareinfra578.com,Tirunelveli,Owner 578,MD 578,122,Hierarchical,"Director A578, Director B578",Construction & Infrastructure,Roads & Buildings,Tamil Nadu,7,24,150629448,30318219,At Risk,13289235,15,41,"Excavators, Cranes, Concrete Mixers",High,74,Yes,No,ISO 9001,High,Compliant,Non-Compliant
Square Infra Solutions 579,Proprietorship,2014,JDGSYFDH9H,YKW7V0NKT7CMCJI,2VAEBNC597,Theni,9002754025,squareinfrasolutions579@example.com,www.squareinfra579.com,Tiruvannamalai,Owner 579,MD 579,387,Hierarchical,"Director A579, Director B579",Construction & Infrastructure,Roads & Buildings,Tamil Nadu,23,19,163208740,47864626,At Risk,31478395,56,19,"Excavators, Cranes, Concrete Mixers",Medium,206,Yes,Yes,ISO 45001,Medium,Compliant,Compliant
Square Infra Solutions 580,Proprietorship,1995,U265YY3N70,19HV1SOTKK2BEWF,93KU3MGU7P,Tiruvallur,9638272848,squareinfrasolutions580@example.com,www.squareinfra580.com,Karur,Owner 580,MD 580,254,Hierarchical,"Director A580, Director B580",Construction & Infrastructure,Roads & Buildings,Tamil Nadu,25,17,252328419,2924427,Stable,7832270,72,22,"Excavators, Cranes, Concrete Mixers",High,167,Yes,No,ISO 14001,High,Partial,Non-Compliant
Square Infra Solutions 581,Partnership,2012,WOYY45ATBP,3WW6X29XL45VJZX,OVR7LDJY9H,Mayiladuthurai,9074185517,squareinfrasolutions581@example.com,www.squareinfra581.com,Dindigul,Owner 581,MD 581,394,Hierarchical,"Director A581, Director B581",Construction & Infrastructure,Roads & Buildings,Tamil Nadu,20,8,198406498,176072442,Stable,45890842,83,164,"Excavators, Cranes, Concrete Mixers",High,110,Yes,Yes,ISO 45001,Medium,Non-Compliant,Compliant
Square Infra Solutions 582,Partnership,2012,NCCHFSPNOI,2XMXGFT8TVR4EWC,NUTA1OMK8Y,Pudukkottai,9264562896,squareinfrasolutions582@example.com,www.squareinfra582.com,Cuddalore,Owner 582,MD 582,149,Hierarchical,"Director A582, Director B582",Construction & Infrastructure,Roads & Buildings,Tamil Nadu,4,3,339768986,83122065,Moderate,1705966,73,178,"Excavators, Cranes, Concrete Mixers",Medium,258,No,No,Multiple,Low,Partial,Non-Compliant
Square Infra Solutions 583,Pvt Ltd,2005,4GEK0RHLJF,ALDW9ZHWITSCB5K,AETV9KAKMS,Tiruvannamalai,9228528600,squareinfrasolutions583@example.com,www.squareinfra583.com,Kanniyakumari,Owner 583,MD 583,425,Hierarchical,"Director A583, Director B583",Construction & Infrastructure,Roads & Buildings,Tamil Nadu,5,8,401578918,214952894,Moderate,5663856,20,14,"Excavators, Cranes, Concrete Mixers",High,187,Yes,No,Multiple,Medium,Compliant,Non-Compliant
Square Infra Solutions 584,Ltd,2010,8ZDDKE2IMA,AMSCWWTZN34XLON,F0F818Q8QI,Tiruchirappalli,9315953051,squareinfrasolutions584@example.com,www.squareinfra584.com,Dindigul,Owner 584,MD 584,427,Hierarchical,"Director A584, Director B584",Construction & Infrastructure,Roads & Buildings,Tamil Nadu,24,23,126300245,248118471,Moderate,29124306,9,45,"Excavators, Cranes, Concrete Mixers",High,230,Yes,Yes,ISO 45001,Medium,Compliant,Partial
Square Infra Solutions 585,Pvt Ltd,1999,AR3RJ5WVIT,DOYLNH22DCIW3XH,YKVTNSURB1,Tiruchirappalli,9277094745,squareinfrasolutions585@example.com,www.squareinfra585.com,Tirunelveli,Owner 585,MD 585,479,Hierarchical,"Director A585, Director B585",Construction & Infrastructure,Roads & Buildings,Tamil Nadu,13,16,194091284,282827664,At Risk,26082850,33,134,"Excavators, Cranes, Concrete Mixers",High,264,Yes,Yes,Not Certified,Medium,Partial,Compliant
Square Infra Solutions 586,Pvt Ltd,2012,U1P3W0S72W,XMKP397OAXWVRND,BTUTZ9R3MW,Kallakurichi,9019313179,squareinfrasolutions586@example.com,www.squareinfra586.com,Thoothukudi,Owner 586,MD 586,409,Hierarchical,"Director A586, Director B586",Construction & Infrastructure,Roads & Buildings,Tamil Nadu,24,8,244727119,90180337,Moderate,12080033,55,198,"Excavators, Cranes, Concrete Mixers",Low,72,No,No,ISO 9001,Medium,Non-Compliant,Partial
Square Infra Solutions 587,Proprietorship,2001,BZCUIOSZXB,2RWOOP3VVX6YI02,4EC811U8P6,Kallakurichi,9549251503,squareinfrasolutions587@example.com,www.squareinfra587.com,Dharmapuri,Owner 587,MD 587,38,Hierarchical,"Director A587, Director B587",Construction & Infrastructure,Roads & Buildings,Tamil Nadu,22,4,82949931,278609589,Moderate,46520312,14,34,"Excavators, Cranes, Concrete Mixers",High,87,No,Yes,Multiple,Low,Partial,Partial
Square Infra Solutions 588,Partnership,1998,3A2ZV1JD8Z,6KXW42BHUZ6EHQ1,5U7XSUFQLE,Ariyalur,9208374739,squareinfrasolutions588@example.com,www.squareinfra588.com,Tiruvallur,Owner 588,MD 588,269,Hierarchical,"Director A588, Director B588",Construction & Infrastructure,Roads & Buildings,Tamil Nadu,28,19,179987101,78117396,Stable,13852965,79,10,"Excavators, Cranes, Concrete Mixers",Low,90,No,Yes,ISO 45001,Low,Non-Compliant,Partial
Square Infra Solutions 589,Proprietorship,2008,7GP61A8MDM,TLWLC036Q06FINB,V282GHMT53,Tenkasi,9094037778,squareinfrasolutions589@example.com,www.squareinfra589.com,Sivaganga,Owner 589,MD 589,231,Hierarchical,"Director A589, Director B589",Construction & Infrastructure,Roads & Buildings,Tamil Nadu,25,16,298194063,242634526,At Risk,18697853,54,113,"Excavators, Cranes, Concrete Mixers",Medium,287,No,No,ISO 14001,Low,Partial,Compliant
Square Infra Solutions 590,Partnership,2007,9BN0KLXS8Y,0256IYGXPGKS8TX,PC6CG0Z4UW,Ranipet,9391137260,squareinfrasolutions590@example.com,www.squareinfra590.com,Krishnagiri,Owner 590,MD 590,321,Hierarchical,"Director A590, Director B590",Construction & Infrastructure,Roads & Buildings,Tamil Nadu,22,9,248190524,254125381,At Risk,7210904,91,15,"Excavators, Cranes, Concrete Mixers",High,234,No,Yes,Not Certified,Medium,Non-Compliant,Partial
Square Infra Solutions 591,Partnership,1995,4HK26HS9R7,9QHI375QGNGY4TQ,1W9B13EU81,Thanjavur,9564185260,squareinfrasolutions591@example.com,www.squareinfra591.com,Tiruvannamalai,Owner 591,MD 591,348,Hierarchical,"Director A591, Director B591",Construction & Infrastructure,Roads & Buildings,Tamil Nadu,2,3,315418496,15082465,Stable,3679832,17,198,"Excavators, Cranes, Concrete Mixers",Low,153,Yes,Yes,Not Certified,Low,Non-Compliant,Compliant
Square Infra Solutions 592,Ltd,2014,7JT5ARWJSM,TST5LH2RFV41KGN,1PUUOA4ZHS,Thanjavur,9584004583,squareinfrasolutions592@example.com,www.squareinfra592.com,Thoothukudi,Owner 592,MD 592,289,Hierarchical,"Director A592, Director B592",Construction & Infrastructure,Roads & Buildings,Tamil Nadu,17,2,406442726,218478910,Moderate,5095507,84,162,"Excavators, Cranes, Concrete Mixers",High,38,Yes,Yes,ISO 9001,High,Partial,Compliant
Square Infra Solutions 593,Pvt Ltd,2008,LGGM7WNYS6,KYMYJAIRVV6YB8C,BQLMINWU96,Ramanathapuram,9155680558,squareinfrasolutions593@example.com,www.squareinfra593.com,Kallakurichi,Owner 593,MD 593,200,Hierarchical,"Director A593, Director B593",Construction & Infrastructure,Roads & Buildings,Tamil Nadu,25,8,114545886,230229109,At Risk,29048262,66,163,"Excavators, Cranes, Concrete Mixers",Medium,92,Yes,No,ISO 14001,Low,Compliant,Partial
Square Infra Solutions 594,Partnership,2006,5AG6389P7G,3K9ES9VAJRH871W,LPYQ6NHSPJ,Mayiladuthurai,9136261074,squareinfrasolutions594@example.com,www.squareinfra594.com,Pudukkottai,Owner 594,MD 594,119,Hierarchical,"Director A594, Director B594",Construction & Infrastructure,Roads & Buildings,Tamil Nadu,30,19,92026495,36262987,At Risk,15202423,88,15,"Excavators, Cranes, Concrete Mixers",Medium,283,No,Yes,Multiple,High,Partial,Compliant
Square Infra Solutions 595,Partnership,2016,Z4FQG3JAZI,UXN94LA8TNUZU7R,Z817F5N11Q,Tirunelveli,9152870158,squareinfrasolutions595@example.com,www.squareinfra595.com,Krishnagiri,Owner 595,MD 595,487,Hierarchical,"Director A595, Director B595",Construction & Infrastructure,Roads & Buildings,Tamil Nadu,9,25,47932495,155277900,Moderate,32884944,61,58,"Excavators, Cranes, Concrete Mixers",Medium,142,No,No,ISO 45001,High,Partial,Compliant
Square Infra Solutions 596,Pvt Ltd,2020,OO4ID31LTD,C83PJK058DU2OCA,BPM0SDN6P7,Tiruppur,9338697473,squareinfrasolutions596@example.com,www.squareinfra596.com,Kancheepuram,Owner 596,MD 596,486,Hierarchical,"Director A596, Director B596",Construction & Infrastructure,Roads & Buildings,Tamil Nadu,23,7,98697092,97258454,At Risk,6305219,60,144,"Excavators, Cranes, Concrete Mixers",Medium,139,Yes,No,ISO 14001,Medium,Compliant,Non-Compliant
Square Infra Solutions 597,Ltd,2016,W1CIYKL4V1,SZ2MNRZWYOMW7AM,KTTNX239QE,Ramanathapuram,9829405661,squareinfrasolutions597@example.com,www.squareinfra597.com,Coimbatore,Owner 597,MD 597,206,Hierarchical,"Director A597, Director B597",Construction & Infrastructure,Roads & Buildings,Tamil Nadu,3,10,118250579,97106295,Moderate,28652493,87,48,"Excavators, Cranes, Concrete Mixers",High,249,Yes,Yes,Multiple,High,Partial,Partial
Square Infra Solutions 598,Proprietorship,2006,HEBDE1FSPM,1MMJFWOM16MLXBS,YGJ5W3EW5U,Tirunelveli,9275773897,squareinfrasolutions598@example.com,www.squareinfra598.com,Madurai,Owner 598,MD 598,465,Hierarchical,"Director A598, Director B598",Construction & Infrastructure,Roads & Buildings,Tamil Nadu,13,9,319921920,4364274,At Risk,5728532,28,51,"Excavators, Cranes, Concrete Mixers",High,248,No,No,ISO 9001,Low,Partial,Non-Compliant
Square Infra Solutions 599,Pvt Ltd,2000,DHYP4VLTVU,BKFNKEUEYPWGGHO,G4S8IODA9M,Erode,9108113580,squareinfrasolutions599@example.com,www.squareinfra599.com,Sivaganga,Owner 599,MD 599,346,Hierarchical,"Director A599, Director B599",Construction & Infrastructure,Roads & Buildings,Tamil Nadu,9,25,184918295,278321347,Stable,49342181,99,122,"Excavators, Cranes, Concrete Mixers",Medium,56,No,Yes,Multiple,Medium,Non-Compliant,Partial
Square Infra Solutions 600,Proprietorship,2012,8D9KXPTQVO,76M0T464ZKNTEOZ,5JGBAO77JS,Chengalpattu,9933619407,squareinfrasolutions600@example.com,www.squareinfra600.com,Ariyalur,Owner 600,MD 600,209,Hierarchical,"Director A600, Director B600",Construction & Infrastructure,Roads & Buildings,Tamil Nadu,16,8,493656605,189972659,At Risk,39226036,30,175,"Excavators, Cranes, Concrete Mixers",High,63,No,No,Not Certified,High,Partial,Partial
Square Infra Solutions 601,Partnership,2001,4EWQEOFCFP,9N2A2JYVWM7IX7G,BQG6EWEAXB,Mayiladuthurai,9465924538,squareinfrasolutions601@example.com,www.squareinfra601.com,Viluppuram,Owner 601,MD 601,77,Hierarchical,"Director A601, Director B601",Construction & Infrastructure,Roads & Buildings,Tamil Nadu,2,4,411422577,84128714,Stable,44986229,5,74,"Excavators, Cranes, Concrete Mixers",Medium,188,No,Yes,Not Certified,High,Partial,Non-Compliant
Square Infra Solutions 602,Ltd,2022,WT76W5M2DB,TFIESU9OGRL80PM,BDF3O31W0X,Namakkal,9741555691,squareinfrasolutions602@example.com,www.squareinfra602.com,Erode,Owner 602,MD 602,168,Hierarchical,"Director A602, Director B602",Construction & Infrastructure,Roads & Buildings,Tamil Nadu,28,4,490035066,239229685,Moderate,1142038,5,120,"Excavators, Cranes, Concrete Mixers",Low,31,No,Yes,ISO 14001,Medium,Non-Compliant,Compliant
Square Infra Solutions 603,Pvt Ltd,2016,GLF31VG4IJ,9BEKT8X0SM2O0H2,QD92BK10M3,Tiruvallur,9823343752,squareinfrasolutions603@example.com,www.squareinfra603.com,Mayiladuthurai,Owner 603,MD 603,72,Hierarchical,"Director A603, Director B603",Construction & Infrastructure,Roads & Buildings,Tamil Nadu,22,25,400443241,126941822,Moderate,40881864,89,151,"Excavators, Cranes, Concrete Mixers",Medium,195,Yes,Yes,Multiple,Low,Non-Compliant,Compliant
Square Infra Solutions 604,Pvt Ltd,2002,9N9HNHHFQN,6TSNBI6QNR6US8E,Z0Y81R2Z7F,Tiruvallur,9543854657,squareinfrasolutions604@example.com,www.squareinfra604.com,Virudhunagar,Owner 604,MD 604,131,Hierarchical,"Director A604, Director B604",Construction & Infrastructure,Roads & Buildings,Tamil Nadu,19,14,435427053,253125365,Stable,17101292,6,100,"Excavators, Cranes, Concrete Mixers",High,171,No,No,Multiple,Medium,Partial,Partial
Square Infra Solutions 605,Proprietorship,2017,QYS6W7SSUA,K2UN4HXZZIO7KSC,YMIKNJ5S1V,Theni,9221891225,squareinfrasolutions605@example.com,www.squareinfra605.com,Dindigul,Owner 605,MD 605,285,Hierarchical,"Director A605, Director B605",Construction & Infrastructure,Roads & Buildings,Tamil Nadu,29,6,472824965,184926500,Moderate,21099757,25,100,"Excavators, Cranes, Concrete Mixers",High,90,No,Yes,ISO 9001,Low,Compliant,Compliant
Square Infra Solutions 606,Proprietorship,2012,SWRNWZ1KDF,J3AXMIO5U1VIOY8,0O63G8QCQN,Theni,9305393940,squareinfrasolutions606@example.com,www.squareinfra606.com,Tirupathur,Owner 606,MD 606,468,Hierarchical,"Director A606, Director B606",Construction & Infrastructure,Roads & Buildings,Tamil Nadu,21,15,182199377,77929949,Stable,45006940,74,186,"Excavators, Cranes, Concrete Mixers",Low,236,No,Yes,Multiple,High,Non-Compliant,Partial
Square Infra Solutions 607,Partnership,1999,7VWYD41W2M,TATTR38S3ANEC2J,5TQQY9B3ZG,Erode,9050638820,squareinfrasolutions607@example.com,www.squareinfra607.com,Salem,Owner 607,MD 607,279,Hierarchical,"Director A607, Director B607",Construction & Infrastructure,Roads & Buildings,Tamil Nadu,3,25,251493778,147176221,Stable,12521530,94,27,"Excavators, Cranes, Concrete Mixers",High,148,No,No,Not Certified,Medium,Non-Compliant,Compliant
Square Infra Solutions 608,Partnership,2019,VV2FO9ENQ0,QF8L9RUVQDGYR5R,LXVL7YPIGC,Tenkasi,9939524434,squareinfrasolutions608@example.com,www.squareinfra608.com,Tirupathur,Owner 608,MD 608,300,Hierarchical,"Director A608, Director B608",Construction & Infrastructure,Roads & Buildings,Tamil Nadu,16,25,451546873,294297776,Moderate,27055906,73,19,"Excavators, Cranes, Concrete Mixers",Medium,75,No,Yes,Multiple,High,Non-Compliant,Compliant
Square Infra Solutions 609,Partnership,2000,P7T0LBIHSO,FETJSLECBTC1N23,XIBUD5Y3CU,Nagapattinam,9377102574,squareinfrasolutions609@example.com,www.squareinfra609.com,Ramanathapuram,Owner 609,MD 609,63,Hierarchical,"Director A609, Director B609",Construction & Infrastructure,Roads & Buildings,Tamil Nadu,23,13,437724825,23422315,At Risk,22113943,83,31,"Excavators, Cranes, Concrete Mixers",Low,240,No,Yes,Multiple,High,Non-Compliant,Compliant
Square Infra Solutions 610,Pvt Ltd,2007,CUE0RS40PH,WBYUV99HTAYUNE5,344CCYEZI6,Tiruchirappalli,9053837644,squareinfrasolutions610@example.com,www.squareinfra610.com,Karur,Owner 610,MD 610,194,Hierarchical,"Director A610, Director B610",Construction & Infrastructure,Roads & Buildings,Tamil Nadu,20,14,397077343,249480720,Stable,7167929,16,71,"Excavators, Cranes, Concrete Mixers",High,244,No,Yes,ISO 9001,Medium,Partial,Non-Compliant
Square Infra Solutions 611,Ltd,2013,7NPCJYNS6V,XLPP0WA80E3AQ1K,D7ZXKDO3JM,Namakkal,9232213763,squareinfrasolutions611@example.com,www.squareinfra611.com,Chengalpattu,Owner 611,MD 611,363,Hierarchical,"Director A611, Director B611",Construction & Infrastructure,Roads & Buildings,Tamil Nadu,16,3,464732297,292052748,At Risk,8851149,39,54,"Excavators, Cranes, Concrete Mixers",Medium,286,No,No,Multiple,Low,Non-Compliant,Compliant
Square Infra Solutions 612,Ltd,2010,WZF9W6TRQE,EDL0CLZJQ5ABUVG,1H1501WIZH,Tiruvarur,9436318413,squareinfrasolutions612@example.com,www.squareinfra612.com,Tiruppur,Owner 612,MD 612,469,Hierarchical,"Director A612, Director B612",Construction & Infrastructure,Roads & Buildings,Tamil Nadu,15,6,256307615,231873537,Stable,31262120,48,169,"Excavators, Cranes, Concrete Mixers",Low,225,No,Yes,ISO 14001,High,Non-Compliant,Compliant
Square Infra Solutions 613,Ltd,1996,83E2II17TS,XPEZ00FDRZMEP1W,X0YKUV7FAW,Kancheepuram,9141174576,squareinfrasolutions613@example.com,www.squareinfra613.com,Viluppuram,Owner 613,MD 613,80,Hierarchical,"Director A613, Director B613",Construction & Infrastructure,Roads & Buildings,Tamil Nadu,18,13,348926516,111747304,Moderate,49330768,29,179,"Excavators, Cranes, Concrete Mixers",High,166,No,Yes,ISO 14001,High,Compliant,Compliant
Square Infra Solutions 614,Proprietorship,2014,4XQ1HM57ZN,Z538ILCAIXSFX4X,52PFU9PJE1,Krishnagiri,9346268041,squareinfrasolutions614@example.com,www.squareinfra614.com,Thanjavur,Owner 614,MD 614,488,Hierarchical,"Director A614, Director B614",Construction & Infrastructure,Roads & Buildings,Tamil Nadu,5,25,121654434,219351289,Stable,28546659,55,87,"Excavators, Cranes, Concrete Mixers",Low,143,No,Yes,ISO 45001,Low,Compliant,Non-Compliant
Square Infra Solutions 615,Ltd,1998,G2HTB4AU6A,K5MO20JIQGY569M,08LV08EZ1S,Virudhunagar,9591251334,squareinfrasolutions615@example.com,www.squareinfra615.com,Coimbatore,Owner 615,MD 615,373,Hierarchical,"Director A615, Director B615",Construction & Infrastructure,Roads & Buildings,Tamil Nadu,16,21,154420631,273567847,Stable,16699926,66,86,"Excavators, Cranes, Concrete Mixers",High,178,Yes,Yes,ISO 9001,Medium,Compliant,Compliant
Square Infra Solutions 616,Partnership,2003,KWRIXTX44I,H8XHSAT87B4B74Q,ES6J72S9OX,Virudhunagar,9752634693,squareinfrasolutions616@example.com,www.squareinfra616.com,Tirunelveli,Owner 616,MD 616,16,Hierarchical,"Director A616, Director B616",Construction & Infrastructure,Roads & Buildings,Tamil Nadu,20,13,167477634,241152919,Moderate,2986644,86,70,"Excavators, Cranes, Concrete Mixers",Medium,275,Yes,No,ISO 45001,Medium,Partial,Non-Compliant
Square Infra Solutions 617,Proprietorship,2022,G1UK76M193,DW8D7PK81GIR1UB,XMJ1KPPM6M,Tiruppur,9094703177,squareinfrasolutions617@example.com,www.squareinfra617.com,Sivaganga,Owner 617,MD 617,450,Hierarchical,"Director A617, Director B617",Construction & Infrastructure,Roads & Buildings,Tamil Nadu,1,23,285514160,17494152,At Risk,8446791,97,47,"Excavators, Cranes, Concrete Mixers",Medium,86,Yes,Yes,Multiple,Low,Partial,Compliant
Square Infra Solutions 618,Proprietorship,2011,VVIZUN4RDP,HQDD4S6WU8HX1G9,YVB8XOGVF2,Karur,9769503742,squareinfrasolutions618@example.com,www.squareinfra618.com,Perambalur,Owner 618,MD 618,117,Hierarchical,"Director A618, Director B618",Construction & Infrastructure,Roads & Buildings,Tamil Nadu,19,19,300939850,272500637,At Risk,14551003,52,85,"Excavators, Cranes, Concrete Mixers",Medium,138,Yes,No,Multiple,High,Non-Compliant,Non-Compliant
Square Infra Solutions 619,Pvt Ltd,2005,B5NIVVK9BC,8ZL8VD6NA13I00I,SCD73HUABQ,Krishnagiri,9278562002,squareinfrasolutions619@example.com,www.squareinfra619.com,Tiruvarur,Owner 619,MD 619,19,Hierarchical,"Director A619, Director B619",Construction & Infrastructure,Roads & Buildings,Tamil Nadu,3,4,378752117,172454694,Stable,39673243,60,65,"Excavators, Cranes, Concrete Mixers",High,77,No,No,ISO 14001,Medium,Compliant,Compliant
Square Infra Solutions 620,Ltd,2014,1TMTCC10XY,O28U4BJNABHBJIT,O8HD3G2JZD,Madurai,9937090992,squareinfrasolutions620@example.com,www.squareinfra620.com,Tirupathur,Owner 620,MD 620,457,Hierarchical,"Director A620, Director B620",Construction & Infrastructure,Roads & Buildings,Tamil Nadu,13,11,143514154,49454519,At Risk,21298670,86,194,"Excavators, Cranes, Concrete Mixers",Low,71,No,No,ISO 9001,High,Non-Compliant,Non-Compliant
Square Infra Solutions 621,Partnership,2013,QB3GTEAHI2,PB8QXZGCTJMAV8G,ZAHYP78438,Tirunelveli,9397018076,squareinfrasolutions621@example.com,www.squareinfra621.com,Thanjavur,Owner 621,MD 621,94,Hierarchical,"Director A621, Director B621",Construction & Infrastructure,Roads & Buildings,Tamil Nadu,7,23,491396725,292612736,Stable,25997126,50,81,"Excavators, Cranes, Concrete Mixers",Medium,74,No,No,ISO 45001,High,Partial,Non-Compliant
Square Infra Solutions 622,Ltd,2021,6A5BHIX9A1,5QNGJPFGT0E5SV1,DWJL5A63IG,Tiruchirappalli,9914472015,squareinfrasolutions622@example.com,www.squareinfra622.com,Cuddalore,Owner 622,MD 622,79,Hierarchical,"Director A622, Director B622",Construction & Infrastructure,Roads & Buildings,Tamil Nadu,1,4,105353849,107637596,Moderate,18333631,78,156,"Excavators, Cranes, Concrete Mixers",Low,144,Yes,No,ISO 14001,Medium,Non-Compliant,Partial
Square Infra Solutions 623,Ltd,2018,Z3HKG7QN24,W784X6HRPXF9YCY,BB8JR1LPVX,Tirunelveli,9877105858,squareinfrasolutions623@example.com,www.squareinfra623.com,Dharmapuri,Owner 623,MD 623,446,Hierarchical,"Director A623, Director B623",Construction & Infrastructure,Roads & Buildings,Tamil Nadu,23,14,489372648,120461112,At Risk,20089291,6,110,"Excavators, Cranes, Concrete Mixers",Medium,164,No,No,Not Certified,Medium,Partial,Partial
Square Infra Solutions 624,Ltd,2003,TCMB5KNKOP,RFWYNIR65RPH8JK,6HKJM34HZX,Thoothukudi,9072995911,squareinfrasolutions624@example.com,www.squareinfra624.com,Ranipet,Owner 624,MD 624,357,Hierarchical,"Director A624, Director B624",Construction & Infrastructure,Roads & Buildings,Tamil Nadu,26,23,95550697,11193132,Moderate,34710554,5,41,"Excavators, Cranes, Concrete Mixers",High,113,No,No,ISO 14001,Medium,Partial,Compliant
Square Infra Solutions 625,Partnership,2011,EMAEQ05KXL,WP46ZVT3VMCKJR0,BQFX4FD3OH,Madurai,9552118373,squareinfrasolutions625@example.com,www.squareinfra625.com,Madurai,Owner 625,MD 625,493,Hierarchical,"Director A625, Director B625",Construction & Infrastructure,Roads & Buildings,Tamil Nadu,20,24,253022618,68695494,Stable,28731270,64,142,"Excavators, Cranes, Concrete Mixers",High,137,Yes,Yes,ISO 9001,Medium,Non-Compliant,Non-Compliant
Square Infra Solutions 626,Pvt Ltd,1999,YDD3YK7SWF,UJ5NNLYAEXWAWLP,VGBI8D2JW9,Nilgiris,9500409555,squareinfrasolutions626@example.com,www.squareinfra626.com,Pudukkottai,Owner 626,MD 626,361,Hierarchical,"Director A626, Director B626",Construction & Infrastructure,Roads & Buildings,Tamil Nadu,23,4,400517681,285855936,Moderate,32813107,68,194,"Excavators, Cranes, Concrete Mixers",Medium,268,No,Yes,Multiple,Medium,Non-Compliant,Non-Compliant
Square Infra Solutions 627,Proprietorship,2003,U2COAXHN1Z,VXAUWM3A8LC779D,S28CHRZ52I,Nagapattinam,9785867973,squareinfrasolutions627@example.com,www.squareinfra627.com,Tiruvannamalai,Owner 627,MD 627,53,Hierarchical,"Director A627, Director B627",Construction & Infrastructure,Roads & Buildings,Tamil Nadu,13,6,13683808,292941025,Stable,14066916,64,166,"Excavators, Cranes, Concrete Mixers",High,63,No,No,ISO 14001,Low,Non-Compliant,Partial
Square Infra Solutions 628,Partnership,2017,09W3T6WHGQ,PN3EQRXZZ2BYKCS,WM2ZH525KJ,Perambalur,9937831420,squareinfrasolutions628@example.com,www.squareinfra628.com,Thanjavur,Owner 628,MD 628,38,Hierarchical,"Director A628, Director B628",Construction & Infrastructure,Roads & Buildings,Tamil Nadu,6,5,121798290,216637748,Moderate,41201514,80,200,"Excavators, Cranes, Concrete Mixers",High,227,Yes,Yes,ISO 9001,High,Partial,Non-Compliant
Square Infra Solutions 629,Partnership,2017,9WNLFKCFPF,KCBGD729XE3IUNS,XCJRJ4MOX2,Thanjavur,9842598568,squareinfrasolutions629@example.com,www.squareinfra629.com,Tiruchirappalli,Owner 629,MD 629,221,Hierarchical,"Director A629, Director B629",Construction & Infrastructure,Roads & Buildings,Tamil Nadu,14,15,218073529,144280356,At Risk,31706551,25,135,"Excavators, Cranes, Concrete Mixers",Low,31,No,Yes,ISO 9001,Low,Partial,Partial
Square Infra Solutions 630,Ltd,2012,0UQXP4L18I,9NZC2KMNT9KNVK2,RWOUMU6V5W,Tenkasi,9526190330,squareinfrasolutions630@example.com,www.squareinfra630.com,Madurai,Owner 630,MD 630,389,Hierarchical,"Director A630, Director B630",Construction & Infrastructure,Roads & Buildings,Tamil Nadu,18,8,449807834,211249222,Stable,37253092,85,188,"Excavators, Cranes, Concrete Mixers",Low,274,Yes,Yes,ISO 14001,High,Compliant,Compliant
Square Infra Solutions 631,Partnership,2015,TDR86D4XGL,BRJUX2AIEX2W2M4,LDDXSXAK27,Nagapattinam,9313855842,squareinfrasolutions631@example.com,www.squareinfra631.com,Viluppuram,Owner 631,MD 631,333,Hierarchical,"Director A631, Director B631",Construction & Infrastructure,Roads & Buildings,Tamil Nadu,17,22,354093422,17363030,Moderate,19195603,25,167,"Excavators, Cranes, Concrete Mixers",Medium,123,Yes,Yes,ISO 9001,Medium,Compliant,Compliant
Square Infra Solutions 632,Partnership,2013,9773KDAPNM,F1CJR64UIMJ4AEM,UL3V6L0OZ0,Cuddalore,9496216009,squareinfrasolutions632@example.com,www.squareinfra632.com,Kancheepuram,Owner 632,MD 632,416,Hierarchical,"Director A632, Director B632",Construction & Infrastructure,Roads & Buildings,Tamil Nadu,27,13,306125835,96663777,Moderate,30243456,89,37,"Excavators, Cranes, Concrete Mixers",Medium,135,No,No,ISO 14001,Medium,Compliant,Non-Compliant
Square Infra Solutions 633,Partnership,2006,OKFFP7F1QF,TZC33YGMEJAVLXO,ZCGHNPZIBJ,Tenkasi,9071760211,squareinfrasolutions633@example.com,www.squareinfra633.com,Kanniyakumari,Owner 633,MD 633,28,Hierarchical,"Director A633, Director B633",Construction & Infrastructure,Roads & Buildings,Tamil Nadu,4,15,488631541,231566111,At Risk,32501866,93,87,"Excavators, Cranes, Concrete Mixers",High,251,No,Yes,Not Certified,Low,Compliant,Non-Compliant
Square Infra Solutions 634,Ltd,2000,Z5GQV71YFP,GXPRLVDB48BUGEJ,00IRVHWMYM,Kancheepuram,9870948746,squareinfrasolutions634@example.com,www.squareinfra634.com,Mayiladuthurai,Owner 634,MD 634,92,Hierarchical,"Director A634, Director B634",Construction & Infrastructure,Roads & Buildings,Tamil Nadu,18,5,145001568,268181037,At Risk,45434246,86,20,"Excavators, Cranes, Concrete Mixers",Medium,122,Yes,No,Not Certified,Medium,Partial,Partial
Square Infra Solutions 635,Pvt Ltd,2010,KQOXFN04LA,W6WBZT99LLO8BKF,RHVLWIK1UB,Madurai,9669603355,squareinfrasolutions635@example.com,www.squareinfra635.com,Coimbatore,Owner 635,MD 635,377,Hierarchical,"Director A635, Director B635",Construction & Infrastructure,Roads & Buildings,Tamil Nadu,21,18,258411508,57062351,Moderate,5770683,99,196,"Excavators, Cranes, Concrete Mixers",High,289,No,Yes,ISO 14001,Low,Compliant,Compliant
Square Infra Solutions 636,Ltd,1995,QYLRQ9A2KY,YC9U9ZP561N8QSL,FAAS4UFTQF,Ramanathapuram,9509213509,squareinfrasolutions636@example.com,www.squareinfra636.com,Tirupathur,Owner 636,MD 636,43,Hierarchical,"Director A636, Director B636",Construction & Infrastructure,Roads & Buildings,Tamil Nadu,1,23,207993974,14783875,Moderate,40924258,72,178,"Excavators, Cranes, Concrete Mixers",Low,61,Yes,No,ISO 45001,High,Compliant,Partial
Square Infra Solutions 637,Partnership,2008,BGI6J92WFV,U2C3QXYDY84MUEX,BOCR9MN1TH,Mayiladuthurai,9978686886,squareinfrasolutions637@example.com,www.squareinfra637.com,Dharmapuri,Owner 637,MD 637,19,Hierarchical,"Director A637, Director B637",Construction & Infrastructure,Roads & Buildings,Tamil Nadu,14,23,8421831,170559399,Moderate,7080936,88,157,"Excavators, Cranes, Concrete Mixers",Low,212,Yes,Yes,ISO 14001,High,Compliant,Partial
Square Infra Solutions 638,Proprietorship,2003,J7V0XEUYZ4,QKGZSAO950BQWZ2,WXONBQ6V3X,Kallakurichi,9689629076,squareinfrasolutions638@example.com,www.squareinfra638.com,Kanniyakumari,Owner 638,MD 638,395,Hierarchical,"Director A638, Director B638",Construction & Infrastructure,Roads & Buildings,Tamil Nadu,28,17,132234739,54365204,Stable,37595758,9,167,"Excavators, Cranes, Concrete Mixers",High,221,Yes,No,Not Certified,High,Compliant,Compliant
Square Infra Solutions 639,Proprietorship,1996,VTMBB2QJNQ,M6Q7DEPIVCCQWB7,SKE468P0LO,Madurai,9975736060,squareinfrasolutions639@example.com,www.squareinfra639.com,Chengalpattu,Owner 639,MD 639,203,Hierarchical,"Director A639, Director B639",Construction & Infrastructure,Roads & Buildings,Tamil Nadu,11,25,172559444,279182931,Stable,34674715,75,173,"Excavators, Cranes, Concrete Mixers",Low,47,No,No,ISO 9001,Low,Non-Compliant,Partial
Square Infra Solutions 640,Partnership,2005,9JKVMJMQ9X,71AYXRUDNFLOFTB,YUGINESTVX,Virudhunagar,9820512622,squareinfrasolutions640@example.com,www.squareinfra640.com,Sivaganga,Owner 640,MD 640,181,Hierarchical,"Director A640, Director B640",Construction & Infrastructure,Roads & Buildings,Tamil Nadu,5,21,180918233,278252321,Moderate,9997213,85,10,"Excavators, Cranes, Concrete Mixers",Low,245,No,Yes,ISO 45001,High,Partial,Compliant
Square Infra Solutions 641,Ltd,2018,AIYK60I64J,HMJ2PI3OKSYG7Y1,P0O93GV6GB,Chennai,9272873233,squareinfrasolutions641@example.com,www.squareinfra641.com,Perambalur,Owner 641,MD 641,203,Hierarchical,"Director A641, Director B641",Construction & Infrastructure,Roads & Buildings,Tamil Nadu,4,5,374597157,255122378,At Risk,25569895,87,172,"Excavators, Cranes, Concrete Mixers",Low,75,No,No,Multiple,Low,Compliant,Non-Compliant
Square Infra Solutions 642,Ltd,2018,A0LZS3MZN1,E3SHL7P0J5T4LCD,YVJAK5V8Y9,Ranipet,9050241450,squareinfrasolutions642@example.com,www.squareinfra642.com,Tiruppur,Owner 642,MD 642,27,Hierarchical,"Director A642, Director B642",Construction & Infrastructure,Roads & Buildings,Tamil Nadu,14,19,352336676,197777119,Moderate,15382689,32,86,"Excavators, Cranes, Concrete Mixers",Medium,190,Yes,Yes,ISO 9001,Low,Compliant,Compliant
Square Infra Solutions 643,Pvt Ltd,2017,0GVYUTR586,VDKJOM0YKKA8O41,N5O3VTG6CD,Ranipet,9430867535,squareinfrasolutions643@example.com,www.squareinfra643.com,Cuddalore,Owner 643,MD 643,380,Hierarchical,"Director A643, Director B643",Construction & Infrastructure,Roads & Buildings,Tamil Nadu,9,11,362732574,192244446,Stable,41681186,51,150,"Excavators, Cranes, Concrete Mixers",Low,250,Yes,Yes,ISO 14001,High,Non-Compliant,Partial
Square Infra Solutions 644,Ltd,2009,OPF2TGC39Q,9E0USPVF88W1EHR,FMHZ6DVQR1,Tiruvallur,9144539499,squareinfrasolutions644@example.com,www.squareinfra644.com,Tirunelveli,Owner 644,MD 644,452,Hierarchical,"Director A644, Director B644",Construction & Infrastructure,Roads & Buildings,Tamil Nadu,4,14,229778831,172360580,Moderate,38194962,34,106,"Excavators, Cranes, Concrete Mixers",Low,7,No,No,ISO 45001,Low,Compliant,Non-Compliant
Square Infra Solutions 645,Pvt Ltd,2015,IYHEWA6LZG,CF08AMFMITJP06X,ZBHN5D4LAU,Namakkal,9394555229,squareinfrasolutions645@example.com,www.squareinfra645.com,Coimbatore,Owner 645,MD 645,53,Hierarchical,"Director A645, Director B645",Construction & Infrastructure,Roads & Buildings,Tamil Nadu,22,20,278617978,225007368,Moderate,25121500,91,187,"Excavators, Cranes, Concrete Mixers",Low,27,No,Yes,ISO 45001,Low,Compliant,Compliant
Square Infra Solutions 646,Ltd,2012,8D7S2W8UZ0,BYSZ7PVO1C64A19,QM4PLNR3HL,Coimbatore,9452338726,squareinfrasolutions646@example.com,www.squareinfra646.com,Cuddalore,Owner 646,MD 646,94,Hierarchical,"Director A646, Director B646",Construction & Infrastructure,Roads & Buildings,Tamil Nadu,6,15,49263357,122967998,Moderate,26987564,94,120,"Excavators, Cranes, Concrete Mixers",Medium,137,No,Yes,ISO 9001,High,Compliant,Compliant
Square Infra Solutions 647,Pvt Ltd,1999,BZLXKFNCMY,WFW28H6VZ5HETXL,IB00W7D4VZ,Dindigul,9862004552,squareinfrasolutions647@example.com,www.squareinfra647.com,Erode,Owner 647,MD 647,497,Hierarchical,"Director A647, Director B647",Construction & Infrastructure,Roads & Buildings,Tamil Nadu,1,14,365178466,195010157,At Risk,31349459,81,23,"Excavators, Cranes, Concrete Mixers",Low,297,No,Yes,ISO 14001,High,Non-Compliant,Non-Compliant
Square Infra Solutions 648,Proprietorship,2016,FKOIWNEXCT,G0Z2WR1RQK85L8W,YJ1JPNV4B0,Tiruppur,9642551123,squareinfrasolutions648@example.com,www.squareinfra648.com,Tirunelveli,Owner 648,MD 648,488,Hierarchical,"Director A648, Director B648",Construction & Infrastructure,Roads & Buildings,Tamil Nadu,2,2,202735631,223419014,Moderate,36494585,29,200,"Excavators, Cranes, Concrete Mixers",Medium,199,Yes,Yes,ISO 14001,Medium,Partial,Compliant
Square Infra Solutions 649,Partnership,2017,3D91EIN2J6,DD6SOBBOK5QENR9,H5S48HNWFO,Ariyalur,9143388961,squareinfrasolutions649@example.com,www.squareinfra649.com,Coimbatore,Owner 649,MD 649,279,Hierarchical,"Director A649, Director B649",Construction & Infrastructure,Roads & Buildings,Tamil Nadu,22,24,317656908,55887682,Stable,17445375,77,182,"Excavators, Cranes, Concrete Mixers",Medium,248,No,No,Multiple,High,Non-Compliant,Compliant
Square Infra Solutions 650,Ltd,2006,WDIYX7Y6FJ,51R1YZJ2P8MAVFJ,JFTXBEJPYL,Kancheepuram,9726107912,squareinfrasolutions650@example.com,www.squareinfra650.com,Erode,Owner 650,MD 650,98,Hierarchical,"Director A650, Director B650",Construction & Infrastructure,Roads & Buildings,Tamil Nadu,23,23,107325432,119291144,Moderate,7090551,47,162,"Excavators, Cranes, Concrete Mixers",High,40,Yes,No,ISO 9001,High,Non-Compliant,Non-Compliant
Square Infra Solutions 651,Proprietorship,2021,61WBKIFJHV,7ZRU7JUEUFV9ZMW,3V7L7B0PL0,Kallakurichi,9089165206,squareinfrasolutions651@example.com,www.squareinfra651.com,Ramanathapuram,Owner 651,MD 651,223,Hierarchical,"Director A651, Director B651",Construction & Infrastructure,Roads & Buildings,Tamil Nadu,25,20,59151217,13048595,Moderate,26875559,44,106,"Excavators, Cranes, Concrete Mixers",Medium,129,No,No,ISO 45001,Low,Compliant,Compliant
Square Infra Solutions 652,Partnership,2020,93I7L05W31,PET9SSDWC9C4Z75,MSWPYOBZR9,Ramanathapuram,9209548845,squareinfrasolutions652@example.com,www.squareinfra652.com,Kancheepuram,Owner 652,MD 652,55,Hierarchical,"Director A652, Director B652",Construction & Infrastructure,Roads & Buildings,Tamil Nadu,17,12,335253715,35045224,Stable,48087292,66,114,"Excavators, Cranes, Concrete Mixers",Medium,77,Yes,Yes,ISO 9001,Medium,Non-Compliant,Compliant
Square Infra Solutions 653,Pvt Ltd,2020,S44E3E36DN,OAHQEGEEN5E9TDR,XMUL1QRWJD,Salem,9994687068,squareinfrasolutions653@example.com,www.squareinfra653.com,Kallakurichi,Owner 653,MD 653,462,Hierarchical,"Director A653, Director B653",Construction & Infrastructure,Roads & Buildings,Tamil Nadu,28,2,248869559,222928293,At Risk,15434928,18,107,"Excavators, Cranes, Concrete Mixers",Medium,220,No,Yes,ISO 45001,Low,Partial,Non-Compliant
Square Infra Solutions 654,Partnership,2010,3H1CG6LLSK,M51T3H9CQEPZTVG,2KAK0DONTV,Vellore,9626362747,squareinfrasolutions654@example.com,www.squareinfra654.com,Nilgiris,Owner 654,MD 654,80,Hierarchical,"Director A654, Director B654",Construction & Infrastructure,Roads & Buildings,Tamil Nadu,8,18,394981646,67247678,Stable,11715549,20,47,"Excavators, Cranes, Concrete Mixers",Medium,222,No,No,ISO 14001,Medium,Compliant,Partial
Square Infra Solutions 655,Proprietorship,2003,CW4OVUK4NE,V83M9HCJPHT71PY,PIPFCWDAYX,Dharmapuri,9913094670,squareinfrasolutions655@example.com,www.squareinfra655.com,Theni,Owner 655,MD 655,136,Hierarchical,"Director A655, Director B655",Construction & Infrastructure,Roads & Buildings,Tamil Nadu,15,6,366102148,275110880,Moderate,41368424,29,115,"Excavators, Cranes, Concrete Mixers",Low,129,No,Yes,ISO 9001,High,Non-Compliant,Non-Compliant
Square Infra Solutions 656,Ltd,2021,U7HHOCC0P3,PF96I7870C6MCW5,UTDYFBR9N4,Cuddalore,9062662292,squareinfrasolutions656@example.com,www.squareinfra656.com,Ranipet,Owner 656,MD 656,229,Hierarchical,"Director A656, Director B656",Construction & Infrastructure,Roads & Buildings,Tamil Nadu,12,25,69268249,278105683,At Risk,9495124,70,59,"Excavators, Cranes, Concrete Mixers",High,194,Yes,No,ISO 9001,Low,Non-Compliant,Non-Compliant
Square Infra Solutions 657,Ltd,2018,1QERKAEK8I,9L2XOWDD38M26ZR,T2SOK80DFD,Karur,9705542062,squareinfrasolutions657@example.com,www.squareinfra657.com,Tiruppur,Owner 657,MD 657,487,Hierarchical,"Director A657, Director B657",Construction & Infrastructure,Roads & Buildings,Tamil Nadu,29,14,424562020,111961813,Moderate,2483360,86,56,"Excavators, Cranes, Concrete Mixers",Low,269,Yes,No,ISO 9001,Medium,Non-Compliant,Partial
Square Infra Solutions 658,Ltd,2016,6FGY53YUPL,R3G8YEFYMI5KAGH,SEY8XT5TR4,Vellore,9468131110,squareinfrasolutions658@example.com,www.squareinfra658.com,Thanjavur,Owner 658,MD 658,122,Hierarchical,"Director A658, Director B658",Construction & Infrastructure,Roads & Buildings,Tamil Nadu,16,4,265358680,289048805,Moderate,10710611,73,28,"Excavators, Cranes, Concrete Mixers",High,60,Yes,No,Not Certified,High,Partial,Compliant
Square Infra Solutions 659,Partnership,2018,4XC31Y11HF,T1AS9WP7L8OR69D,UV3BCDRFGP,Pudukkottai,9698964583,squareinfrasolutions659@example.com,www.squareinfra659.com,Nilgiris,Owner 659,MD 659,336,Hierarchical,"Director A659, Director B659",Construction & Infrastructure,Roads & Buildings,Tamil Nadu,15,5,264100310,68495722,Stable,24247930,25,177,"Excavators, Cranes, Concrete Mixers",Medium,186,No,Yes,Multiple,Low,Partial,Compliant
Square Infra Solutions 660,Proprietorship,2008,7IZA98HVBF,KMCP2G3WD5Z6DCL,BDNATXG61M,Tiruvannamalai,9540617042,squareinfrasolutions660@example.com,www.squareinfra660.com,Pudukkottai,Owner 660,MD 660,138,Hierarchical,"Director A660, Director B660",Construction & Infrastructure,Roads & Buildings,Tamil Nadu,1,19,416776182,232657053,Stable,46495948,90,128,"Excavators, Cranes, Concrete Mixers",Medium,180,Yes,No,ISO 45001,High,Partial,Non-Compliant
Square Infra Solutions 661,Proprietorship,2005,V68PLZ8G3K,DSMYGDMK98HM2QM,AQCL0IR12H,Coimbatore,9434151252,squareinfrasolutions661@example.com,www.squareinfra661.com,Tiruvallur,Owner 661,MD 661,56,Hierarchical,"Director A661, Director B661",Construction & Infrastructure,Roads & Buildings,Tamil Nadu,7,13,293252187,264518452,Stable,13017306,18,116,"Excavators, Cranes, Concrete Mixers",Medium,293,No,Yes,ISO 9001,Low,Partial,Partial
Square Infra Solutions 662,Proprietorship,2005,K5KP07UY2N,8K8WP93EKKY6DPK,6TDVZXPHGZ,Chengalpattu,9511949711,squareinfrasolutions662@example.com,www.squareinfra662.com,Thoothukudi,Owner 662,MD 662,214,Hierarchical,"Director A662, Director B662",Construction & Infrastructure,Roads & Buildings,Tamil Nadu,26,2,102168788,186628142,At Risk,35234092,20,69,"Excavators, Cranes, Concrete Mixers",High,230,No,Yes,Multiple,High,Non-Compliant,Non-Compliant
Square Infra Solutions 663,Ltd,2010,GU1LHE9M4P,G6M6QRO6ZP8OF74,MWKP91ZI13,Tiruvannamalai,9962191817,squareinfrasolutions663@example.com,www.squareinfra663.com,Tiruvarur,Owner 663,MD 663,140,Hierarchical,"Director A663, Director B663",Construction & Infrastructure,Roads & Buildings,Tamil Nadu,7,25,402158156,180469621,At Risk,22832755,7,23,"Excavators, Cranes, Concrete Mixers",Medium,241,No,No,Not Certified,Medium,Compliant,Compliant
Square Infra Solutions 664,Proprietorship,1998,YJC1Z3QXOX,XYCKN1UOVZ80SBF,KE247VH3BX,Kallakurichi,9970473477,squareinfrasolutions664@example.com,www.squareinfra664.com,Thoothukudi,Owner 664,MD 664,254,Hierarchical,"Director A664, Director B664",Construction & Infrastructure,Roads & Buildings,Tamil Nadu,2,17,194559789,147644569,At Risk,34261439,91,140,"Excavators, Cranes, Concrete Mixers",Medium,277,No,Yes,Multiple,Low,Non-Compliant,Compliant
Square Infra Solutions 665,Partnership,1998,W8H77H6UIR,5WN6WJUNLD21NMI,XLS6DIGOX4,Tenkasi,9756739770,squareinfrasolutions665@example.com,www.squareinfra665.com,Tiruppur,Owner 665,MD 665,180,Hierarchical,"Director A665, Director B665",Construction & Infrastructure,Roads & Buildings,Tamil Nadu,1,14,50237801,52102203,Stable,40810276,12,19,"Excavators, Cranes, Concrete Mixers",Low,47,Yes,Yes,Multiple,High,Non-Compliant,Compliant
Square Infra Solutions 666,Partnership,2021,YJ1A3GOPHD,GVV3HEZ9TD4BPTW,0FQO2TU61V,Thoothukudi,9095485361,squareinfrasolutions666@example.com,www.squareinfra666.com,Virudhunagar,Owner 666,MD 666,267,Hierarchical,"Director A666, Director B666",Construction & Infrastructure,Roads & Buildings,Tamil Nadu,22,17,69220821,97217398,Stable,45905932,61,192,"Excavators, Cranes, Concrete Mixers",Medium,5,Yes,Yes,ISO 14001,High,Partial,Compliant
Square Infra Solutions 667,Proprietorship,2002,R6W80RPOKC,PWRW00SNJ1R6N9X,MIMEZR5G0F,Perambalur,9449860384,squareinfrasolutions667@example.com,www.squareinfra667.com,Ranipet,Owner 667,MD 667,385,Hierarchical,"Director A667, Director B667",Construction & Infrastructure,Roads & Buildings,Tamil Nadu,24,17,61824321,256497631,At Risk,25384921,62,114,"Excavators, Cranes, Concrete Mixers",Medium,133,Yes,No,Not Certified,Medium,Partial,Partial
Square Infra Solutions 668,Proprietorship,2010,FQV72W0FAP,105SWIJPSRZGHPG,I8IWH9FQS8,Dindigul,9192429642,squareinfrasolutions668@example.com,www.squareinfra668.com,Tenkasi,Owner 668,MD 668,466,Hierarchical,"Director A668, Director B668",Construction & Infrastructure,Roads & Buildings,Tamil Nadu,24,10,28239025,168685604,Moderate,40960886,46,109,"Excavators, Cranes, Concrete Mixers",Low,107,Yes,No,ISO 14001,High,Compliant,Partial
Square Infra Solutions 669,Pvt Ltd,2002,65WGPY8NUT,0YRCUR8MVTM3UNO,6SW9FNIQ2H,Tirupathur,9034935586,squareinfrasolutions669@example.com,www.squareinfra669.com,Nilgiris,Owner 669,MD 669,273,Hierarchical,"Director A669, Director B669",Construction & Infrastructure,Roads & Buildings,Tamil Nadu,18,16,113116738,111341226,Moderate,10992096,43,10,"Excavators, Cranes, Concrete Mixers",Low,96,Yes,Yes,ISO 9001,Low,Compliant,Compliant
Square Infra Solutions 670,Proprietorship,2011,CTQSIGADJL,A8F4WMH1FFZJHGA,VY09SC3MN0,Kallakurichi,9099749980,squareinfrasolutions670@example.com,www.squareinfra670.com,Tirunelveli,Owner 670,MD 670,440,Hierarchical,"Director A670, Director B670",Construction & Infrastructure,Roads & Buildings,Tamil Nadu,26,18,190501864,65428156,Moderate,9873721,92,132,"Excavators, Cranes, Concrete Mixers",Low,299,No,Yes,Not Certified,Low,Compliant,Non-Compliant
Square Infra Solutions 671,Proprietorship,2007,Z4Q3Y7AA8M,V94WMSLDYB23HXP,MQ6S6Y1NWU,Theni,9233230894,squareinfrasolutions671@example.com,www.squareinfra671.com,Cuddalore,Owner 671,MD 671,296,Hierarchical,"Director A671, Director B671",Construction & Infrastructure,Roads & Buildings,Tamil Nadu,8,2,371593682,79620597,Moderate,28786836,29,45,"Excavators, Cranes, Concrete Mixers",Low,52,Yes,Yes,ISO 14001,High,Compliant,Non-Compliant
Square Infra Solutions 672,Ltd,1999,BKP1ZBQB85,TCO7SYLULQRUIMC,M4JHGM2MCF,Tiruppur,9711629939,squareinfrasolutions672@example.com,www.squareinfra672.com,Tiruvallur,Owner 672,MD 672,488,Hierarchical,"Director A672, Director B672",Construction & Infrastructure,Roads & Buildings,Tamil Nadu,25,12,185617424,284729940,Stable,31623059,66,182,"Excavators, Cranes, Concrete Mixers",Low,99,No,Yes,ISO 45001,Low,Partial,Compliant
Square Infra Solutions 673,Partnership,1995,SP0CWDAEBK,GXYIVEIRQF8CX0K,S31T0W53YS,Sivaganga,9299798041,squareinfrasolutions673@example.com,www.squareinfra673.com,Coimbatore,Owner 673,MD 673,12,Hierarchical,"Director A673, Director B673",Construction & Infrastructure,Roads & Buildings,Tamil Nadu,2,22,384321450,268417500,Moderate,41146046,46,90,"Excavators, Cranes, Concrete Mixers",High,26,Yes,Yes,ISO 14001,Medium,Partial,Compliant
Square Infra Solutions 674,Partnership,1999,5JW5G64DZB,58Q0A64A6NVY6ZI,CGEWP4DJC6,Dindigul,9783360330,squareinfrasolutions674@example.com,www.squareinfra674.com,Pudukkottai,Owner 674,MD 674,26,Hierarchical,"Director A674, Director B674",Construction & Infrastructure,Roads & Buildings,Tamil Nadu,1,12,397478517,230407278,Moderate,2035237,5,37,"Excavators, Cranes, Concrete Mixers",High,190,No,No,Multiple,Low,Compliant,Non-Compliant
Square Infra Solutions 675,Proprietorship,2021,O1I1RH1Q25,64WYLQ5QEVZ30WQ,0KETI32LZB,Madurai,9405396277,squareinfrasolutions675@example.com,www.squareinfra675.com,Madurai,Owner 675,MD 675,452,Hierarchical,"Director A675, Director B675",Construction & Infrastructure,Roads & Buildings,Tamil Nadu,22,17,495275687,77575795,Moderate,14976015,19,153,"Excavators, Cranes, Concrete Mixers",Medium,243,No,No,ISO 9001,Medium,Partial,Partial
Square Infra Solutions 676,Ltd,1996,PKASMLM8UV,8BUEZXQIEO3SHM1,9WW3DNQMEC,Tiruvallur,9632844130,squareinfrasolutions676@example.com,www.squareinfra676.com,Karur,Owner 676,MD 676,249,Hierarchical,"Director A676, Director B676",Construction & Infrastructure,Roads & Buildings,Tamil Nadu,3,18,178808380,100776092,Moderate,30921822,46,38,"Excavators, Cranes, Concrete Mixers",High,164,No,No,Not Certified,Medium,Compliant,Compliant
Square Infra Solutions 677,Partnership,2019,QFSE8SKW2P,TV6UP51L9BMEY6L,DMW70RY5LI,Erode,9917289128,squareinfrasolutions677@example.com,www.squareinfra677.com,Tirunelveli,Owner 677,MD 677,153,Hierarchical,"Director A677, Director B677",Construction & Infrastructure,Roads & Buildings,Tamil Nadu,24,18,149905281,202775715,Moderate,35399666,9,185,"Excavators, Cranes, Concrete Mixers",High,262,Yes,Yes,ISO 9001,Low,Partial,Non-Compliant
Square Infra Solutions 678,Ltd,2002,EHN9O4AS7L,POE8CDCSH292KEM,TTRJTJDE4V,Ariyalur,9231836211,squareinfrasolutions678@example.com,www.squareinfra678.com,Namakkal,Owner 678,MD 678,108,Hierarchical,"Director A678, Director B678",Construction & Infrastructure,Roads & Buildings,Tamil Nadu,10,5,175015349,271216962,Moderate,14763225,78,64,"Excavators, Cranes, Concrete Mixers",Low,75,Yes,No,Multiple,Low,Non-Compliant,Compliant
Square Infra Solutions 679,Ltd,2006,46W6Y80BPX,0QVHUT521PIIU1S,E38WDTYRYT,Nagapattinam,9512838597,squareinfrasolutions679@example.com,www.squareinfra679.com,Salem,Owner 679,MD 679,206,Hierarchical,"Director A679, Director B679",Construction & Infrastructure,Roads & Buildings,Tamil Nadu,17,6,68793976,214025646,Moderate,35188838,75,80,"Excavators, Cranes, Concrete Mixers",Low,110,Yes,No,ISO 14001,Medium,Compliant,Partial
Square Infra Solutions 680,Partnership,2011,S4P0RQYXPH,WFH61YZSJCRBPEB,6OSPUM8GFM,Coimbatore,9747578648,squareinfrasolutions680@example.com,www.squareinfra680.com,Kancheepuram,Owner 680,MD 680,335,Hierarchical,"Director A680, Director B680",Construction & Infrastructure,Roads & Buildings,Tamil Nadu,10,10,56916227,52054549,Moderate,44308355,23,192,"Excavators, Cranes, Concrete Mixers",High,77,Yes,Yes,Multiple,High,Non-Compliant,Compliant
Square Infra Solutions 681,Proprietorship,2007,BOS4IZDKUP,INNAAT1Z3VFXJAD,O2TXI8SUU5,Virudhunagar,9580024309,squareinfrasolutions681@example.com,www.squareinfra681.com,Tiruppur,Owner 681,MD 681,430,Hierarchical,"Director A681, Director B681",Construction & Infrastructure,Roads & Buildings,Tamil Nadu,28,25,374982682,174717733,At Risk,26255873,53,49,"Excavators, Cranes, Concrete Mixers",Low,288,Yes,No,Multiple,High,Partial,Partial
Square Infra Solutions 682,Ltd,1995,0DXOM0QKPO,81GFP8VCMJZ325F,U03PAQML2R,Dharmapuri,9361058099,squareinfrasolutions682@example.com,www.squareinfra682.com,Tirupathur,Owner 682,MD 682,140,Hierarchical,"Director A682, Director B682",Construction & Infrastructure,Roads & Buildings,Tamil Nadu,15,7,192105057,289162186,At Risk,40341377,43,114,"Excavators, Cranes, Concrete Mixers",Medium,288,Yes,No,Not Certified,High,Non-Compliant,Partial
Square Infra Solutions 683,Ltd,2010,HSO3FO7WRB,KBC3HCO4BYWRW6K,JYKRTPUMAJ,Theni,9764989427,squareinfrasolutions683@example.com,www.squareinfra683.com,Dindigul,Owner 683,MD 683,479,Hierarchical,"Director A683, Director B683",Construction & Infrastructure,Roads & Buildings,Tamil Nadu,5,11,439246096,199062810,Stable,43649705,7,70,"Excavators, Cranes, Concrete Mixers",High,127,Yes,Yes,Not Certified,Low,Partial,Compliant
Square Infra Solutions 684,Pvt Ltd,2010,CCY5QE2VZ1,QFL9EQUGCNP3IFH,B1GVKHH567,Chennai,9490925338,squareinfrasolutions684@example.com,www.squareinfra684.com,Erode,Owner 684,MD 684,342,Hierarchical,"Director A684, Director B684",Construction & Infrastructure,Roads & Buildings,Tamil Nadu,21,11,148062782,275257909,At Risk,21141031,30,84,"Excavators, Cranes, Concrete Mixers",High,24,Yes,No,Multiple,Medium,Non-Compliant,Compliant
Square Infra Solutions 685,Proprietorship,2013,A3G41C0EUT,EK6CY3QSM28W2NZ,60VOQNPZO8,Namakkal,9205821224,squareinfrasolutions685@example.com,www.squareinfra685.com,Ariyalur,Owner 685,MD 685,476,Hierarchical,"Director A685, Director B685",Construction & Infrastructure,Roads & Buildings,Tamil Nadu,11,4,183682393,13480061,Stable,29130036,83,79,"Excavators, Cranes, Concrete Mixers",Low,145,Yes,Yes,ISO 45001,Medium,Partial,Non-Compliant
Square Infra Solutions 686,Ltd,2015,MUEU43TGBK,JUV873MQ5GBQI3P,FRD676Y8WB,Chennai,9145339285,squareinfrasolutions686@example.com,www.squareinfra686.com,Dindigul,Owner 686,MD 686,66,Hierarchical,"Director A686, Director B686",Construction & Infrastructure,Roads & Buildings,Tamil Nadu,18,11,210541424,117171082,Moderate,47225280,72,164,"Excavators, Cranes, Concrete Mixers",Low,200,No,No,ISO 9001,Medium,Partial,Partial
Square Infra Solutions 687,Pvt Ltd,2002,RDXCCOG8OV,Z2QHNA49QMQ5FX3,T5OYRVOH91,Tirunelveli,9739707005,squareinfrasolutions687@example.com,www.squareinfra687.com,Virudhunagar,Owner 687,MD 687,352,Hierarchical,"Director A687, Director B687",Construction & Infrastructure,Roads & Buildings,Tamil Nadu,30,12,414161895,205613288,Moderate,4682898,50,110,"Excavators, Cranes, Concrete Mixers",Medium,272,Yes,Yes,ISO 45001,Low,Compliant,Partial
Square Infra Solutions 688,Proprietorship,2009,IBYYAE4BKZ,Z2JOVF5URN6HU5T,8TIADE9TDY,Coimbatore,9890186986,squareinfrasolutions688@example.com,www.squareinfra688.com,Tiruppur,Owner 688,MD 688,412,Hierarchical,"Director A688, Director B688",Construction & Infrastructure,Roads & Buildings,Tamil Nadu,15,25,199263521,214983118,Moderate,10523312,49,77,"Excavators, Cranes, Concrete Mixers",Medium,110,Yes,Yes,Multiple,Low,Compliant,Compliant
Square Infra Solutions 689,Ltd,1995,GF7URYXVLT,M0OBR85VH3JZA89,ZFS6JCXCJN,Karur,9037705252,squareinfrasolutions689@example.com,www.squareinfra689.com,Viluppuram,Owner 689,MD 689,370,Hierarchical,"Director A689, Director B689",Construction & Infrastructure,Roads & Buildings,Tamil Nadu,1,13,397981894,123541349,At Risk,22822506,47,23,"Excavators, Cranes, Concrete Mixers",Low,266,No,No,ISO 14001,Medium,Partial,Compliant
Square Infra Solutions 690,Pvt Ltd,2006,ZWQU2I8AWT,F0CU9EEPA4MZUAP,UM5F7CHXPG,Ariyalur,9866949226,squareinfrasolutions690@example.com,www.squareinfra690.com,Kanniyakumari,Owner 690,MD 690,68,Hierarchical,"Director A690, Director B690",Construction & Infrastructure,Roads & Buildings,Tamil Nadu,22,2,368250338,289481672,At Risk,34518808,57,68,"Excavators, Cranes, Concrete Mixers",Medium,80,No,Yes,Not Certified,Medium,Partial,Partial
Square Infra Solutions 691,Proprietorship,2020,Q10EB64BLU,FRYSCONWKGHKJHP,0MGVXXEAIG,Tiruppur,9226162100,squareinfrasolutions691@example.com,www.squareinfra691.com,Chengalpattu,Owner 691,MD 691,389,Hierarchical,"Director A691, Director B691",Construction & Infrastructure,Roads & Buildings,Tamil Nadu,4,9,164946890,256003503,Moderate,20161653,38,49,"Excavators, Cranes, Concrete Mixers",Low,201,Yes,Yes,ISO 14001,Medium,Non-Compliant,Partial
Square Infra Solutions 692,Partnership,2022,TV3SQZ4ZLY,V825PL8OSWNEAXW,P592KDWRJO,Vellore,9973207712,squareinfrasolutions692@example.com,www.squareinfra692.com,Salem,Owner 692,MD 692,84,Hierarchical,"Director A692, Director B692",Construction & Infrastructure,Roads & Buildings,Tamil Nadu,19,11,437498026,285061370,Moderate,17875188,91,65,"Excavators, Cranes, Concrete Mixers",High,24,No,Yes,Not Certified,High,Non-Compliant,Non-Compliant
Square Infra Solutions 693,Proprietorship,2008,4WURQ2WY2H,658CKT5M2MJC8X6,UEQ1T6B18I,Madurai,9170406735,squareinfrasolutions693@example.com,www.squareinfra693.com,Namakkal,Owner 693,MD 693,36,Hierarchical,"Director A693, Director B693",Construction & Infrastructure,Roads & Buildings,Tamil Nadu,10,18,191943733,236832475,Moderate,18385935,99,20,"Excavators, Cranes, Concrete Mixers",Medium,177,No,No,Not Certified,Medium,Compliant,Compliant
Square Infra Solutions 694,Pvt Ltd,2008,3MFAITXO5O,9R5F5XORDCIHEBF,PRGBQR44QQ,Cuddalore,9439256312,squareinfrasolutions694@example.com,www.squareinfra694.com,Perambalur,Owner 694,MD 694,180,Hierarchical,"Director A694, Director B694",Construction & Infrastructure,Roads & Buildings,Tamil Nadu,29,19,22200038,212307560,At Risk,27162437,18,71,"Excavators, Cranes, Concrete Mixers",Medium,135,Yes,Yes,ISO 9001,High,Partial,Compliant
Square Infra Solutions 695,Proprietorship,1999,GN1OBTLVXZ,8MBY0GORTP3MOQI,P8M5QFT6WH,Coimbatore,9314530091,squareinfrasolutions695@example.com,www.squareinfra695.com,Ranipet,Owner 695,MD 695,24,Hierarchical,"Director A695, Director B695",Construction & Infrastructure,Roads & Buildings,Tamil Nadu,6,3,228835809,67780798,At Risk,11436141,25,19,"Excavators, Cranes, Concrete Mixers",High,150,Yes,No,ISO 9001,High,Partial,Partial
Square Infra Solutions 696,Partnership,2012,NLTE3VF6Q3,Y4ZUPEFH5W2CZM7,TJ1B4OM9UG,Thoothukudi,9014261719,squareinfrasolutions696@example.com,www.squareinfra696.com,Nilgiris,Owner 696,MD 696,401,Hierarchical,"Director A696, Director B696",Construction & Infrastructure,Roads & Buildings,Tamil Nadu,8,13,259964916,186585364,Moderate,5245234,66,28,"Excavators, Cranes, Concrete Mixers",Low,138,Yes,Yes,Not Certified,Low,Partial,Compliant
Square Infra Solutions 697,Partnership,1996,4W7DEQB6XY,XXQRFBYURLZXHMG,3Y7Y24H1I8,Tenkasi,9949403883,squareinfrasolutions697@example.com,www.squareinfra697.com,Ranipet,Owner 697,MD 697,48,Hierarchical,"Director A697, Director B697",Construction & Infrastructure,Roads & Buildings,Tamil Nadu,5,16,228989237,241072892,Stable,8172439,30,109,"Excavators, Cranes, Concrete Mixers",Medium,30,No,No,ISO 9001,Medium,Non-Compliant,Non-Compliant
Square Infra Solutions 698,Partnership,2014,U8JFNTO25W,66TJXZVKCOQS9TV,WMFQEHB2A3,Nagapattinam,9685562229,squareinfrasolutions698@example.com,www.squareinfra698.com,Nagapattinam,Owner 698,MD 698,231,Hierarchical,"Director A698, Director B698",Construction & Infrastructure,Roads & Buildings,Tamil Nadu,18,7,331478026,182592415,Stable,45147650,19,174,"Excavators, Cranes, Concrete Mixers",High,81,No,Yes,Not Certified,Medium,Partial,Non-Compliant
Square Infra Solutions 699,Pvt Ltd,2003,8ZM8PWSROO,V9LP8P6S6WWBOWC,00NBY65GSN,Pudukkottai,9671707796,squareinfrasolutions699@example.com,www.squareinfra699.com,Dindigul,Owner 699,MD 699,221,Hierarchical,"Director A699, Director B699",Construction & Infrastructure,Roads & Buildings,Tamil Nadu,1,21,63667627,128830669,At Risk,36853825,24,155,"Excavators, Cranes, Concrete Mixers",High,119,Yes,Yes,ISO 14001,Low,Partial,Partial
Square Infra Solutions 700,Ltd,1998,OJRCLJSOZS,HI6C1ZOKVBYN1ZF,9P3BRW216K,Viluppuram,9286396908,squareinfrasolutions700@example.com,www.squareinfra700.com,Cuddalore,Owner 700,MD 700,319,Hierarchical,"Director A700, Director B700",Construction & Infrastructure,Roads & Buildings,Tamil Nadu,1,19,6195729,163528389,Moderate,3918896,12,122,"Excavators, Cranes, Concrete Mixers",Medium,166,Yes,No,ISO 14001,High,Non-Compliant,Compliant
Square Infra Solutions 701,Proprietorship,2010,IRCQCXI3W5,1QTPO6U49HRJYW1,KB63YFLXKB,Tiruvarur,9550369508,squareinfrasolutions701@example.com,www.squareinfra701.com,Nagapattinam,Owner 701,MD 701,343,Hierarchical,"Director A701, Director B701",Construction & Infrastructure,Roads & Buildings,Tamil Nadu,1,16,110374111,121026305,At Risk,47418528,11,114,"Excavators, Cranes, Concrete Mixers",Low,294,Yes,No,ISO 9001,Low,Partial,Non-Compliant
Square Infra Solutions 702,Partnership,2022,0CC6Z7MP5E,BH3SD72K94FIZ9I,LMUIL7Z718,Cuddalore,9133714158,squareinfrasolutions702@example.com,www.squareinfra702.com,Kanniyakumari,Owner 702,MD 702,483,Hierarchical,"Director A702, Director B702",Construction & Infrastructure,Roads & Buildings,Tamil Nadu,30,25,91263664,77759438,Stable,42414088,64,58,"Excavators, Cranes, Concrete Mixers",Low,22,Yes,Yes,ISO 14001,Low,Compliant,Compliant
Square Infra Solutions 703,Proprietorship,2019,7JXWZYGJLE,XZ5OJX0W91I481U,4EB484M16J,Pudukkottai,9038823515,squareinfrasolutions703@example.com,www.squareinfra703.com,Cuddalore,Owner 703,MD 703,83,Hierarchical,"Director A703, Director B703",Construction & Infrastructure,Roads & Buildings,Tamil Nadu,9,14,466930861,125648422,Moderate,42466530,18,164,"Excavators, Cranes, Concrete Mixers",High,146,No,Yes,Not Certified,High,Partial,Non-Compliant
Square Infra Solutions 704,Proprietorship,2007,AVGVOHBDL0,JR9REE6BFSX5P6J,YNEORZ6I6K,Thanjavur,9596178588,squareinfrasolutions704@example.com,www.squareinfra704.com,Tiruppur,Owner 704,MD 704,445,Hierarchical,"Director A704, Director B704",Construction & Infrastructure,Roads & Buildings,Tamil Nadu,24,18,151221354,182545129,Stable,24539198,15,198,"Excavators, Cranes, Concrete Mixers",High,227,No,Yes,Multiple,Low,Partial,Compliant
Square Infra Solutions 705,Pvt Ltd,2022,H8UHWMJO4H,1QF8SY3G87B1A0Y,JWX13G7A0J,Tiruvarur,9067593504,squareinfrasolutions705@example.com,www.squareinfra705.com,Nilgiris,Owner 705,MD 705,457,Hierarchical,"Director A705, Director B705",Construction & Infrastructure,Roads & Buildings,Tamil Nadu,18,14,86657027,122028050,Moderate,33796355,10,142,"Excavators, Cranes, Concrete Mixers",Medium,6,Yes,Yes,Multiple,Low,Non-Compliant,Partial
Square Infra Solutions 706,Pvt Ltd,2001,BOAP6TIVXE,ZLEFTRRDLMKG44R,RA8U6W586M,Thoothukudi,9778552979,squareinfrasolutions706@example.com,www.squareinfra706.com,Nagapattinam,Owner 706,MD 706,450,Hierarchical,"Director A706, Director B706",Construction & Infrastructure,Roads & Buildings,Tamil Nadu,13,20,360996747,180646654,At Risk,44093017,74,58,"Excavators, Cranes, Concrete Mixers",Low,252,No,No,Multiple,High,Compliant,Partial
Square Infra Solutions 707,Proprietorship,2020,3MHW5DYQOZ,0ZIVZLQ9IP9VHNO,TD11R20SIO,Viluppuram,9238157550,squareinfrasolutions707@example.com,www.squareinfra707.com,Perambalur,Owner 707,MD 707,240,Hierarchical,"Director A707, Director B707",Construction & Infrastructure,Roads & Buildings,Tamil Nadu,12,18,462847086,179294283,Moderate,49789058,16,139,"Excavators, Cranes, Concrete Mixers",Low,214,Yes,Yes,Not Certified,Low,Partial,Partial
Square Infra Solutions 708,Partnership,2005,8WLDP2PHBN,TD091YZYDVFII41,24OAAOM6R4,Vellore,9878622599,squareinfrasolutions708@example.com,www.squareinfra708.com,Kallakurichi,Owner 708,MD 708,261,Hierarchical,"Director A708, Director B708",Construction & Infrastructure,Roads & Buildings,Tamil Nadu,4,3,208690779,177586783,Stable,10533644,53,145,"Excavators, Cranes, Concrete Mixers",Medium,297,Yes,Yes,ISO 45001,Medium,Non-Compliant,Partial
Square Infra Solutions 709,Pvt Ltd,2003,XU8KLG8L8S,I995585NF4XYUR5,C6HHHZKLHY,Vellore,9923215853,squareinfrasolutions709@example.com,www.squareinfra709.com,Pudukkottai,Owner 709,MD 709,430,Hierarchical,"Director A709, Director B709",Construction & Infrastructure,Roads & Buildings,Tamil Nadu,18,24,432493697,229703561,Stable,15791807,73,60,"Excavators, Cranes, Concrete Mixers",Medium,16,No,Yes,ISO 45001,High,Compliant,Non-Compliant
Square Infra Solutions 710,Partnership,1998,QS2NAG795V,QM9KLYD1ZE0JQ3H,72REY2RBQA,Chennai,9415597068,squareinfrasolutions710@example.com,www.squareinfra710.com,Kancheepuram,Owner 710,MD 710,83,Hierarchical,"Director A710, Director B710",Construction & Infrastructure,Roads & Buildings,Tamil Nadu,10,21,379050428,35289222,At Risk,11507057,79,193,"Excavators, Cranes, Concrete Mixers",Medium,11,No,No,ISO 14001,Medium,Non-Compliant,Partial
Square Infra Solutions 711,Ltd,2020,9H0IYEMPT5,LF3L1MBVDQB2ZGR,DB9983LNBQ,Perambalur,9482054936,squareinfrasolutions711@example.com,www.squareinfra711.com,Pudukkottai,Owner 711,MD 711,248,Hierarchical,"Director A711, Director B711",Construction & Infrastructure,Roads & Buildings,Tamil Nadu,16,15,312146420,93386042,At Risk,24662200,88,155,"Excavators, Cranes, Concrete Mixers",Low,80,Yes,No,ISO 9001,Medium,Compliant,Partial
Square Infra Solutions 712,Ltd,2020,86UOW3UYZP,IUE9PEQKV81OGIU,WB5SWKIH4O,Viluppuram,9155815443,squareinfrasolutions712@example.com,www.squareinfra712.com,Thoothukudi,Owner 712,MD 712,17,Hierarchical,"Director A712, Director B712",Construction & Infrastructure,Roads & Buildings,Tamil Nadu,22,7,244028180,111343387,Stable,29703514,13,133,"Excavators, Cranes, Concrete Mixers",Low,215,No,No,ISO 14001,Low,Non-Compliant,Partial
Square Infra Solutions 713,Proprietorship,1998,9DU72RKA62,S3OD0Q6PJJ2U76R,V2W622VJO3,Krishnagiri,9435506953,squareinfrasolutions713@example.com,www.squareinfra713.com,Kanniyakumari,Owner 713,MD 713,352,Hierarchical,"Director A713, Director B713",Construction & Infrastructure,Roads & Buildings,Tamil Nadu,9,5,495014101,262763185,At Risk,7135962,53,75,"Excavators, Cranes, Concrete Mixers",Medium,259,No,No,Not Certified,High,Partial,Non-Compliant
Square Infra Solutions 714,Ltd,2016,ONVIK3LTO7,B8MJBKSRVXRG89L,1R2QP836I6,Viluppuram,9152056196,squareinfrasolutions714@example.com,www.squareinfra714.com,Ramanathapuram,Owner 714,MD 714,247,Hierarchical,"Director A714, Director B714",Construction & Infrastructure,Roads & Buildings,Tamil Nadu,13,20,168334178,163257253,Stable,34551137,60,12,"Excavators, Cranes, Concrete Mixers",Medium,107,No,No,ISO 14001,Low,Compliant,Partial
Square Infra Solutions 715,Pvt Ltd,1996,4ICNT9TF3J,702N4J4LEIXEZ7X,2YE1ICEYH5,Tiruppur,9008988497,squareinfrasolutions715@example.com,www.squareinfra715.com,Tiruchirappalli,Owner 715,MD 715,131,Hierarchical,"Director A715, Director B715",Construction & Infrastructure,Roads & Buildings,Tamil Nadu,8,13,465464677,294109107,Stable,31672824,38,166,"Excavators, Cranes, Concrete Mixers",High,281,No,Yes,Multiple,Low,Non-Compliant,Partial
Square Infra Solutions 716,Partnership,2010,OI0PLCJCAR,MUW5D258CBDJ0EJ,NPBCR91ZOQ,Sivaganga,9509119583,squareinfrasolutions716@example.com,www.squareinfra716.com,Thanjavur,Owner 716,MD 716,71,Hierarchical,"Director A716, Director B716",Construction & Infrastructure,Roads & Buildings,Tamil Nadu,16,17,460427316,123167052,Stable,24082291,19,126,"Excavators, Cranes, Concrete Mixers",Low,70,Yes,Yes,Multiple,High,Non-Compliant,Compliant
Square Infra Solutions 717,Partnership,2006,2GKXVN9X9S,GMVYGWL0PFH8TM8,BBX34OTJHT,Theni,9859010524,squareinfrasolutions717@example.com,www.squareinfra717.com,Dindigul,Owner 717,MD 717,275,Hierarchical,"Director A717, Director B717",Construction & Infrastructure,Roads & Buildings,Tamil Nadu,23,11,167465866,234161454,Stable,25554156,77,129,"Excavators, Cranes, Concrete Mixers",High,296,Yes,Yes,Multiple,Low,Compliant,Partial
Square Infra Solutions 718,Pvt Ltd,2019,I7PYZRFCV0,NKBGB9WMBYM0H8S,D7QY08HLDF,Nagapattinam,9523631307,squareinfrasolutions718@example.com,www.squareinfra718.com,Madurai,Owner 718,MD 718,400,Hierarchical,"Director A718, Director B718",Construction & Infrastructure,Roads & Buildings,Tamil Nadu,17,19,380450377,290590131,Stable,22022228,93,23,"Excavators, Cranes, Concrete Mixers",Low,255,Yes,No,ISO 14001,Medium,Compliant,Non-Compliant
Square Infra Solutions 719,Proprietorship,2010,H82VHHOFG7,A3JCWBPV5XVVPJA,NMRLI3YDLN,Tiruvallur,9164052074,squareinfrasolutions719@example.com,www.squareinfra719.com,Coimbatore,Owner 719,MD 719,451,Hierarchical,"Director A719, Director B719",Construction & Infrastructure,Roads & Buildings,Tamil Nadu,2,3,336418052,119440623,Stable,30168220,27,153,"Excavators, Cranes, Concrete Mixers",High,175,No,Yes,Multiple,Medium,Compliant,Partial
Square Infra Solutions 720,Partnership,2009,EH7XDJUGU4,7ZYDB87WKXSDAFV,OLKBW9GPCJ,Namakkal,9769169887,squareinfrasolutions720@example.com,www.squareinfra720.com,Coimbatore,Owner 720,MD 720,276,Hierarchical,"Director A720, Director B720",Construction & Infrastructure,Roads & Buildings,Tamil Nadu,23,22,162794440,19455981,Moderate,47243265,44,43,"Excavators, Cranes, Concrete Mixers",Low,228,No,No,ISO 9001,Low,Compliant,Compliant
Square Infra Solutions 721,Ltd,2005,B9DT47Y55W,ASNVNA2AR9585X1,KMOQGJNXK6,Kancheepuram,9442844501,squareinfrasolutions721@example.com,www.squareinfra721.com,Mayiladuthurai,Owner 721,MD 721,75,Hierarchical,"Director A721, Director B721",Construction & Infrastructure,Roads & Buildings,Tamil Nadu,29,19,318449604,10161980,At Risk,24956427,17,101,"Excavators, Cranes, Concrete Mixers",High,199,Yes,No,ISO 45001,Low,Partial,Partial
Square Infra Solutions 722,Proprietorship,2003,2J86SNNF5R,73CER6VQOLL9I9A,EP5ZXIP18G,Vellore,9012535148,squareinfrasolutions722@example.com,www.squareinfra722.com,Chengalpattu,Owner 722,MD 722,343,Hierarchical,"Director A722, Director B722",Construction & Infrastructure,Roads & Buildings,Tamil Nadu,21,6,479793445,105093442,Moderate,3515325,44,21,"Excavators, Cranes, Concrete Mixers",Medium,83,Yes,No,ISO 14001,Low,Non-Compliant,Partial
Square Infra Solutions 723,Partnership,2017,P9WEZ4C3I4,30KTMZPP4NGRYQJ,JK7RNAFWNT,Kancheepuram,9648324497,squareinfrasolutions723@example.com,www.squareinfra723.com,Viluppuram,Owner 723,MD 723,108,Hierarchical,"Director A723, Director B723",Construction & Infrastructure,Roads & Buildings,Tamil Nadu,30,9,445328079,45045922,Stable,7332450,65,49,"Excavators, Cranes, Concrete Mixers",High,49,No,No,ISO 9001,Medium,Partial,Compliant
Square Infra Solutions 724,Partnership,2005,5DH1J637BP,6PKNL5F0LDHSIRD,X7CKVF6V5D,Krishnagiri,9149125708,squareinfrasolutions724@example.com,www.squareinfra724.com,Tiruvallur,Owner 724,MD 724,277,Hierarchical,"Director A724, Director B724",Construction & Infrastructure,Roads & Buildings,Tamil Nadu,21,25,359252924,226259388,Moderate,25008708,36,118,"Excavators, Cranes, Concrete Mixers",High,232,Yes,Yes,ISO 14001,Low,Compliant,Partial
Square Infra Solutions 725,Partnership,2007,KZT3TE4RQE,JHKZNAYXJA57AJE,FUGIQ0ABTS,Thoothukudi,9133711368,squareinfrasolutions725@example.com,www.squareinfra725.com,Salem,Owner 725,MD 725,205,Hierarchical,"Director A725, Director B725",Construction & Infrastructure,Roads & Buildings,Tamil Nadu,10,22,378609166,53516651,Moderate,13816060,41,19,"Excavators, Cranes, Concrete Mixers",High,180,No,No,Not Certified,High,Non-Compliant,Compliant
Square Infra Solutions 726,Pvt Ltd,2000,LGDAYD8OIM,61TGUNVO5ZSW4IR,3X6JWA3WOH,Tiruvarur,9115633908,squareinfrasolutions726@example.com,www.squareinfra726.com,Mayiladuthurai,Owner 726,MD 726,295,Hierarchical,"Director A726, Director B726",Construction & Infrastructure,Roads & Buildings,Tamil Nadu,16,14,29264090,84786718,At Risk,42898163,62,176,"Excavators, Cranes, Concrete Mixers",Low,260,Yes,No,ISO 45001,Low,Non-Compliant,Partial
Square Infra Solutions 727,Pvt Ltd,2019,1WA5R1H7CQ,2K8PJ6E425K6FFX,NQF5B9X8WA,Tirupathur,9013790385,squareinfrasolutions727@example.com,www.squareinfra727.com,Dindigul,Owner 727,MD 727,441,Hierarchical,"Director A727, Director B727",Construction & Infrastructure,Roads & Buildings,Tamil Nadu,12,13,10299243,253711751,Stable,7396159,26,110,"Excavators, Cranes, Concrete Mixers",High,219,Yes,Yes,ISO 45001,Medium,Compliant,Non-Compliant
Square Infra Solutions 728,Proprietorship,2018,AGPET9OPIE,EF84RBSF6XNQP2R,0EFDTM3IMH,Perambalur,9008081105,squareinfrasolutions728@example.com,www.squareinfra728.com,Theni,Owner 728,MD 728,135,Hierarchical,"Director A728, Director B728",Construction & Infrastructure,Roads & Buildings,Tamil Nadu,27,12,209277669,32991297,Stable,49926679,39,196,"Excavators, Cranes, Concrete Mixers",Low,65,No,No,Multiple,Low,Compliant,Partial
Square Infra Solutions 729,Proprietorship,2000,Q4AWZ1SW41,R9V8BVQA83C87TP,9SVTUSB84S,Karur,9469545917,squareinfrasolutions729@example.com,www.squareinfra729.com,Tiruvarur,Owner 729,MD 729,405,Hierarchical,"Director A729, Director B729",Construction & Infrastructure,Roads & Buildings,Tamil Nadu,23,17,461011708,105941134,At Risk,31858629,55,172,"Excavators, Cranes, Concrete Mixers",Low,158,No,No,ISO 9001,High,Compliant,Partial
Square Infra Solutions 730,Ltd,2012,MX2QHNOLAG,AIQIHWAWZD7L6NM,EAMREC7XCK,Madurai,9821275115,squareinfrasolutions730@example.com,www.squareinfra730.com,Pudukkottai,Owner 730,MD 730,305,Hierarchical,"Director A730, Director B730",Construction & Infrastructure,Roads & Buildings,Tamil Nadu,4,16,460242465,76602426,At Risk,1943969,16,80,"Excavators, Cranes, Concrete Mixers",High,185,Yes,Yes,ISO 9001,High,Non-Compliant,Partial
Square Infra Solutions 731,Proprietorship,2013,17B3RSA69V,E9NM4TJABEOD7N9,7LDL8QATOU,Thanjavur,9366586398,squareinfrasolutions731@example.com,www.squareinfra731.com,Cuddalore,Owner 731,MD 731,84,Hierarchical,"Director A731, Director B731",Construction & Infrastructure,Roads & Buildings,Tamil Nadu,3,8,272883866,257589123,At Risk,8580012,30,139,"Excavators, Cranes, Concrete Mixers",Low,55,Yes,No,Not Certified,Low,Partial,Partial
Square Infra Solutions 732,Pvt Ltd,2015,MCEXOJ9L3V,UIEKDQUM6XJXTHB,TKD0VGL75E,Vellore,9663602698,squareinfrasolutions732@example.com,www.squareinfra732.com,Tiruvarur,Owner 732,MD 732,94,Hierarchical,"Director A732, Director B732",Construction & Infrastructure,Roads & Buildings,Tamil Nadu,29,4,126363633,31068434,Moderate,41416507,62,178,"Excavators, Cranes, Concrete Mixers",Low,108,Yes,No,Multiple,High,Compliant,Compliant
Square Infra Solutions 733,Ltd,2014,ZZHIHRGDFC,7DQ2RSGE9WUE434,OL61WDQLPS,Tiruppur,9064557098,squareinfrasolutions733@example.com,www.squareinfra733.com,Kallakurichi,Owner 733,MD 733,49,Hierarchical,"Director A733, Director B733",Construction & Infrastructure,Roads & Buildings,Tamil Nadu,6,23,308030504,215009889,Stable,48227452,11,109,"Excavators, Cranes, Concrete Mixers",Low,6,Yes,Yes,ISO 14001,Medium,Partial,Non-Compliant
Square Infra Solutions 734,Pvt Ltd,1997,67UT16YS3O,R6AADYVZ5HUS553,0KA7H9HRCX,Erode,9100421549,squareinfrasolutions734@example.com,www.squareinfra734.com,Kallakurichi,Owner 734,MD 734,211,Hierarchical,"Director A734, Director B734",Construction & Infrastructure,Roads & Buildings,Tamil Nadu,15,16,456810934,279369297,Stable,49079253,85,13,"Excavators, Cranes, Concrete Mixers",Medium,103,No,No,Not Certified,High,Non-Compliant,Compliant
Square Infra Solutions 735,Ltd,1999,K1V25IWTBW,9J0PSFL913XVD7W,PB4JUX8P4V,Tiruvarur,9789505024,squareinfrasolutions735@example.com,www.squareinfra735.com,Chengalpattu,Owner 735,MD 735,179,Hierarchical,"Director A735, Director B735",Construction & Infrastructure,Roads & Buildings,Tamil Nadu,26,14,456697518,289077055,Moderate,16162424,39,82,"Excavators, Cranes, Concrete Mixers",Medium,232,Yes,Yes,ISO 9001,Medium,Compliant,Compliant
Square Infra Solutions 736,Proprietorship,2016,QZSUHUVDAK,5TAOLCFZ6EZ3J2F,R3IXXW7I7U,Ramanathapuram,9793390335,squareinfrasolutions736@example.com,www.squareinfra736.com,Theni,Owner 736,MD 736,295,Hierarchical,"Director A736, Director B736",Construction & Infrastructure,Roads & Buildings,Tamil Nadu,13,19,316816726,287368101,At Risk,41919019,67,119,"Excavators, Cranes, Concrete Mixers",High,229,No,Yes,Multiple,Medium,Compliant,Partial
Square Infra Solutions 737,Ltd,2011,OUWRE13K64,BVABZ3P80NGPWZS,P7V3J98T3C,Madurai,9257031053,squareinfrasolutions737@example.com,www.squareinfra737.com,Tiruppur,Owner 737,MD 737,396,Hierarchical,"Director A737, Director B737",Construction & Infrastructure,Roads & Buildings,Tamil Nadu,17,9,5664924,57326303,Stable,20469788,56,147,"Excavators, Cranes, Concrete Mixers",Low,86,No,Yes,ISO 45001,Low,Compliant,Partial
Square Infra Solutions 738,Ltd,2017,38VKN7VV15,9DVVNJG19NGP1EH,V1ITARANU3,Theni,9849221078,squareinfrasolutions738@example.com,www.squareinfra738.com,Nagapattinam,Owner 738,MD 738,278,Hierarchical,"Director A738, Director B738",Construction & Infrastructure,Roads & Buildings,Tamil Nadu,28,22,436367277,105422389,At Risk,45223446,40,120,"Excavators, Cranes, Concrete Mixers",High,298,Yes,No,Not Certified,Low,Partial,Compliant
Square Infra Solutions 739,Proprietorship,1997,ERCZD1XM4S,P6WCMVUHHSO8VUT,JQYY26CTO2,Kallakurichi,9556870970,squareinfrasolutions739@example.com,www.squareinfra739.com,Tiruchirappalli,Owner 739,MD 739,28,Hierarchical,"Director A739, Director B739",Construction & Infrastructure,Roads & Buildings,Tamil Nadu,20,3,186472093,173301622,Moderate,34040000,39,133,"Excavators, Cranes, Concrete Mixers",Low,266,Yes,No,Multiple,Low,Compliant,Non-Compliant
Square Infra Solutions 740,Partnership,2011,H8WF1AO67J,WTYEDXPXUKON772,AZ5UOJF6CI,Coimbatore,9734728142,squareinfrasolutions740@example.com,www.squareinfra740.com,Tiruppur,Owner 740,MD 740,376,Hierarchical,"Director A740, Director B740",Construction & Infrastructure,Roads & Buildings,Tamil Nadu,16,9,29058110,250420438,Moderate,45081516,16,65,"Excavators, Cranes, Concrete Mixers",High,115,Yes,Yes,Not Certified,Low,Compliant,Partial
Square Infra Solutions 741,Ltd,1998,YUEZ444BYT,N6DGREGVSDVZIHZ,K9AT9MW3SF,Kancheepuram,9357369265,squareinfrasolutions741@example.com,www.squareinfra741.com,Sivaganga,Owner 741,MD 741,232,Hierarchical,"Director A741, Director B741",Construction & Infrastructure,Roads & Buildings,Tamil Nadu,29,23,8166412,28575061,Moderate,39620923,68,82,"Excavators, Cranes, Concrete Mixers",High,298,No,Yes,ISO 14001,Medium,Partial,Non-Compliant
Square Infra Solutions 742,Proprietorship,2011,2PYHF8APLK,VO703IGUDBK9KN4,ENO9FUAWI9,Thanjavur,9083125093,squareinfrasolutions742@example.com,www.squareinfra742.com,Tirupathur,Owner 742,MD 742,136,Hierarchical,"Director A742, Director B742",Construction & Infrastructure,Roads & Buildings,Tamil Nadu,22,6,261342045,165040126,Stable,38711204,51,106,"Excavators, Cranes, Concrete Mixers",Low,92,No,Yes,ISO 14001,Low,Non-Compliant,Partial
Square Infra Solutions 743,Proprietorship,2001,ATPFL3EJOL,4FR90FVNEGP9EL3,TDZH4VZKLB,Nagapattinam,9349424922,squareinfrasolutions743@example.com,www.squareinfra743.com,Ranipet,Owner 743,MD 743,109,Hierarchical,"Director A743, Director B743",Construction & Infrastructure,Roads & Buildings,Tamil Nadu,13,23,188390829,31122626,Moderate,27471018,42,143,"Excavators, Cranes, Concrete Mixers",Low,10,Yes,No,Not Certified,Medium,Partial,Non-Compliant
Square Infra Solutions 744,Pvt Ltd,2001,PUTM4C48M3,KHUGLY3DZ68ARNM,NLDMCOAT74,Madurai,9768899853,squareinfrasolutions744@example.com,www.squareinfra744.com,Tiruppur,Owner 744,MD 744,98,Hierarchical,"Director A744, Director B744",Construction & Infrastructure,Roads & Buildings,Tamil Nadu,15,11,359223726,258126311,Moderate,23445896,9,117,"Excavators, Cranes, Concrete Mixers",Medium,180,No,No,Multiple,High,Non-Compliant,Non-Compliant
Square Infra Solutions 745,Ltd,2020,G7QPJWONUA,X63UZU4F7EHA16Y,PX28ZHQAF1,Kanniyakumari,9050218890,squareinfrasolutions745@example.com,www.squareinfra745.com,Tiruvarur,Owner 745,MD 745,356,Hierarchical,"Director A745, Director B745",Construction & Infrastructure,Roads & Buildings,Tamil Nadu,24,2,234598226,136146698,Moderate,5819569,34,152,"Excavators, Cranes, Concrete Mixers",Medium,230,Yes,No,Not Certified,Medium,Non-Compliant,Non-Compliant
Square Infra Solutions 746,Proprietorship,1999,2M31B9D58A,N0MYFV8M8X3JB2D,3AZULQ8E83,Tirupathur,9245758152,squareinfrasolutions746@example.com,www.squareinfra746.com,Karur,Owner 746,MD 746,113,Hierarchical,"Director A746, Director B746",Construction & Infrastructure,Roads & Buildings,Tamil Nadu,21,23,283431579,272299336,Stable,42804891,53,186,"Excavators, Cranes, Concrete Mixers",High,11,Yes,Yes,ISO 14001,Low,Compliant,Non-Compliant
Square Infra Solutions 747,Partnership,1998,CWGNGSWRXO,ZU9LOZERLVVCVMT,SLAXD39R95,Karur,9400181108,squareinfrasolutions747@example.com,www.squareinfra747.com,Coimbatore,Owner 747,MD 747,28,Hierarchical,"Director A747, Director B747",Construction & Infrastructure,Roads & Buildings,Tamil Nadu,1,16,34630224,87294866,Moderate,17343942,37,118,"Excavators, Cranes, Concrete Mixers",Medium,286,No,No,Not Certified,Low,Compliant,Non-Compliant
Square Infra Solutions 748,Ltd,1999,JF3JI3KSK6,YJY22KGMPXW8F4U,UZA7NIQXOT,Virudhunagar,9245652680,squareinfrasolutions748@example.com,www.squareinfra748.com,Perambalur,Owner 748,MD 748,255,Hierarchical,"Director A748, Director B748",Construction & Infrastructure,Roads & Buildings,Tamil Nadu,2,16,322870029,113749270,Stable,12203274,75,42,"Excavators, Cranes, Concrete Mixers",Medium,45,Yes,No,ISO 45001,Medium,Non-Compliant,Compliant
Square Infra Solutions 749,Partnership,2020,TUYLSEYQLN,N7YKCNN8MSJGK2B,UG8OHR8HQD,Tiruvarur,9683444420,squareinfrasolutions749@example.com,www.squareinfra749.com,Pudukkottai,Owner 749,MD 749,127,Hierarchical,"Director A749, Director B749",Construction & Infrastructure,Roads & Buildings,Tamil Nadu,23,17,93399522,269498009,Moderate,9427527,51,114,"Excavators, Cranes, Concrete Mixers",Low,37,Yes,Yes,ISO 45001,Low,Compliant,Partial
Square Infra Solutions 750,Pvt Ltd,2000,DWIZKW27D4,UUS78EZUXCJDWT1,YOBEQCJOI8,Erode,9228609098,squareinfrasolutions750@example.com,www.squareinfra750.com,Sivaganga,Owner 750,MD 750,426,Hierarchical,"Director A750, Director B750",Construction & Infrastructure,Roads & Buildings,Tamil Nadu,4,5,376556485,174892465,At Risk,23090687,40,49,"Excavators, Cranes, Concrete Mixers",Low,84,Yes,Yes,ISO 9001,Medium,Non-Compliant,Partial
Square Infra Solutions 751,Ltd,2001,1NB81DB9AI,ZUCOVLOFMBBY7EO,5WCQPBVJIW,Nagapattinam,9162066875,squareinfrasolutions751@example.com,www.squareinfra751.com,Dharmapuri,Owner 751,MD 751,439,Hierarchical,"Director A751, Director B751",Construction & Infrastructure,Roads & Buildings,Tamil Nadu,16,20,164471498,44546177,Moderate,29925369,10,152,"Excavators, Cranes, Concrete Mixers",High,22,No,No,Multiple,Low,Non-Compliant,Compliant
Square Infra Solutions 752,Pvt Ltd,1999,MBUQKXV3D0,51W7YVDHQQP7E2S,AI6JHKQZAZ,Karur,9096235593,squareinfrasolutions752@example.com,www.squareinfra752.com,Namakkal,Owner 752,MD 752,498,Hierarchical,"Director A752, Director B752",Construction & Infrastructure,Roads & Buildings,Tamil Nadu,21,21,340197976,299798649,At Risk,6166198,80,169,"Excavators, Cranes, Concrete Mixers",Medium,182,No,Yes,Not Certified,High,Compliant,Non-Compliant
Square Infra Solutions 753,Pvt Ltd,2001,K6T53NZNES,5DXZW7IYAOMP54W,MRZLNZ8YZ4,Madurai,9894349253,squareinfrasolutions753@example.com,www.squareinfra753.com,Cuddalore,Owner 753,MD 753,231,Hierarchical,"Director A753, Director B753",Construction & Infrastructure,Roads & Buildings,Tamil Nadu,7,20,440310810,65821792,Stable,44738116,22,135,"Excavators, Cranes, Concrete Mixers",High,121,Yes,No,Multiple,Low,Partial,Compliant
Square Infra Solutions 754,Partnership,2016,2CXAN0AISF,QB7NU8BYZDBMN3Q,NKBHDGTSXH,Chennai,9887766981,squareinfrasolutions754@example.com,www.squareinfra754.com,Sivaganga,Owner 754,MD 754,221,Hierarchical,"Director A754, Director B754",Construction & Infrastructure,Roads & Buildings,Tamil Nadu,10,25,184153917,297423022,At Risk,41040951,43,193,"Excavators, Cranes, Concrete Mixers",High,106,No,Yes,ISO 45001,High,Partial,Compliant
Square Infra Solutions 755,Ltd,2014,JZQK9RJ4QD,845X7KENPK4Z5LU,AZK7QLIUX9,Coimbatore,9236361017,squareinfrasolutions755@example.com,www.squareinfra755.com,Ranipet,Owner 755,MD 755,434,Hierarchical,"Director A755, Director B755",Construction & Infrastructure,Roads & Buildings,Tamil Nadu,9,23,460974611,58708635,Moderate,10380107,6,16,"Excavators, Cranes, Concrete Mixers",Low,60,Yes,Yes,Not Certified,Low,Partial,Compliant
Square Infra Solutions 756,Pvt Ltd,1997,LZXY9KDYJ9,1FPRPH1ONSUSUQ0,EYP7SH7SF8,Coimbatore,9675495516,squareinfrasolutions756@example.com,www.squareinfra756.com,Karur,Owner 756,MD 756,88,Hierarchical,"Director A756, Director B756",Construction & Infrastructure,Roads & Buildings,Tamil Nadu,30,4,50828067,22224141,Moderate,37188603,78,63,"Excavators, Cranes, Concrete Mixers",High,112,Yes,Yes,ISO 14001,High,Non-Compliant,Non-Compliant
Square Infra Solutions 757,Pvt Ltd,2020,TTQL3Q5V3L,TZBK5J6H1YT7ZE9,F42638O1O0,Salem,9055541401,squareinfrasolutions757@example.com,www.squareinfra757.com,Dharmapuri,Owner 757,MD 757,400,Hierarchical,"Director A757, Director B757",Construction & Infrastructure,Roads & Buildings,Tamil Nadu,19,13,96688215,156913279,At Risk,8932095,32,83,"Excavators, Cranes, Concrete Mixers",Low,145,Yes,No,Multiple,Low,Partial,Non-Compliant
Square Infra Solutions 758,Proprietorship,2006,ESI2SMYH2C,2FYI3YWMIO2NNGC,EY4IDCL4XW,Salem,9532146556,squareinfrasolutions758@example.com,www.squareinfra758.com,Pudukkottai,Owner 758,MD 758,85,Hierarchical,"Director A758, Director B758",Construction & Infrastructure,Roads & Buildings,Tamil Nadu,24,5,462882010,150763774,Stable,48433206,72,69,"Excavators, Cranes, Concrete Mixers",Low,214,No,Yes,ISO 45001,High,Partial,Non-Compliant
Square Infra Solutions 759,Partnership,2006,E4FYUAMWGW,KRHYCEH7IOYQ489,ANVZFXEWB1,Ariyalur,9437103830,squareinfrasolutions759@example.com,www.squareinfra759.com,Thanjavur,Owner 759,MD 759,363,Hierarchical,"Director A759, Director B759",Construction & Infrastructure,Roads & Buildings,Tamil Nadu,28,16,111518113,141501920,Moderate,3768759,86,25,"Excavators, Cranes, Concrete Mixers",Medium,115,No,No,Not Certified,Low,Compliant,Compliant
Square Infra Solutions 760,Pvt Ltd,1996,BIUW92ZSVO,ADIAQLH4A4GJYX1,UJ48NLNDSR,Thoothukudi,9108457500,squareinfrasolutions760@example.com,www.squareinfra760.com,Dharmapuri,Owner 760,MD 760,260,Hierarchical,"Director A760, Director B760",Construction & Infrastructure,Roads & Buildings,Tamil Nadu,25,21,310828712,177651161,Stable,48141747,22,83,"Excavators, Cranes, Concrete Mixers",Medium,287,Yes,No,Not Certified,Low,Partial,Compliant
Square Infra Solutions 761,Pvt Ltd,2019,1RSS1NERSH,TKOBJD8P9YFGVG6,H5T9PKKS3O,Tiruvannamalai,9986576518,squareinfrasolutions761@example.com,www.squareinfra761.com,Kancheepuram,Owner 761,MD 761,408,Hierarchical,"Director A761, Director B761",Construction & Infrastructure,Roads & Buildings,Tamil Nadu,21,18,46861285,238520948,At Risk,40665188,11,189,"Excavators, Cranes, Concrete Mixers",Low,269,Yes,Yes,ISO 14001,Low,Non-Compliant,Non-Compliant
Square Infra Solutions 762,Pvt Ltd,2012,3Z43J44SH6,9JL8A5HIC7M6D9M,MSWT99MXM4,Nilgiris,9052859576,squareinfrasolutions762@example.com,www.squareinfra762.com,Pudukkottai,Owner 762,MD 762,413,Hierarchical,"Director A762, Director B762",Construction & Infrastructure,Roads & Buildings,Tamil Nadu,28,15,114185535,81168964,Stable,25963122,6,181,"Excavators, Cranes, Concrete Mixers",High,131,Yes,Yes,Not Certified,High,Partial,Compliant
Square Infra Solutions 763,Partnership,2007,KBDUN1PPS3,SEO7SBL9YWHVO5P,QLPYVHIUW4,Tirunelveli,9431583829,squareinfrasolutions763@example.com,www.squareinfra763.com,Chengalpattu,Owner 763,MD 763,232,Hierarchical,"Director A763, Director B763",Construction & Infrastructure,Roads & Buildings,Tamil Nadu,18,17,11030070,238212073,Moderate,3732493,9,79,"Excavators, Cranes, Concrete Mixers",Medium,239,Yes,Yes,ISO 14001,Low,Compliant,Compliant
Square Infra Solutions 764,Partnership,2004,ENVIFWCWQB,A37BAY5J9BN35ES,DKFDAEBAR3,Tiruvallur,9577824293,squareinfrasolutions764@example.com,www.squareinfra764.com,Krishnagiri,Owner 764,MD 764,104,Hierarchical,"Director A764, Director B764",Construction & Infrastructure,Roads & Buildings,Tamil Nadu,2,25,326541333,106291492,Moderate,29022092,69,77,"Excavators, Cranes, Concrete Mixers",High,219,Yes,No,Not Certified,Low,Compliant,Partial
Square Infra Solutions 765,Proprietorship,2022,SQBZ5VFBCT,5T0U7EZ0VYD28GO,0TL2T9MWG4,Tiruvallur,9636798522,squareinfrasolutions765@example.com,www.squareinfra765.com,Vellore,Owner 765,MD 765,300,Hierarchical,"Director A765, Director B765",Construction & Infrastructure,Roads & Buildings,Tamil Nadu,11,11,49446728,107507921,At Risk,48808666,72,27,"Excavators, Cranes, Concrete Mixers",Medium,101,No,Yes,ISO 9001,Low,Non-Compliant,Partial
Square Infra Solutions 766,Pvt Ltd,2000,5LLMDSLYRR,3HWSMUC0DQVCV1K,KSDYMECYVF,Tirupathur,9052565714,squareinfrasolutions766@example.com,www.squareinfra766.com,Kanniyakumari,Owner 766,MD 766,416,Hierarchical,"Director A766, Director B766",Construction & Infrastructure,Roads & Buildings,Tamil Nadu,9,20,28940937,91925895,Moderate,45808837,70,196,"Excavators, Cranes, Concrete Mixers",Medium,215,No,Yes,ISO 9001,High,Non-Compliant,Non-Compliant
Square Infra Solutions 767,Proprietorship,2021,XRXKYEELSD,Z1ZPG6B7FP1UHDW,XTXVUEKPC9,Ranipet,9586126545,squareinfrasolutions767@example.com,www.squareinfra767.com,Chengalpattu,Owner 767,MD 767,211,Hierarchical,"Director A767, Director B767",Construction & Infrastructure,Roads & Buildings,Tamil Nadu,21,5,23494701,87343335,At Risk,42452603,22,198,"Excavators, Cranes, Concrete Mixers",Medium,169,Yes,No,ISO 9001,High,Compliant,Compliant
Square Infra Solutions 768,Ltd,1997,E8G4TBWUKA,262MZ45OBRKW3O2,YV30AAYWTK,Pudukkottai,9756504912,squareinfrasolutions768@example.com,www.squareinfra768.com,Cuddalore,Owner 768,MD 768,132,Hierarchical,"Director A768, Director B768",Construction & Infrastructure,Roads & Buildings,Tamil Nadu,1,16,219179576,213397318,At Risk,43269785,18,122,"Excavators, Cranes, Concrete Mixers",Medium,201,Yes,No,ISO 9001,Low,Compliant,Partial
Square Infra Solutions 769,Proprietorship,1997,N1NSVJ3PI3,2K3V3WXYIPJ6AOE,IRGDIFM8XI,Ariyalur,9238245318,squareinfrasolutions769@example.com,www.squareinfra769.com,Tenkasi,Owner 769,MD 769,107,Hierarchical,"Director A769, Director B769",Construction & Infrastructure,Roads & Buildings,Tamil Nadu,3,19,408165712,239050005,Stable,25357957,68,73,"Excavators, Cranes, Concrete Mixers",Low,206,Yes,No,ISO 14001,Medium,Compliant,Compliant
Square Infra Solutions 770,Proprietorship,2016,P9DUFH8GHO,AY9RP4F5S5I6OM4,CRQE125XW5,Kancheepuram,9576367861,squareinfrasolutions770@example.com,www.squareinfra770.com,Krishnagiri,Owner 770,MD 770,80,Hierarchical,"Director A770, Director B770",Construction & Infrastructure,Roads & Buildings,Tamil Nadu,6,19,332122609,204856858,Moderate,25580576,45,138,"Excavators, Cranes, Concrete Mixers",Medium,134,No,No,ISO 14001,High,Non-Compliant,Partial
Square Infra Solutions 771,Ltd,2008,PK9H1UG1QH,GOX6VYNEX0LJ9CH,SLH2HX3BZE,Namakkal,9076405919,squareinfrasolutions771@example.com,www.squareinfra771.com,Vellore,Owner 771,MD 771,337,Hierarchical,"Director A771, Director B771",Construction & Infrastructure,Roads & Buildings,Tamil Nadu,28,22,242124596,83123634,At Risk,24447094,57,87,"Excavators, Cranes, Concrete Mixers",Low,166,No,No,Multiple,Medium,Partial,Compliant
Square Infra Solutions 772,Partnership,2007,EWA7T2JMMG,WMM5ILZQGHD6ZA4,7YBJ38KL15,Kancheepuram,9161918071,squareinfrasolutions772@example.com,www.squareinfra772.com,Tiruvarur,Owner 772,MD 772,115,Hierarchical,"Director A772, Director B772",Construction & Infrastructure,Roads & Buildings,Tamil Nadu,6,14,50209572,99508816,Moderate,11019896,65,64,"Excavators, Cranes, Concrete Mixers",Low,255,Yes,No,Not Certified,Low,Partial,Partial
Square Infra Solutions 773,Partnership,2005,H8RNDIEM11,RV803VALWGZZK2H,UMGM30MTEM,Kanniyakumari,9872733522,squareinfrasolutions773@example.com,www.squareinfra773.com,Erode,Owner 773,MD 773,69,Hierarchical,"Director A773, Director B773",Construction & Infrastructure,Roads & Buildings,Tamil Nadu,14,4,49418389,282421311,Moderate,18111837,45,73,"Excavators, Cranes, Concrete Mixers",High,291,Yes,No,Multiple,Medium,Compliant,Partial
Square Infra Solutions 774,Ltd,2021,2OQD2T8MX8,S1RRZNBPT0C3YWX,ZC0TNCM9SD,Theni,9984804773,squareinfrasolutions774@example.com,www.squareinfra774.com,Thanjavur,Owner 774,MD 774,25,Hierarchical,"Director A774, Director B774",Construction & Infrastructure,Roads & Buildings,Tamil Nadu,1,10,296842073,112210426,Moderate,18926296,60,115,"Excavators, Cranes, Concrete Mixers",Medium,203,Yes,No,ISO 14001,High,Non-Compliant,Partial
Square Infra Solutions 775,Pvt Ltd,1998,F2IJZK2PWX,1QRDBK4E0Z9JVOI,2HJ543MY0M,Salem,9738610792,squareinfrasolutions775@example.com,www.squareinfra775.com,Chennai,Owner 775,MD 775,428,Hierarchical,"Director A775, Director B775",Construction & Infrastructure,Roads & Buildings,Tamil Nadu,19,7,114026653,13442230,At Risk,16823069,63,82,"Excavators, Cranes, Concrete Mixers",High,112,Yes,Yes,ISO 9001,Low,Non-Compliant,Non-Compliant
Square Infra Solutions 776,Ltd,2021,J6T1E6YGJE,TVRH3J92DJBGLEX,9UUBF3I2VK,Karur,9334533237,squareinfrasolutions776@example.com,www.squareinfra776.com,Chennai,Owner 776,MD 776,71,Hierarchical,"Director A776, Director B776",Construction & Infrastructure,Roads & Buildings,Tamil Nadu,1,3,273986472,57518756,Moderate,19148165,79,113,"Excavators, Cranes, Concrete Mixers",High,137,Yes,Yes,ISO 9001,Low,Partial,Partial
Square Infra Solutions 777,Pvt Ltd,2009,FM1EOJ1QC6,EGR94EZOZLNDCD4,W0DGQR7Y7C,Dindigul,9886794811,squareinfrasolutions777@example.com,www.squareinfra777.com,Ranipet,Owner 777,MD 777,343,Hierarchical,"Director A777, Director B777",Construction & Infrastructure,Roads & Buildings,Tamil Nadu,21,3,269797477,200118375,Moderate,19865193,79,200,"Excavators, Cranes, Concrete Mixers",Low,229,Yes,No,Not Certified,High,Partial,Compliant
Square Infra Solutions 778,Ltd,1998,A6NVU51B4G,JZTO55HPQHA2EZK,W928HZCZ75,Salem,9564428258,squareinfrasolutions778@example.com,www.squareinfra778.com,Ariyalur,Owner 778,MD 778,20,Hierarchical,"Director A778, Director B778",Construction & Infrastructure,Roads & Buildings,Tamil Nadu,15,20,473207311,255075147,At Risk,30431229,26,135,"Excavators, Cranes, Concrete Mixers",Medium,66,No,No,ISO 45001,High,Non-Compliant,Non-Compliant
Square Infra Solutions 779,Pvt Ltd,2019,K7XPV7OOLP,D39RJKSJUK63OMM,X07S6NZOUN,Tiruchirappalli,9234967129,squareinfrasolutions779@example.com,www.squareinfra779.com,Cuddalore,Owner 779,MD 779,238,Hierarchical,"Director A779, Director B779",Construction & Infrastructure,Roads & Buildings,Tamil Nadu,17,9,274774335,94962639,At Risk,47335904,57,135,"Excavators, Cranes, Concrete Mixers",Low,35,Yes,Yes,ISO 9001,High,Non-Compliant,Compliant
Square Infra Solutions 780,Pvt Ltd,1999,K0RRH40F1R,SP47F1CVAW4OS9Y,BEL57TCCLU,Mayiladuthurai,9727758266,squareinfrasolutions780@example.com,www.squareinfra780.com,Tiruvallur,Owner 780,MD 780,39,Hierarchical,"Director A780, Director B780",Construction & Infrastructure,Roads & Buildings,Tamil Nadu,16,13,289639548,35789736,Moderate,39527295,74,57,"Excavators, Cranes, Concrete Mixers",Low,291,Yes,Yes,ISO 14001,Low,Compliant,Partial
Square Infra Solutions 781,Ltd,1997,88AOKGU5EE,5IMNJ0JQCCURT29,ZAC7DUVTDA,Kallakurichi,9277617521,squareinfrasolutions781@example.com,www.squareinfra781.com,Tiruvarur,Owner 781,MD 781,139,Hierarchical,"Director A781, Director B781",Construction & Infrastructure,Roads & Buildings,Tamil Nadu,23,4,354492759,68250262,At Risk,39633769,70,85,"Excavators, Cranes, Concrete Mixers",High,103,Yes,No,ISO 14001,Medium,Partial,Compliant
Square Infra Solutions 782,Proprietorship,2020,2X8UFM80LR,DRGBN7VQ1N7VXJX,N0PUPW0T85,Sivaganga,9839448074,squareinfrasolutions782@example.com,www.squareinfra782.com,Madurai,Owner 782,MD 782,64,Hierarchical,"Director A782, Director B782",Construction & Infrastructure,Roads & Buildings,Tamil Nadu,14,13,87534794,226157847,Moderate,42429904,76,42,"Excavators, Cranes, Concrete Mixers",Medium,114,No,Yes,ISO 45001,Medium,Partial,Partial
Square Infra Solutions 783,Partnership,2004,ALPJDQ421X,Z4KAFETK6X4MECV,OCJXQYNRTT,Madurai,9251741375,squareinfrasolutions783@example.com,www.squareinfra783.com,Tiruvallur,Owner 783,MD 783,223,Hierarchical,"Director A783, Director B783",Construction & Infrastructure,Roads & Buildings,Tamil Nadu,22,9,483048504,77769997,Stable,25164954,55,133,"Excavators, Cranes, Concrete Mixers",Low,283,No,No,ISO 45001,High,Non-Compliant,Compliant
Square Infra Solutions 784,Pvt Ltd,2013,A5SN3OM8RA,P4NPS03EQ7Q50RC,RNCBW2QBD2,Theni,9360972807,squareinfrasolutions784@example.com,www.squareinfra784.com,Nagapattinam,Owner 784,MD 784,255,Hierarchical,"Director A784, Director B784",Construction & Infrastructure,Roads & Buildings,Tamil Nadu,4,22,451102726,280474599,Stable,10661190,22,130,"Excavators, Cranes, Concrete Mixers",High,203,Yes,No,Not Certified,Low,Partial,Compliant
Square Infra Solutions 785,Ltd,2010,JWGPSIVCKH,KWEHYPO6UE6Y2JP,VQR5KBCMQ6,Kanniyakumari,9090080839,squareinfrasolutions785@example.com,www.squareinfra785.com,Kanniyakumari,Owner 785,MD 785,440,Hierarchical,"Director A785, Director B785",Construction & Infrastructure,Roads & Buildings,Tamil Nadu,19,5,180026615,31895450,Moderate,41311939,16,88,"Excavators, Cranes, Concrete Mixers",High,169,Yes,No,ISO 45001,High,Compliant,Partial
Square Infra Solutions 786,Pvt Ltd,2019,3FRX6JECK4,2ORGPL7G1CEKXLQ,BHX95K9V43,Tiruvallur,9998343138,squareinfrasolutions786@example.com,www.squareinfra786.com,Coimbatore,Owner 786,MD 786,495,Hierarchical,"Director A786, Director B786",Construction & Infrastructure,Roads & Buildings,Tamil Nadu,29,18,484423042,37797201,Stable,32299559,42,39,"Excavators, Cranes, Concrete Mixers",Low,54,Yes,Yes,ISO 45001,Medium,Non-Compliant,Compliant
Square Infra Solutions 787,Pvt Ltd,2003,WSM59CHC78,XOZXO9A2D03NUDD,CQDSN8FR2G,Nilgiris,9568994924,squareinfrasolutions787@example.com,www.squareinfra787.com,Dharmapuri,Owner 787,MD 787,177,Hierarchical,"Director A787, Director B787",Construction & Infrastructure,Roads & Buildings,Tamil Nadu,12,21,160099087,211303962,At Risk,2191726,73,39,"Excavators, Cranes, Concrete Mixers",Low,7,No,Yes,ISO 45001,Medium,Compliant,Partial
Square Infra Solutions 788,Pvt Ltd,2019,ZSIWX90NGU,D4Y72JKO3OCBN1U,5YERPUO3K4,Erode,9647586484,squareinfrasolutions788@example.com,www.squareinfra788.com,Kancheepuram,Owner 788,MD 788,359,Hierarchical,"Director A788, Director B788",Construction & Infrastructure,Roads & Buildings,Tamil Nadu,30,15,160132200,234451298,Stable,40949199,43,136,"Excavators, Cranes, Concrete Mixers",Medium,226,Yes,Yes,Not Certified,High,Partial,Compliant
Square Infra Solutions 789,Ltd,2016,IRNMJDN1JR,NMZHBDBYBIMQDIP,CC5FNM62LZ,Tiruchirappalli,9732712085,squareinfrasolutions789@example.com,www.squareinfra789.com,Virudhunagar,Owner 789,MD 789,69,Hierarchical,"Director A789, Director B789",Construction & Infrastructure,Roads & Buildings,Tamil Nadu,3,24,144451069,7996217,At Risk,11461199,93,63,"Excavators, Cranes, Concrete Mixers",Low,45,Yes,Yes,Not Certified,High,Non-Compliant,Compliant
Square Infra Solutions 790,Ltd,2020,2RV4GFWEGN,PLMQ98RMHTUWM0Y,G4H0D19V3I,Pudukkottai,9943209162,squareinfrasolutions790@example.com,www.squareinfra790.com,Sivaganga,Owner 790,MD 790,343,Hierarchical,"Director A790, Director B790",Construction & Infrastructure,Roads & Buildings,Tamil Nadu,19,9,384960351,66415062,Moderate,18452871,18,188,"Excavators, Cranes, Concrete Mixers",Medium,144,No,No,Not Certified,Medium,Non-Compliant,Partial
Square Infra Solutions 791,Proprietorship,2007,CPN73VWRL3,5ZMAZA72RU8W45D,SRUDOOTOVB,Coimbatore,9935758335,squareinfrasolutions791@example.com,www.squareinfra791.com,Chennai,Owner 791,MD 791,400,Hierarchical,"Director A791, Director B791",Construction & Infrastructure,Roads & Buildings,Tamil Nadu,11,2,352932449,139783760,Moderate,40058084,80,187,"Excavators, Cranes, Concrete Mixers",Medium,299,No,No,Not Certified,High,Non-Compliant,Compliant
Square Infra Solutions 792,Partnership,2006,5WW5890VJ3,641NOZ2HR5XAM3Q,2QMED3HSOQ,Tiruppur,9115214200,squareinfrasolutions792@example.com,www.squareinfra792.com,Thoothukudi,Owner 792,MD 792,424,Hierarchical,"Director A792, Director B792",Construction & Infrastructure,Roads & Buildings,Tamil Nadu,25,15,191923653,85472701,Stable,21385678,39,153,"Excavators, Cranes, Concrete Mixers",High,188,No,Yes,ISO 14001,Medium,Non-Compliant,Partial
Square Infra Solutions 793,Ltd,1997,TWSCNGVGV1,S4F6EYDCDQTRN2W,NMUKM37V6D,Kancheepuram,9062020361,squareinfrasolutions793@example.com,www.squareinfra793.com,Kancheepuram,Owner 793,MD 793,45,Hierarchical,"Director A793, Director B793",Construction & Infrastructure,Roads & Buildings,Tamil Nadu,16,15,391446089,221849840,Moderate,9213884,77,86,"Excavators, Cranes, Concrete Mixers",Medium,289,No,Yes,ISO 9001,High,Partial,Non-Compliant
Square Infra Solutions 794,Proprietorship,2006,5B17DWZ1UH,CJNTUI6ESH8FCRF,073M4SI1JX,Tiruchirappalli,9528086656,squareinfrasolutions794@example.com,www.squareinfra794.com,Coimbatore,Owner 794,MD 794,83,Hierarchical,"Director A794, Director B794",Construction & Infrastructure,Roads & Buildings,Tamil Nadu,15,18,371231758,3257822,Stable,9339500,59,190,"Excavators, Cranes, Concrete Mixers",Low,220,Yes,No,Not Certified,High,Compliant,Compliant
Square Infra Solutions 795,Partnership,2003,YHAI3HE82K,PBN9YF0Z8KARAO8,C0NYREPQ6V,Kanniyakumari,9013790599,squareinfrasolutions795@example.com,www.squareinfra795.com,Tiruvarur,Owner 795,MD 795,189,Hierarchical,"Director A795, Director B795",Construction & Infrastructure,Roads & Buildings,Tamil Nadu,15,21,247975088,82864092,Stable,25243580,93,83,"Excavators, Cranes, Concrete Mixers",Low,87,No,No,ISO 45001,Medium,Compliant,Partial
Square Infra Solutions 796,Ltd,2006,2Y19PNX9FM,5X29RQ8Z398UG15,B8R0M8IVSO,Ranipet,9952861230,squareinfrasolutions796@example.com,www.squareinfra796.com,Sivaganga,Owner 796,MD 796,309,Hierarchical,"Director A796, Director B796",Construction & Infrastructure,Roads & Buildings,Tamil Nadu,4,13,168317803,98591226,Stable,39659402,31,129,"Excavators, Cranes, Concrete Mixers",Medium,287,Yes,Yes,Not Certified,High,Compliant,Partial
Square Infra Solutions 797,Partnership,1996,Z7GL7DF68Y,FHX21UGVQM3ZZ55,4R77BLCYN7,Madurai,9128742885,squareinfrasolutions797@example.com,www.squareinfra797.com,Tiruvannamalai,Owner 797,MD 797,101,Hierarchical,"Director A797, Director B797",Construction & Infrastructure,Roads & Buildings,Tamil Nadu,3,10,37579016,117909557,Stable,27212463,59,157,"Excavators, Cranes, Concrete Mixers",High,166,No,No,Multiple,High,Compliant,Compliant
Square Infra Solutions 798,Proprietorship,2017,84JRDIR4EG,S5T5V44TKUHOC0N,UUGKHPWLI8,Tenkasi,9615734525,squareinfrasolutions798@example.com,www.squareinfra798.com,Chennai,Owner 798,MD 798,20,Hierarchical,"Director A798, Director B798",Construction & Infrastructure,Roads & Buildings,Tamil Nadu,21,18,331041756,135934610,Moderate,22594921,84,55,"Excavators, Cranes, Concrete Mixers",Medium,109,No,No,Multiple,Low,Partial,Non-Compliant
Square Infra Solutions 799,Partnership,2002,1FR7E6PVKG,XH8XAKBQY8AZ26T,RX0M7UKO92,Theni,9190198598,squareinfrasolutions799@example.com,www.squareinfra799.com,Dharmapuri,Owner 799,MD 799,376,Hierarchical,"Director A799, Director B799",Construction & Infrastructure,Roads & Buildings,Tamil Nadu,19,4,395226585,182925901,Stable,49880284,56,143,"Excavators, Cranes, Concrete Mixers",High,68,No,No,Not Certified,Medium,Non-Compliant,Partial
Square Infra Solutions 800,Partnership,2009,EAGVMZ9PS4,24JOOYZVX69XSNB,3HXZWAOPAD,Tiruvannamalai,9542414259,squareinfrasolutions800@example.com,www.squareinfra800.com,Perambalur,Owner 800,MD 800,205,Hierarchical,"Director A800, Director B800",Construction & Infrastructure,Roads & Buildings,Tamil Nadu,24,5,78074217,88253179,Moderate,9687586,33,168,"Excavators, Cranes, Concrete Mixers",High,158,Yes,No,Not Certified,Medium,Partial,Compliant
Square Infra Solutions 801,Pvt Ltd,2021,E37KAO43SO,8ZFI6YSLFW7QF3S,TN9QKGQQK7,Erode,9552749486,squareinfrasolutions801@example.com,www.squareinfra801.com,Virudhunagar,Owner 801,MD 801,361,Hierarchical,"Director A801, Director B801",Construction & Infrastructure,Roads & Buildings,Tamil Nadu,29,12,65159594,226286117,Stable,37799624,92,66,"Excavators, Cranes, Concrete Mixers",High,53,No,Yes,Not Certified,Low,Partial,Compliant
Square Infra Solutions 802,Proprietorship,1999,3RN6NSIRZ8,U7BRXE8KFRZKNPC,T3JVXHOPKJ,Virudhunagar,9546349290,squareinfrasolutions802@example.com,www.squareinfra802.com,Coimbatore,Owner 802,MD 802,496,Hierarchical,"Director A802, Director B802",Construction & Infrastructure,Roads & Buildings,Tamil Nadu,11,2,52133835,184192229,At Risk,9799912,78,178,"Excavators, Cranes, Concrete Mixers",Medium,218,Yes,No,ISO 14001,Low,Partial,Non-Compliant
Square Infra Solutions 803,Partnership,2013,M2QW8D2M5C,SW3XNIGGUE8KC84,SVNB55V67I,Karur,9704563706,squareinfrasolutions803@example.com,www.squareinfra803.com,Cuddalore,Owner 803,MD 803,256,Hierarchical,"Director A803, Director B803",Construction & Infrastructure,Roads & Buildings,Tamil Nadu,3,20,115952361,30318568,Stable,44079372,5,13,"Excavators, Cranes, Concrete Mixers",High,165,Yes,Yes,ISO 14001,Medium,Partial,Compliant
Square Infra Solutions 804,Ltd,2019,OO83K29VTL,7CRA4IIJKJ01QP9,MNRYLLH6ND,Tiruvannamalai,9143627943,squareinfrasolutions804@example.com,www.squareinfra804.com,Nagapattinam,Owner 804,MD 804,157,Hierarchical,"Director A804, Director B804",Construction & Infrastructure,Roads & Buildings,Tamil Nadu,25,6,283627764,13643106,Moderate,10330442,49,159,"Excavators, Cranes, Concrete Mixers",Medium,132,No,Yes,ISO 14001,Medium,Partial,Non-Compliant
Square Infra Solutions 805,Partnership,2020,YHHXQYMZFI,RGIB8UXGPCULK9O,E2A0VPAGXQ,Thoothukudi,9776062381,squareinfrasolutions805@example.com,www.squareinfra805.com,Nagapattinam,Owner 805,MD 805,296,Hierarchical,"Director A805, Director B805",Construction & Infrastructure,Roads & Buildings,Tamil Nadu,30,23,397866158,64961473,Moderate,2274174,66,50,"Excavators, Cranes, Concrete Mixers",Medium,44,Yes,No,ISO 45001,High,Partial,Non-Compliant
Square Infra Solutions 806,Proprietorship,2016,G4PBRQLNVE,5L9WJCKYBGTIOWJ,BVX8TM6H1U,Dharmapuri,9940209224,squareinfrasolutions806@example.com,www.squareinfra806.com,Tiruvannamalai,Owner 806,MD 806,412,Hierarchical,"Director A806, Director B806",Construction & Infrastructure,Roads & Buildings,Tamil Nadu,4,3,119603512,291962801,Moderate,2549190,67,91,"Excavators, Cranes, Concrete Mixers",High,14,Yes,No,ISO 45001,Low,Partial,Compliant
Square Infra Solutions 807,Pvt Ltd,1997,V81I4C133P,J0ZJW8GSM4OUAHI,UB5LCNQ06P,Tirunelveli,9375102792,squareinfrasolutions807@example.com,www.squareinfra807.com,Kancheepuram,Owner 807,MD 807,263,Hierarchical,"Director A807, Director B807",Construction & Infrastructure,Roads & Buildings,Tamil Nadu,10,21,337510224,26021157,Stable,10870449,79,136,"Excavators, Cranes, Concrete Mixers",High,109,No,No,Multiple,Medium,Partial,Compliant
Square Infra Solutions 808,Pvt Ltd,2014,ALJ1V3PK5M,ZBOETYRPHIVCZ3G,5NFLN703KT,Tenkasi,9322342875,squareinfrasolutions808@example.com,www.squareinfra808.com,Chengalpattu,Owner 808,MD 808,412,Hierarchical,"Director A808, Director B808",Construction & Infrastructure,Roads & Buildings,Tamil Nadu,2,8,177926780,152718877,Stable,41636005,56,27,"Excavators, Cranes, Concrete Mixers",Medium,171,No,Yes,ISO 9001,Medium,Compliant,Non-Compliant
Square Infra Solutions 809,Ltd,2022,OBBWTQIIVM,OGI6H7630BEZO2Q,1VQU9HTTUS,Thanjavur,9354318634,squareinfrasolutions809@example.com,www.squareinfra809.com,Thanjavur,Owner 809,MD 809,18,Hierarchical,"Director A809, Director B809",Construction & Infrastructure,Roads & Buildings,Tamil Nadu,3,24,334806400,25275459,Stable,30136729,66,188,"Excavators, Cranes, Concrete Mixers",Medium,93,Yes,Yes,ISO 14001,Low,Compliant,Compliant
Square Infra Solutions 810,Partnership,2005,0KHTN6KOG9,4HJR1INBAPP8WUI,DZ3DU0YBTL,Kanniyakumari,9726067937,squareinfrasolutions810@example.com,www.squareinfra810.com,Chennai,Owner 810,MD 810,348,Hierarchical,"Director A810, Director B810",Construction & Infrastructure,Roads & Buildings,Tamil Nadu,17,13,36186068,57918020,Stable,38185925,17,77,"Excavators, Cranes, Concrete Mixers",High,246,Yes,No,ISO 14001,High,Non-Compliant,Non-Compliant
Square Infra Solutions 811,Proprietorship,1997,ELDVZ59MUY,OT5XDZJ1T5UK4XO,7U7GAAAMPJ,Ramanathapuram,9850693482,squareinfrasolutions811@example.com,www.squareinfra811.com,Ranipet,Owner 811,MD 811,390,Hierarchical,"Director A811, Director B811",Construction & Infrastructure,Roads & Buildings,Tamil Nadu,24,8,30661973,48668735,Moderate,44203869,90,177,"Excavators, Cranes, Concrete Mixers",Low,118,Yes,No,Not Certified,Medium,Partial,Partial
Square Infra Solutions 812,Partnership,2021,MYLMPNX5AV,244ZBOXHU4QOWOE,7ZF1M2U3XK,Vellore,9540145382,squareinfrasolutions812@example.com,www.squareinfra812.com,Perambalur,Owner 812,MD 812,160,Hierarchical,"Director A812, Director B812",Construction & Infrastructure,Roads & Buildings,Tamil Nadu,20,22,471188472,250079913,Moderate,13238579,77,79,"Excavators, Cranes, Concrete Mixers",Low,242,No,Yes,ISO 9001,Medium,Compliant,Compliant
Square Infra Solutions 813,Proprietorship,2001,UAML1SXZEE,CVINYO2O0XC9RZ5,I8HMRDJTDJ,Tiruvannamalai,9111987830,squareinfrasolutions813@example.com,www.squareinfra813.com,Namakkal,Owner 813,MD 813,439,Hierarchical,"Director A813, Director B813",Construction & Infrastructure,Roads & Buildings,Tamil Nadu,22,13,7068100,25613893,Stable,7453997,83,36,"Excavators, Cranes, Concrete Mixers",High,151,Yes,Yes,ISO 14001,Medium,Non-Compliant,Partial
Square Infra Solutions 814,Ltd,2000,DAHCQADNJC,V21VD6LQH9GDGDD,QYDOGY7XFM,Krishnagiri,9577622264,squareinfrasolutions814@example.com,www.squareinfra814.com,Dindigul,Owner 814,MD 814,173,Hierarchical,"Director A814, Director B814",Construction & Infrastructure,Roads & Buildings,Tamil Nadu,11,23,179911033,247201415,Moderate,48176114,18,182,"Excavators, Cranes, Concrete Mixers",High,25,No,No,ISO 45001,Medium,Partial,Compliant
Square Infra Solutions 815,Proprietorship,2019,R93KM46TDD,EODK9WW8ZSK0YST,LM7LNGA366,Tiruppur,9482274010,squareinfrasolutions815@example.com,www.squareinfra815.com,Sivaganga,Owner 815,MD 815,124,Hierarchical,"Director A815, Director B815",Construction & Infrastructure,Roads & Buildings,Tamil Nadu,21,24,167992131,108349168,At Risk,37412842,94,79,"Excavators, Cranes, Concrete Mixers",Low,208,Yes,Yes,Multiple,Low,Compliant,Partial
Square Infra Solutions 816,Partnership,2003,K8OFO7T7XK,ORKR8M1AXDZXWCB,0LBO5EY39Q,Vellore,9162113204,squareinfrasolutions816@example.com,www.squareinfra816.com,Tiruppur,Owner 816,MD 816,312,Hierarchical,"Director A816, Director B816",Construction & Infrastructure,Roads & Buildings,Tamil Nadu,2,9,150459035,150014170,At Risk,3287693,45,78,"Excavators, Cranes, Concrete Mixers",Low,252,Yes,No,Not Certified,Low,Partial,Non-Compliant
Square Infra Solutions 817,Proprietorship,2003,INO7ONDLYU,Y725YV17Q3KJ7WA,8Q7OKDMEDG,Kanniyakumari,9548853852,squareinfrasolutions817@example.com,www.squareinfra817.com,Cuddalore,Owner 817,MD 817,407,Hierarchical,"Director A817, Director B817",Construction & Infrastructure,Roads & Buildings,Tamil Nadu,26,3,473328767,239294207,Stable,5096359,61,66,"Excavators, Cranes, Concrete Mixers",Low,32,Yes,No,Multiple,High,Partial,Partial
Square Infra Solutions 818,Ltd,2002,2Y703IQX0Q,CJYYLVRGPHROEW5,2RC0QM8Q6M,Dharmapuri,9276329405,squareinfrasolutions818@example.com,www.squareinfra818.com,Nagapattinam,Owner 818,MD 818,223,Hierarchical,"Director A818, Director B818",Construction & Infrastructure,Roads & Buildings,Tamil Nadu,3,19,195925826,133887595,Stable,44136170,70,121,"Excavators, Cranes, Concrete Mixers",High,172,No,No,ISO 9001,Low,Partial,Partial
Square Infra Solutions 819,Proprietorship,2015,O3VYPI6WVI,Q16REK0DW4RCNRZ,STTNVEQH91,Ranipet,9953898845,squareinfrasolutions819@example.com,www.squareinfra819.com,Tiruvarur,Owner 819,MD 819,227,Hierarchical,"Director A819, Director B819",Construction & Infrastructure,Roads & Buildings,Tamil Nadu,17,6,146706583,173799196,Stable,17222629,55,169,"Excavators, Cranes, Concrete Mixers",Medium,163,Yes,No,Not Certified,High,Compliant,Non-Compliant
Square Infra Solutions 820,Partnership,1995,VWWQHX08VM,R8L05AE1WC6NRJN,D4ZRYSSB3I,Nagapattinam,9645554143,squareinfrasolutions820@example.com,www.squareinfra820.com,Tiruchirappalli,Owner 820,MD 820,298,Hierarchical,"Director A820, Director B820",Construction & Infrastructure,Roads & Buildings,Tamil Nadu,24,14,387419234,46926376,Stable,46974835,66,100,"Excavators, Cranes, Concrete Mixers",High,9,No,No,Not Certified,Low,Compliant,Compliant
Square Infra Solutions 821,Pvt Ltd,2008,0G6WIC0HR7,6CBLR4UWAC9BXHU,BYIYGB8U0V,Tiruppur,9863723658,squareinfrasolutions821@example.com,www.squareinfra821.com,Thanjavur,Owner 821,MD 821,73,Hierarchical,"Director A821, Director B821",Construction & Infrastructure,Roads & Buildings,Tamil Nadu,27,5,129895481,182836690,Moderate,7403703,48,51,"Excavators, Cranes, Concrete Mixers",High,68,Yes,No,Multiple,Low,Compliant,Non-Compliant
Square Infra Solutions 822,Ltd,1996,4KP2JSNV3Q,RGO564ILNZ83VNC,XHQOKHAQ0D,Krishnagiri,9266259820,squareinfrasolutions822@example.com,www.squareinfra822.com,Tiruppur,Owner 822,MD 822,247,Hierarchical,"Director A822, Director B822",Construction & Infrastructure,Roads & Buildings,Tamil Nadu,21,19,156227886,229557369,At Risk,24282132,39,36,"Excavators, Cranes, Concrete Mixers",Low,101,No,Yes,Multiple,Low,Partial,Partial
Square Infra Solutions 823,Partnership,1998,QBWEFIBX0H,Q3920VT7IW4EPZR,KXPNJ4TUXT,Thoothukudi,9272593057,squareinfrasolutions823@example.com,www.squareinfra823.com,Tiruvallur,Owner 823,MD 823,467,Hierarchical,"Director A823, Director B823",Construction & Infrastructure,Roads & Buildings,Tamil Nadu,28,2,36053507,225591139,Stable,29239712,60,170,"Excavators, Cranes, Concrete Mixers",Medium,291,Yes,Yes,Not Certified,High,Partial,Compliant
Square Infra Solutions 824,Proprietorship,1999,UAV2XB3FST,RPZ94CPEYJYTEEV,1G4RCI0BH0,Theni,9662715229,squareinfrasolutions824@example.com,www.squareinfra824.com,Coimbatore,Owner 824,MD 824,57,Hierarchical,"Director A824, Director B824",Construction & Infrastructure,Roads & Buildings,Tamil Nadu,17,10,413514641,232612191,At Risk,10260450,79,99,"Excavators, Cranes, Concrete Mixers",High,300,Yes,Yes,ISO 9001,Medium,Partial,Partial
Square Infra Solutions 825,Ltd,2002,QTO5QAMU62,VUVGIBXH3KEBQR8,2N496UHTQ6,Pudukkottai,9418637093,squareinfrasolutions825@example.com,www.squareinfra825.com,Sivaganga,Owner 825,MD 825,84,Hierarchical,"Director A825, Director B825",Construction & Infrastructure,Roads & Buildings,Tamil Nadu,20,15,373990137,212841365,Moderate,8470836,25,117,"Excavators, Cranes, Concrete Mixers",Low,291,No,Yes,Not Certified,Low,Partial,Compliant
Square Infra Solutions 826,Pvt Ltd,2021,OW10UHBCHF,MBUSGRVT27I8MAI,S02XRB7OCM,Tirunelveli,9388580135,squareinfrasolutions826@example.com,www.squareinfra826.com,Dindigul,Owner 826,MD 826,25,Hierarchical,"Director A826, Director B826",Construction & Infrastructure,Roads & Buildings,Tamil Nadu,27,18,311746587,271377850,Moderate,13332421,88,119,"Excavators, Cranes, Concrete Mixers",Medium,270,No,No,Not Certified,Medium,Compliant,Non-Compliant
Square Infra Solutions 827,Partnership,2021,6R4H8B5UK5,J8SBJV2KLM05UFL,YRCEN0EDG2,Dindigul,9172589070,squareinfrasolutions827@example.com,www.squareinfra827.com,Thoothukudi,Owner 827,MD 827,167,Hierarchical,"Director A827, Director B827",Construction & Infrastructure,Roads & Buildings,Tamil Nadu,21,11,463131168,116303195,Stable,31922861,67,114,"Excavators, Cranes, Concrete Mixers",Medium,116,No,No,ISO 14001,High,Compliant,Non-Compliant
Square Infra Solutions 828,Ltd,2013,DX4YUCVPW6,3XF45CC1M8AGRRN,4MFTSL6EJY,Erode,9998494796,squareinfrasolutions828@example.com,www.squareinfra828.com,Tiruppur,Owner 828,MD 828,182,Hierarchical,"Director A828, Director B828",Construction & Infrastructure,Roads & Buildings,Tamil Nadu,24,14,253357914,192987561,Moderate,3644877,82,97,"Excavators, Cranes, Concrete Mixers",Low,133,Yes,No,ISO 9001,High,Non-Compliant,Partial
Square Infra Solutions 829,Ltd,1998,RUIV0ZG07Q,RWD7E4OE9XDDL00,NWF3D791TH,Kanniyakumari,9398866318,squareinfrasolutions829@example.com,www.squareinfra829.com,Mayiladuthurai,Owner 829,MD 829,216,Hierarchical,"Director A829, Director B829",Construction & Infrastructure,Roads & Buildings,Tamil Nadu,16,3,375055298,197532995,At Risk,20161644,32,104,"Excavators, Cranes, Concrete Mixers",Medium,122,No,Yes,Not Certified,Medium,Compliant,Compliant
Square Infra Solutions 830,Proprietorship,2014,RMNOMJUD13,YRRQ5JMD1747G5E,ZD6AEZEUY5,Virudhunagar,9095333997,squareinfrasolutions830@example.com,www.squareinfra830.com,Virudhunagar,Owner 830,MD 830,310,Hierarchical,"Director A830, Director B830",Construction & Infrastructure,Roads & Buildings,Tamil Nadu,24,8,392413843,95523268,Moderate,1068379,97,102,"Excavators, Cranes, Concrete Mixers",Medium,102,Yes,No,ISO 9001,High,Non-Compliant,Non-Compliant
Square Infra Solutions 831,Proprietorship,2022,W4Q0FC6SKN,9ZR0UK1PTUZCTZF,CKRYIO2GJK,Tenkasi,9310124701,squareinfrasolutions831@example.com,www.squareinfra831.com,Nilgiris,Owner 831,MD 831,420,Hierarchical,"Director A831, Director B831",Construction & Infrastructure,Roads & Buildings,Tamil Nadu,20,20,352412757,142396988,At Risk,46613593,63,167,"Excavators, Cranes, Concrete Mixers",Medium,60,No,Yes,ISO 14001,Low,Non-Compliant,Partial
Square Infra Solutions 832,Proprietorship,2015,HLTJIE1F9T,Z8P5T0TUJC1P455,2V1B0G3JVM,Tirupathur,9654251589,squareinfrasolutions832@example.com,www.squareinfra832.com,Viluppuram,Owner 832,MD 832,319,Hierarchical,"Director A832, Director B832",Construction & Infrastructure,Roads & Buildings,Tamil Nadu,8,6,93143988,88169419,Moderate,7812941,25,31,"Excavators, Cranes, Concrete Mixers",High,283,No,Yes,ISO 9001,High,Compliant,Compliant
Square Infra Solutions 833,Pvt Ltd,1998,ZAS6T3ZHHL,ZHOKTTWSN1AVX3Q,G19OPBQQ5D,Ariyalur,9015770254,squareinfrasolutions833@example.com,www.squareinfra833.com,Vellore,Owner 833,MD 833,286,Hierarchical,"Director A833, Director B833",Construction & Infrastructure,Roads & Buildings,Tamil Nadu,1,15,398503966,274483868,Stable,25301229,93,90,"Excavators, Cranes, Concrete Mixers",High,165,Yes,Yes,ISO 9001,Medium,Compliant,Non-Compliant
Square Infra Solutions 834,Ltd,2013,6UBFH4AOC2,SK9CUGWKFWHLX9C,M97D88DFYQ,Tiruchirappalli,9714335931,squareinfrasolutions834@example.com,www.squareinfra834.com,Vellore,Owner 834,MD 834,481,Hierarchical,"Director A834, Director B834",Construction & Infrastructure,Roads & Buildings,Tamil Nadu,28,23,144790839,202329096,At Risk,44706078,13,118,"Excavators, Cranes, Concrete Mixers",High,241,No,No,ISO 9001,Low,Partial,Non-Compliant
Square Infra Solutions 835,Partnership,1997,65B8KR1GKT,1J5LFSL7SRB13Y1,SV39ZOQ59W,Kancheepuram,9729371664,squareinfrasolutions835@example.com,www.squareinfra835.com,Coimbatore,Owner 835,MD 835,368,Hierarchical,"Director A835, Director B835",Construction & Infrastructure,Roads & Buildings,Tamil Nadu,6,11,193736063,125900352,Moderate,27876424,98,149,"Excavators, Cranes, Concrete Mixers",High,145,No,Yes,ISO 9001,High,Non-Compliant,Partial
Square Infra Solutions 836,Partnership,2007,WQBXFSHHN7,IXVSBKQWZPG2RZ2,DL6T87W4OF,Thoothukudi,9104467326,squareinfrasolutions836@example.com,www.squareinfra836.com,Krishnagiri,Owner 836,MD 836,179,Hierarchical,"Director A836, Director B836",Construction & Infrastructure,Roads & Buildings,Tamil Nadu,21,11,253714178,207027872,Stable,21919260,11,110,"Excavators, Cranes, Concrete Mixers",High,12,No,No,ISO 45001,Medium,Compliant,Partial
Square Infra Solutions 837,Ltd,1999,5SZY4K6BG3,4RA4VAR9Y5KHN2Y,65J781I30A,Ranipet,9694602541,squareinfrasolutions837@example.com,www.squareinfra837.com,Madurai,Owner 837,MD 837,51,Hierarchical,"Director A837, Director B837",Construction & Infrastructure,Roads & Buildings,Tamil Nadu,27,20,462192353,217065307,Moderate,48386013,56,184,"Excavators, Cranes, Concrete Mixers",Low,16,Yes,No,Multiple,Medium,Partial,Non-Compliant
Square Infra Solutions 838,Ltd,1998,YF7X3M5K53,X5GQREE5RDEBZZ3,FUMJL9DPM2,Karur,9021950312,squareinfrasolutions838@example.com,www.squareinfra838.com,Nilgiris,Owner 838,MD 838,485,Hierarchical,"Director A838, Director B838",Construction & Infrastructure,Roads & Buildings,Tamil Nadu,18,7,435254858,4557329,Moderate,13160502,64,26,"Excavators, Cranes, Concrete Mixers",Low,151,Yes,No,ISO 14001,Low,Non-Compliant,Compliant
Square Infra Solutions 839,Pvt Ltd,2014,V3QADN6IM3,8B1K90B4QTQLV8J,5OOV3EDC2K,Theni,9746776357,squareinfrasolutions839@example.com,www.squareinfra839.com,Tiruppur,Owner 839,MD 839,197,Hierarchical,"Director A839, Director B839",Construction & Infrastructure,Roads & Buildings,Tamil Nadu,15,19,498462646,32776804,Moderate,45000476,19,50,"Excavators, Cranes, Concrete Mixers",High,133,Yes,Yes,ISO 9001,High,Compliant,Partial
Square Infra Solutions 840,Proprietorship,2022,K6TH2UKI5B,U1PV1C1LMWEY88Q,S1XMIINDVK,Tiruchirappalli,9184833290,squareinfrasolutions840@example.com,www.squareinfra840.com,Chengalpattu,Owner 840,MD 840,228,Hierarchical,"Director A840, Director B840",Construction & Infrastructure,Roads & Buildings,Tamil Nadu,16,15,316964165,219465169,Stable,47594155,10,140,"Excavators, Cranes, Concrete Mixers",Low,38,Yes,Yes,ISO 14001,High,Partial,Non-Compliant
Square Infra Solutions 841,Ltd,2011,PONWHQAGG8,2KR61WP69OI0U2F,8HT850FCOA,Karur,9627839979,squareinfrasolutions841@example.com,www.squareinfra841.com,Salem,Owner 841,MD 841,374,Hierarchical,"Director A841, Director B841",Construction & Infrastructure,Roads & Buildings,Tamil Nadu,26,23,105242387,35058789,At Risk,24674654,65,155,"Excavators, Cranes, Concrete Mixers",High,264,No,Yes,ISO 9001,High,Partial,Compliant
Square Infra Solutions 842,Partnership,1999,VRYYZL0M9I,NSXXA0BGQJO7F9A,D55X7GAT3A,Namakkal,9454535110,squareinfrasolutions842@example.com,www.squareinfra842.com,Vellore,Owner 842,MD 842,157,Hierarchical,"Director A842, Director B842",Construction & Infrastructure,Roads & Buildings,Tamil Nadu,21,24,279903994,118830708,Moderate,25990906,20,152,"Excavators, Cranes, Concrete Mixers",High,255,No,Yes,Not Certified,Medium,Compliant,Non-Compliant
Square Infra Solutions 843,Pvt Ltd,2000,2WA4KYVZEF,JFS6Z8M3SMZRWML,D9NOQ9ZY3Q,Pudukkottai,9913323884,squareinfrasolutions843@example.com,www.squareinfra843.com,Chengalpattu,Owner 843,MD 843,154,Hierarchical,"Director A843, Director B843",Construction & Infrastructure,Roads & Buildings,Tamil Nadu,7,6,440913589,95932718,Moderate,10506115,21,92,"Excavators, Cranes, Concrete Mixers",High,232,Yes,No,Multiple,Medium,Partial,Partial
Square Infra Solutions 844,Ltd,2020,6B99LZNWNI,E0FXOKSN1UNX2K8,G9Q8IECK68,Tiruchirappalli,9056143693,squareinfrasolutions844@example.com,www.squareinfra844.com,Kallakurichi,Owner 844,MD 844,381,Hierarchical,"Director A844, Director B844",Construction & Infrastructure,Roads & Buildings,Tamil Nadu,8,4,318337200,26979937,Moderate,46823547,48,13,"Excavators, Cranes, Concrete Mixers",Low,173,Yes,No,ISO 14001,Medium,Compliant,Partial
Square Infra Solutions 845,Ltd,2002,173R9SGNE5,FTWSKL593JPYFSW,V65C8K6RWR,Madurai,9907595208,squareinfrasolutions845@example.com,www.squareinfra845.com,Tiruchirappalli,Owner 845,MD 845,156,Hierarchical,"Director A845, Director B845",Construction & Infrastructure,Roads & Buildings,Tamil Nadu,23,18,282958862,132056932,Moderate,21303185,25,38,"Excavators, Cranes, Concrete Mixers",High,16,No,Yes,ISO 9001,High,Compliant,Compliant
Square Infra Solutions 846,Partnership,2003,2A993Z66YK,W9L421WOHEZ6N2Q,0MO07OQX16,Coimbatore,9331415882,squareinfrasolutions846@example.com,www.squareinfra846.com,Virudhunagar,Owner 846,MD 846,493,Hierarchical,"Director A846, Director B846",Construction & Infrastructure,Roads & Buildings,Tamil Nadu,18,15,497570647,80243233,At Risk,15506899,99,79,"Excavators, Cranes, Concrete Mixers",High,214,Yes,No,Multiple,Low,Non-Compliant,Non-Compliant
Square Infra Solutions 847,Ltd,2021,M38BP0V8FL,AGTLF19ONSRZI9D,XS78AGJ7RN,Tiruvannamalai,9166385319,squareinfrasolutions847@example.com,www.squareinfra847.com,Pudukkottai,Owner 847,MD 847,151,Hierarchical,"Director A847, Director B847",Construction & Infrastructure,Roads & Buildings,Tamil Nadu,27,5,144915374,198386069,At Risk,41392938,27,193,"Excavators, Cranes, Concrete Mixers",Medium,27,Yes,No,Multiple,Low,Compliant,Compliant
Square Infra Solutions 848,Pvt Ltd,1996,MFLYQ5CP9E,224AE2BRC96N4DD,DC9WRGA71P,Tiruppur,9859826060,squareinfrasolutions848@example.com,www.squareinfra848.com,Ariyalur,Owner 848,MD 848,247,Hierarchical,"Director A848, Director B848",Construction & Infrastructure,Roads & Buildings,Tamil Nadu,16,2,100200375,201714358,Stable,25741389,14,126,"Excavators, Cranes, Concrete Mixers",Medium,288,No,No,Not Certified,Medium,Non-Compliant,Non-Compliant
Square Infra Solutions 849,Pvt Ltd,2011,NO26RQFA48,E84YIT0ST2M9KG7,ER79NPQCX1,Tiruvannamalai,9954610986,squareinfrasolutions849@example.com,www.squareinfra849.com,Sivaganga,Owner 849,MD 849,460,Hierarchical,"Director A849, Director B849",Construction & Infrastructure,Roads & Buildings,Tamil Nadu,25,15,401538018,247190400,At Risk,41899068,47,62,"Excavators, Cranes, Concrete Mixers",Low,155,Yes,No,Not Certified,High,Compliant,Non-Compliant
Square Infra Solutions 850,Pvt Ltd,2002,7B50Z116IL,021K1ANJQ81BWPB,OSBYNGBYMD,Salem,9987272883,squareinfrasolutions850@example.com,www.squareinfra850.com,Thoothukudi,Owner 850,MD 850,220,Hierarchical,"Director A850, Director B850",Construction & Infrastructure,Roads & Buildings,Tamil Nadu,22,15,210054149,232114127,At Risk,1037327,32,92,"Excavators, Cranes, Concrete Mixers",Low,266,No,Yes,Not Certified,Medium,Partial,Non-Compliant
Square Infra Solutions 851,Ltd,2017,7ZW7NVY4S0,XWUQ5DT4ED9JPG7,Q49FYUY77B,Kallakurichi,9015494099,squareinfrasolutions851@example.com,www.squareinfra851.com,Nilgiris,Owner 851,MD 851,252,Hierarchical,"Director A851, Director B851",Construction & Infrastructure,Roads & Buildings,Tamil Nadu,17,22,322678278,15864206,At Risk,44236721,20,140,"Excavators, Cranes, Concrete Mixers",Low,223,No,No,ISO 9001,High,Compliant,Partial
Square Infra Solutions 852,Ltd,2004,7EX7UNC5ZQ,SGHMCWZYUC57CY3,FASVOTB8VS,Tiruvarur,9992435652,squareinfrasolutions852@example.com,www.squareinfra852.com,Coimbatore,Owner 852,MD 852,318,Hierarchical,"Director A852, Director B852",Construction & Infrastructure,Roads & Buildings,Tamil Nadu,12,18,279457209,58714389,Stable,6443590,7,60,"Excavators, Cranes, Concrete Mixers",High,245,No,No,Not Certified,Medium,Compliant,Non-Compliant
Square Infra Solutions 853,Pvt Ltd,1996,VQ4TB3IDZR,8OFWX599ROZOLA4,6O6Q1TPOCT,Tenkasi,9777413217,squareinfrasolutions853@example.com,www.squareinfra853.com,Tiruvarur,Owner 853,MD 853,304,Hierarchical,"Director A853, Director B853",Construction & Infrastructure,Roads & Buildings,Tamil Nadu,26,9,210977223,76650724,At Risk,15660111,36,57,"Excavators, Cranes, Concrete Mixers",High,278,No,Yes,Multiple,Low,Compliant,Partial
Square Infra Solutions 854,Pvt Ltd,1997,WLUPDLFN9S,CB3MOBIA2SO7RUW,GZAYUN5P4D,Virudhunagar,9831875681,squareinfrasolutions854@example.com,www.squareinfra854.com,Kancheepuram,Owner 854,MD 854,374,Hierarchical,"Director A854, Director B854",Construction & Infrastructure,Roads & Buildings,Tamil Nadu,15,4,499304190,248219467,At Risk,29553560,39,57,"Excavators, Cranes, Concrete Mixers",High,212,Yes,No,ISO 45001,Medium,Partial,Partial
Square Infra Solutions 855,Pvt Ltd,2018,5TQ9G4H7PM,VIVHCNSZRKALL03,1JQY4GE97P,Nilgiris,9874835814,squareinfrasolutions855@example.com,www.squareinfra855.com,Chennai,Owner 855,MD 855,103,Hierarchical,"Director A855, Director B855",Construction & Infrastructure,Roads & Buildings,Tamil Nadu,26,9,466156556,282195337,Moderate,16499727,14,77,"Excavators, Cranes, Concrete Mixers",High,176,Yes,No,ISO 45001,High,Non-Compliant,Compliant
Square Infra Solutions 856,Ltd,2015,HFMLZIJSQ3,O3JCSA9ZISNXZPB,KJUIK53L5S,Thoothukudi,9757751785,squareinfrasolutions856@example.com,www.squareinfra856.com,Tiruvallur,Owner 856,MD 856,371,Hierarchical,"Director A856, Director B856",Construction & Infrastructure,Roads & Buildings,Tamil Nadu,16,12,264105778,209216766,At Risk,1045805,80,28,"Excavators, Cranes, Concrete Mixers",Medium,176,Yes,Yes,Multiple,Low,Non-Compliant,Non-Compliant
Square Infra Solutions 857,Proprietorship,2020,EE7ABBJSJ4,CJHBCFPMMPF3NT3,21N6CSHJC3,Kallakurichi,9977617197,squareinfrasolutions857@example.com,www.squareinfra857.com,Tiruppur,Owner 857,MD 857,199,Hierarchical,"Director A857, Director B857",Construction & Infrastructure,Roads & Buildings,Tamil Nadu,11,17,106528718,298909249,Stable,15388884,36,15,"Excavators, Cranes, Concrete Mixers",Low,155,Yes,No,ISO 9001,Low,Compliant,Non-Compliant
Square Infra Solutions 858,Proprietorship,2018,7FJZBWXS89,SIFNLLNU068IRV0,TMOBTVQ6Q1,Ranipet,9152943762,squareinfrasolutions858@example.com,www.squareinfra858.com,Tiruvannamalai,Owner 858,MD 858,247,Hierarchical,"Director A858, Director B858",Construction & Infrastructure,Roads & Buildings,Tamil Nadu,15,15,304225296,47983512,At Risk,23652427,59,84,"Excavators, Cranes, Concrete Mixers",Low,215,Yes,Yes,ISO 45001,Low,Non-Compliant,Partial
Square Infra Solutions 859,Pvt Ltd,2013,ENRSV4WE3R,ENGHP70J42V152K,KGEQ8T4T9R,Chengalpattu,9988781094,squareinfrasolutions859@example.com,www.squareinfra859.com,Virudhunagar,Owner 859,MD 859,340,Hierarchical,"Director A859, Director B859",Construction & Infrastructure,Roads & Buildings,Tamil Nadu,20,8,494480411,78880491,At Risk,38829923,77,85,"Excavators, Cranes, Concrete Mixers",High,117,Yes,No,Multiple,Low,Compliant,Partial
Square Infra Solutions 860,Pvt Ltd,1996,39LQ172E9Q,8Z4MN788Z2NOZLH,2HFOH3EUSD,Dindigul,9623586123,squareinfrasolutions860@example.com,www.squareinfra860.com,Dindigul,Owner 860,MD 860,133,Hierarchical,"Director A860, Director B860",Construction & Infrastructure,Roads & Buildings,Tamil Nadu,25,4,265170989,147559706,At Risk,12348785,59,116,"Excavators, Cranes, Concrete Mixers",Low,292,No,Yes,Multiple,Medium,Compliant,Non-Compliant
Square Infra Solutions 861,Ltd,2015,Q9003BFG5Z,96TN6UWIC28Q3U8,1CAFUCGIV8,Erode,9314322722,squareinfrasolutions861@example.com,www.squareinfra861.com,Tirupathur,Owner 861,MD 861,111,Hierarchical,"Director A861, Director B861",Construction & Infrastructure,Roads & Buildings,Tamil Nadu,10,7,232669199,95777176,Moderate,40377314,31,41,"Excavators, Cranes, Concrete Mixers",Low,224,Yes,No,ISO 45001,Low,Compliant,Non-Compliant
Square Infra Solutions 862,Partnership,2013,5RELE16V7R,BVJT6SOI9RQV47S,1VLIMX0LJI,Ramanathapuram,9839812796,squareinfrasolutions862@example.com,www.squareinfra862.com,Pudukkottai,Owner 862,MD 862,168,Hierarchical,"Director A862, Director B862",Construction & Infrastructure,Roads & Buildings,Tamil Nadu,12,22,227195449,119880463,Moderate,36733570,58,188,"Excavators, Cranes, Concrete Mixers",Low,290,No,Yes,ISO 14001,Medium,Non-Compliant,Non-Compliant
Square Infra Solutions 863,Proprietorship,2013,68VK2RZ5OH,T47DTJE281P05XL,5737Y86JKV,Ariyalur,9460859632,squareinfrasolutions863@example.com,www.squareinfra863.com,Virudhunagar,Owner 863,MD 863,141,Hierarchical,"Director A863, Director B863",Construction & Infrastructure,Roads & Buildings,Tamil Nadu,12,20,491885342,104918382,Stable,13974841,52,66,"Excavators, Cranes, Concrete Mixers",Medium,117,Yes,Yes,Not Certified,High,Non-Compliant,Compliant
Square Infra Solutions 864,Pvt Ltd,2008,U1FTE4HLBX,VRV3BD4EA5EP76B,CZ8N6W19XB,Tiruppur,9286468978,squareinfrasolutions864@example.com,www.squareinfra864.com,Tiruppur,Owner 864,MD 864,171,Hierarchical,"Director A864, Director B864",Construction & Infrastructure,Roads & Buildings,Tamil Nadu,24,2,54619463,39022531,Stable,21187897,6,129,"Excavators, Cranes, Concrete Mixers",Medium,115,Yes,No,ISO 14001,Medium,Partial,Compliant
Square Infra Solutions 865,Partnership,2006,2Q4CDP5TQX,H38KZRVL3ENU38C,85862O2O93,Tirunelveli,9752736922,squareinfrasolutions865@example.com,www.squareinfra865.com,Karur,Owner 865,MD 865,273,Hierarchical,"Director A865, Director B865",Construction & Infrastructure,Roads & Buildings,Tamil Nadu,26,15,438924460,145993397,Moderate,6557511,25,10,"Excavators, Cranes, Concrete Mixers",High,26,No,No,ISO 9001,High,Compliant,Partial
Square Infra Solutions 866,Ltd,2002,2852PGIYSE,O0BEKG8W8OKLSQ6,TETYR7KP9X,Mayiladuthurai,9548133143,squareinfrasolutions866@example.com,www.squareinfra866.com,Kancheepuram,Owner 866,MD 866,314,Hierarchical,"Director A866, Director B866",Construction & Infrastructure,Roads & Buildings,Tamil Nadu,16,4,381298862,117308167,Stable,7412711,11,76,"Excavators, Cranes, Concrete Mixers",Medium,274,Yes,No,Multiple,Medium,Partial,Non-Compliant
Square Infra Solutions 867,Proprietorship,2001,KG2VX14DLL,TIW050C41PDDFM5,M87N6YDQ71,Chennai,9728445407,squareinfrasolutions867@example.com,www.squareinfra867.com,Ariyalur,Owner 867,MD 867,151,Hierarchical,"Director A867, Director B867",Construction & Infrastructure,Roads & Buildings,Tamil Nadu,5,25,390276256,84948751,Moderate,42515039,35,153,"Excavators, Cranes, Concrete Mixers",High,211,Yes,Yes,Multiple,Low,Non-Compliant,Compliant
Square Infra Solutions 868,Partnership,2019,IX17GSOF71,LYW27EZ6YCG98JP,XMS0WU1XZ5,Vellore,9043564960,squareinfrasolutions868@example.com,www.squareinfra868.com,Perambalur,Owner 868,MD 868,145,Hierarchical,"Director A868, Director B868",Construction & Infrastructure,Roads & Buildings,Tamil Nadu,28,18,415100252,294860515,Stable,34859179,29,104,"Excavators, Cranes, Concrete Mixers",Low,176,Yes,No,ISO 45001,Low,Partial,Compliant
Square Infra Solutions 869,Ltd,2005,9Q0PVDOB71,SU8Z4FC5Y1JQ3A2,H3XZB8G9X4,Ranipet,9352651233,squareinfrasolutions869@example.com,www.squareinfra869.com,Chennai,Owner 869,MD 869,220,Hierarchical,"Director A869, Director B869",Construction & Infrastructure,Roads & Buildings,Tamil Nadu,12,9,238648896,73431984,Stable,3218355,76,23,"Excavators, Cranes, Concrete Mixers",High,98,Yes,Yes,Multiple,High,Non-Compliant,Compliant
Square Infra Solutions 870,Partnership,2007,WMHRD4BWOH,5OW78IHWH576DOV,8WVAVGDHID,Perambalur,9917415678,squareinfrasolutions870@example.com,www.squareinfra870.com,Ariyalur,Owner 870,MD 870,201,Hierarchical,"Director A870, Director B870",Construction & Infrastructure,Roads & Buildings,Tamil Nadu,3,11,214195745,105891879,At Risk,23884969,42,82,"Excavators, Cranes, Concrete Mixers",Medium,247,No,Yes,Multiple,Low,Partial,Non-Compliant
Square Infra Solutions 871,Pvt Ltd,1996,13E6PHN342,EX55W3P204XCZ5S,4AH1O1667Z,Dharmapuri,9295173706,squareinfrasolutions871@example.com,www.squareinfra871.com,Nilgiris,Owner 871,MD 871,81,Hierarchical,"Director A871, Director B871",Construction & Infrastructure,Roads & Buildings,Tamil Nadu,18,25,167391706,73124668,Moderate,29262996,67,37,"Excavators, Cranes, Concrete Mixers",High,285,No,Yes,ISO 45001,Medium,Non-Compliant,Non-Compliant
Square Infra Solutions 872,Proprietorship,2011,E7SALA6KQN,KJ150M7GE5CWFWR,O5CR21RKM3,Ranipet,9785110603,squareinfrasolutions872@example.com,www.squareinfra872.com,Ariyalur,Owner 872,MD 872,57,Hierarchical,"Director A872, Director B872",Construction & Infrastructure,Roads & Buildings,Tamil Nadu,11,6,377525063,60272705,At Risk,30214646,97,33,"Excavators, Cranes, Concrete Mixers",High,189,Yes,Yes,ISO 45001,High,Partial,Compliant
Square Infra Solutions 873,Pvt Ltd,2011,1L3Z31GVH3,28IZTNA85DZXW9J,DFZRDZZDMO,Vellore,9001647158,squareinfrasolutions873@example.com,www.squareinfra873.com,Kanniyakumari,Owner 873,MD 873,247,Hierarchical,"Director A873, Director B873",Construction & Infrastructure,Roads & Buildings,Tamil Nadu,15,8,198701773,165331317,At Risk,15078930,60,104,"Excavators, Cranes, Concrete Mixers",Low,26,No,Yes,Multiple,Medium,Non-Compliant,Non-Compliant
Square Infra Solutions 874,Proprietorship,2006,1PUUL2J6RK,7OI3EAH85BNVCIH,XT14MGWE94,Theni,9575389523,squareinfrasolutions874@example.com,www.squareinfra874.com,Tiruvannamalai,Owner 874,MD 874,338,Hierarchical,"Director A874, Director B874",Construction & Infrastructure,Roads & Buildings,Tamil Nadu,14,12,497741657,244601447,Stable,20919672,29,198,"Excavators, Cranes, Concrete Mixers",Medium,255,No,Yes,Not Certified,Medium,Compliant,Compliant
Square Infra Solutions 875,Pvt Ltd,2017,ZYT3DVB8DD,CGBP4YLPZG7CZUT,A8K6MERIPK,Tiruvannamalai,9312620296,squareinfrasolutions875@example.com,www.squareinfra875.com,Theni,Owner 875,MD 875,399,Hierarchical,"Director A875, Director B875",Construction & Infrastructure,Roads & Buildings,Tamil Nadu,22,9,339278144,280150592,Stable,34871775,51,66,"Excavators, Cranes, Concrete Mixers",Low,69,Yes,No,ISO 45001,High,Partial,Compliant
Square Infra Solutions 876,Partnership,2003,XNSEQX8DGN,S85QJSSRXQQJDQ5,8ELFZF844T,Thoothukudi,9979957718,squareinfrasolutions876@example.com,www.squareinfra876.com,Theni,Owner 876,MD 876,495,Hierarchical,"Director A876, Director B876",Construction & Infrastructure,Roads & Buildings,Tamil Nadu,7,19,31685505,57780536,Moderate,27304404,100,121,"Excavators, Cranes, Concrete Mixers",High,71,No,Yes,Multiple,High,Compliant,Non-Compliant
Square Infra Solutions 877,Partnership,2014,OLR9T96ZAT,F85K500JYM05MRU,6SXYZ9Z4YY,Nilgiris,9463053593,squareinfrasolutions877@example.com,www.squareinfra877.com,Vellore,Owner 877,MD 877,394,Hierarchical,"Director A877, Director B877",Construction & Infrastructure,Roads & Buildings,Tamil Nadu,4,4,171617470,210764893,Stable,23622803,24,118,"Excavators, Cranes, Concrete Mixers",High,296,Yes,Yes,ISO 45001,High,Compliant,Partial
Square Infra Solutions 878,Proprietorship,2016,V2WA05OM2J,8MYHPML718L87T0,2HQ4PZ0T0A,Kancheepuram,9400671026,squareinfrasolutions878@example.com,www.squareinfra878.com,Thoothukudi,Owner 878,MD 878,348,Hierarchical,"Director A878, Director B878",Construction & Infrastructure,Roads & Buildings,Tamil Nadu,1,5,113408869,210689827,At Risk,14123993,55,117,"Excavators, Cranes, Concrete Mixers",Medium,212,No,Yes,Multiple,Low,Compliant,Non-Compliant
Square Infra Solutions 879,Partnership,2013,HJ2IDL5SDH,1U2I65HK74BROSI,EISSV3B0FE,Tiruvannamalai,9972697464,squareinfrasolutions879@example.com,www.squareinfra879.com,Nagapattinam,Owner 879,MD 879,372,Hierarchical,"Director A879, Director B879",Construction & Infrastructure,Roads & Buildings,Tamil Nadu,30,22,203795568,215368256,At Risk,48277449,50,188,"Excavators, Cranes, Concrete Mixers",High,161,No,Yes,ISO 14001,Medium,Partial,Partial
Square Infra Solutions 880,Partnership,1997,MITNMBON1G,8EITX0B5GIOHQSF,LTSD6IB2UM,Ranipet,9800541533,squareinfrasolutions880@example.com,www.squareinfra880.com,Dharmapuri,Owner 880,MD 880,115,Hierarchical,"Director A880, Director B880",Construction & Infrastructure,Roads & Buildings,Tamil Nadu,16,20,262387307,69415604,At Risk,9573649,5,87,"Excavators, Cranes, Concrete Mixers",Low,236,No,Yes,Not Certified,Medium,Partial,Non-Compliant
Square Infra Solutions 881,Ltd,2015,CRXLR7FMXL,R59MD2O3P4V59ZS,DDU5O3ZRZ8,Ramanathapuram,9120607747,squareinfrasolutions881@example.com,www.squareinfra881.com,Tiruppur,Owner 881,MD 881,299,Hierarchical,"Director A881, Director B881",Construction & Infrastructure,Roads & Buildings,Tamil Nadu,22,12,149968012,79913413,At Risk,49357154,99,35,"Excavators, Cranes, Concrete Mixers",High,158,Yes,No,ISO 45001,Medium,Partial,Partial
Square Infra Solutions 882,Pvt Ltd,2003,X1PLQG4CQT,P46CZNPVCXNG2I7,63ESZDHO2R,Salem,9916976701,squareinfrasolutions882@example.com,www.squareinfra882.com,Madurai,Owner 882,MD 882,32,Hierarchical,"Director A882, Director B882",Construction & Infrastructure,Roads & Buildings,Tamil Nadu,26,20,32813310,16382613,Moderate,21968962,47,113,"Excavators, Cranes, Concrete Mixers",High,243,No,No,Not Certified,Low,Compliant,Non-Compliant
Square Infra Solutions 883,Ltd,2013,F7PL891NOZ,X2UDM6GZX1XTRKE,GYVJTIWQAF,Sivaganga,9873285855,squareinfrasolutions883@example.com,www.squareinfra883.com,Chengalpattu,Owner 883,MD 883,409,Hierarchical,"Director A883, Director B883",Construction & Infrastructure,Roads & Buildings,Tamil Nadu,3,9,421307140,272358096,Moderate,33585210,77,58,"Excavators, Cranes, Concrete Mixers",Low,127,Yes,Yes,ISO 14001,Medium,Partial,Non-Compliant
Square Infra Solutions 884,Pvt Ltd,2021,XUWMK0L6QO,NPHCWAO163MS15T,Y388RQB98Q,Cuddalore,9478692813,squareinfrasolutions884@example.com,www.squareinfra884.com,Mayiladuthurai,Owner 884,MD 884,185,Hierarchical,"Director A884, Director B884",Construction & Infrastructure,Roads & Buildings,Tamil Nadu,27,9,220879401,83505258,Stable,46489966,49,79,"Excavators, Cranes, Concrete Mixers",Medium,90,Yes,Yes,ISO 14001,Medium,Compliant,Compliant
Square Infra Solutions 885,Pvt Ltd,2020,FJYPDEG36A,2UDPTDASRY62MD8,4D46SUHCRZ,Vellore,9109547645,squareinfrasolutions885@example.com,www.squareinfra885.com,Kancheepuram,Owner 885,MD 885,103,Hierarchical,"Director A885, Director B885",Construction & Infrastructure,Roads & Buildings,Tamil Nadu,29,18,372802868,161594200,Moderate,45950303,69,177,"Excavators, Cranes, Concrete Mixers",Medium,111,Yes,No,ISO 45001,Low,Partial,Partial
Square Infra Solutions 886,Partnership,2009,KDJ68FYC34,QQCI3J8EYZHB6O6,44LEFAGMZO,Sivaganga,9491875318,squareinfrasolutions886@example.com,www.squareinfra886.com,Tiruvallur,Owner 886,MD 886,200,Hierarchical,"Director A886, Director B886",Construction & Infrastructure,Roads & Buildings,Tamil Nadu,2,2,155860839,95332826,Moderate,14061454,95,184,"Excavators, Cranes, Concrete Mixers",High,139,Yes,No,Multiple,High,Compliant,Compliant
Square Infra Solutions 887,Ltd,2006,B6LRPWWQKP,4HFJQHU3BLEFCS4,66ZDOV7CQ4,Cuddalore,9554975731,squareinfrasolutions887@example.com,www.squareinfra887.com,Namakkal,Owner 887,MD 887,390,Hierarchical,"Director A887, Director B887",Construction & Infrastructure,Roads & Buildings,Tamil Nadu,13,10,206861339,147275120,Stable,37171805,74,199,"Excavators, Cranes, Concrete Mixers",Medium,124,Yes,Yes,ISO 14001,Low,Compliant,Partial
Square Infra Solutions 888,Ltd,1997,2RWPV4UJOG,EERA46JQ7EU29SD,6DBCVNNWM7,Chennai,9885260907,squareinfrasolutions888@example.com,www.squareinfra888.com,Salem,Owner 888,MD 888,190,Hierarchical,"Director A888, Director B888",Construction & Infrastructure,Roads & Buildings,Tamil Nadu,2,18,9876729,289512519,Moderate,21790944,30,100,"Excavators, Cranes, Concrete Mixers",Low,26,No,Yes,ISO 45001,Low,Partial,Partial
Square Infra Solutions 889,Ltd,1997,ZQ2LETHQKJ,D5HOM0UEJ79INAE,WG9L183PP0,Ranipet,9268051225,squareinfrasolutions889@example.com,www.squareinfra889.com,Dharmapuri,Owner 889,MD 889,144,Hierarchical,"Director A889, Director B889",Construction & Infrastructure,Roads & Buildings,Tamil Nadu,14,22,175650321,221407559,Stable,16998273,22,23,"Excavators, Cranes, Concrete Mixers",High,217,No,No,ISO 45001,High,Compliant,Compliant
Square Infra Solutions 890,Pvt Ltd,2019,HSEDH9VHH8,V57SS86Y1L11XQG,CUP5WW388H,Kallakurichi,9746047160,squareinfrasolutions890@example.com,www.squareinfra890.com,Vellore,Owner 890,MD 890,330,Hierarchical,"Director A890, Director B890",Construction & Infrastructure,Roads & Buildings,Tamil Nadu,28,17,411583270,212616846,At Risk,1528663,29,92,"Excavators, Cranes, Concrete Mixers",Medium,65,Yes,Yes,ISO 45001,Low,Partial,Compliant
Square Infra Solutions 891,Proprietorship,2021,28ESLKM1PQ,XI1K2ZELC20JF1D,73Q6M4PL78,Sivaganga,9916509436,squareinfrasolutions891@example.com,www.squareinfra891.com,Tiruvarur,Owner 891,MD 891,140,Hierarchical,"Director A891, Director B891",Construction & Infrastructure,Roads & Buildings,Tamil Nadu,5,15,337193277,282854908,At Risk,27612856,6,18,"Excavators, Cranes, Concrete Mixers",Medium,187,No,No,ISO 9001,High,Partial,Partial
Square Infra Solutions 892,Proprietorship,2002,DAF9B5LF66,DRW6Z8R85J6L758,CGD4GVWQ2F,Erode,9835524334,squareinfrasolutions892@example.com,www.squareinfra892.com,Dindigul,Owner 892,MD 892,142,Hierarchical,"Director A892, Director B892",Construction & Infrastructure,Roads & Buildings,Tamil Nadu,24,3,216735347,156147309,Stable,32006623,74,53,"Excavators, Cranes, Concrete Mixers",Low,64,No,Yes,ISO 9001,High,Compliant,Compliant
Square Infra Solutions 893,Pvt Ltd,2003,C25P0GPLU9,IG6B6UFFFR7HI4I,OYN1BEIVEF,Tirunelveli,9841781084,squareinfrasolutions893@example.com,www.squareinfra893.com,Virudhunagar,Owner 893,MD 893,308,Hierarchical,"Director A893, Director B893",Construction & Infrastructure,Roads & Buildings,Tamil Nadu,18,8,323800336,236408625,At Risk,39682540,59,193,"Excavators, Cranes, Concrete Mixers",High,150,Yes,Yes,ISO 14001,Low,Non-Compliant,Compliant
Square Infra Solutions 894,Partnership,2019,EFTZFCZAJU,4WAPHG8ENM1IL4J,W5GCXZTO6P,Kallakurichi,9058119421,squareinfrasolutions894@example.com,www.squareinfra894.com,Tiruvannamalai,Owner 894,MD 894,138,Hierarchical,"Director A894, Director B894",Construction & Infrastructure,Roads & Buildings,Tamil Nadu,2,22,10628680,240742355,At Risk,15861294,36,150,"Excavators, Cranes, Concrete Mixers",Medium,258,Yes,No,ISO 9001,Medium,Non-Compliant,Non-Compliant
Square Infra Solutions 895,Ltd,1997,7KVIR6VYMU,IHXR509LHH1CJEG,V6JPGWVBUB,Thoothukudi,9523951139,squareinfrasolutions895@example.com,www.squareinfra895.com,Tiruppur,Owner 895,MD 895,421,Hierarchical,"Director A895, Director B895",Construction & Infrastructure,Roads & Buildings,Tamil Nadu,29,18,288943585,144047353,Moderate,9200300,21,173,"Excavators, Cranes, Concrete Mixers",Low,18,No,No,ISO 14001,Medium,Non-Compliant,Compliant
Square Infra Solutions 896,Ltd,2001,LPHTZ6SV87,VRKHA8WR1POGUPZ,6M3YBB0GLA,Namakkal,9046805534,squareinfrasolutions896@example.com,www.squareinfra896.com,Tirupathur,Owner 896,MD 896,391,Hierarchical,"Director A896, Director B896",Construction & Infrastructure,Roads & Buildings,Tamil Nadu,18,3,473081235,296929682,Moderate,46853435,42,162,"Excavators, Cranes, Concrete Mixers",High,67,Yes,Yes,ISO 9001,Low,Partial,Compliant
Square Infra Solutions 897,Pvt Ltd,2004,58XYT43M59,15JY2PY56FLCSUH,CRLEBESBC9,Ariyalur,9662868749,squareinfrasolutions897@example.com,www.squareinfra897.com,Viluppuram,Owner 897,MD 897,255,Hierarchical,"Director A897, Director B897",Construction & Infrastructure,Roads & Buildings,Tamil Nadu,15,13,82053507,112896361,Moderate,40153861,12,129,"Excavators, Cranes, Concrete Mixers",Medium,97,No,Yes,Multiple,Low,Compliant,Compliant
Square Infra Solutions 898,Pvt Ltd,2012,V3AKH0DCTE,DDGOMVV5KQ2M153,TWGWAIYWCH,Mayiladuthurai,9715732308,squareinfrasolutions898@example.com,www.squareinfra898.com,Thoothukudi,Owner 898,MD 898,473,Hierarchical,"Director A898, Director B898",Construction & Infrastructure,Roads & Buildings,Tamil Nadu,9,18,447688291,96995376,Stable,22582475,26,82,"Excavators, Cranes, Concrete Mixers",Low,211,Yes,No,ISO 45001,Medium,Partial,Compliant
Square Infra Solutions 899,Partnership,2001,MBYG88TT2Q,R1IUFXVFFTAPO3R,DDLMMDGCHE,Madurai,9399413772,squareinfrasolutions899@example.com,www.squareinfra899.com,Chengalpattu,Owner 899,MD 899,431,Hierarchical,"Director A899, Director B899",Construction & Infrastructure,Roads & Buildings,Tamil Nadu,6,13,261743618,211437773,At Risk,21752951,63,140,"Excavators, Cranes, Concrete Mixers",High,177,No,Yes,ISO 9001,Medium,Non-Compliant,Partial
Square Infra Solutions 900,Pvt Ltd,2011,HTTAA9UF1R,BFVCTXGS0HMFMP0,PDQPYF949X,Tenkasi,9068982790,squareinfrasolutions900@example.com,www.squareinfra900.com,Tiruvallur,Owner 900,MD 900,97,Hierarchical,"Director A900, Director B900",Construction & Infrastructure,Roads & Buildings,Tamil Nadu,1,7,254655529,173804675,Moderate,21798943,55,53,"Excavators, Cranes, Concrete Mixers",Low,34,No,No,ISO 45001,Low,Compliant,Partial
Square Infra Solutions 901,Pvt Ltd,2022,7GZ5JTO4VQ,EA9SEOGHUF70I5S,N6TCB7AC32,Kanniyakumari,9515519095,squareinfrasolutions901@example.com,www.squareinfra901.com,Karur,Owner 901,MD 901,152,Hierarchical,"Director A901, Director B901",Construction & Infrastructure,Roads & Buildings,Tamil Nadu,10,12,255498903,97505071,At Risk,4802928,32,20,"Excavators, Cranes, Concrete Mixers",High,100,No,Yes,Multiple,Low,Partial,Partial
Square Infra Solutions 902,Pvt Ltd,2002,3I1VTMATGH,ZXKP6JHGV15DK60,S6KN8D7UMA,Namakkal,9329914793,squareinfrasolutions902@example.com,www.squareinfra902.com,Mayiladuthurai,Owner 902,MD 902,270,Hierarchical,"Director A902, Director B902",Construction & Infrastructure,Roads & Buildings,Tamil Nadu,21,21,440422472,129387093,Moderate,31156885,66,25,"Excavators, Cranes, Concrete Mixers",Low,271,No,Yes,ISO 14001,Low,Partial,Non-Compliant
Square Infra Solutions 903,Pvt Ltd,2015,5URPJTVIA2,1N32P5FSMMANRWL,PWPE3H47G8,Mayiladuthurai,9369495353,squareinfrasolutions903@example.com,www.squareinfra903.com,Sivaganga,Owner 903,MD 903,389,Hierarchical,"Director A903, Director B903",Construction & Infrastructure,Roads & Buildings,Tamil Nadu,26,17,458950433,129278442,At Risk,2518709,86,17,"Excavators, Cranes, Concrete Mixers",Medium,22,Yes,Yes,ISO 45001,High,Non-Compliant,Non-Compliant
Square Infra Solutions 904,Ltd,1999,2ES8TT5FAZ,7E57ZLZAV990L8W,Z3WMPGEX66,Viluppuram,9475733744,squareinfrasolutions904@example.com,www.squareinfra904.com,Ariyalur,Owner 904,MD 904,411,Hierarchical,"Director A904, Director B904",Construction & Infrastructure,Roads & Buildings,Tamil Nadu,26,12,399522558,72302172,At Risk,15000664,27,148,"Excavators, Cranes, Concrete Mixers",Low,188,Yes,No,ISO 14001,Low,Compliant,Partial
Square Infra Solutions 905,Proprietorship,2003,BIT193OWK8,FRDDQRR55RMPUJE,WZM6HMT6DL,Ramanathapuram,9949886483,squareinfrasolutions905@example.com,www.squareinfra905.com,Tiruvallur,Owner 905,MD 905,345,Hierarchical,"Director A905, Director B905",Construction & Infrastructure,Roads & Buildings,Tamil Nadu,6,13,446720134,32314846,Stable,41208578,96,78,"Excavators, Cranes, Concrete Mixers",High,61,Yes,Yes,ISO 45001,Medium,Partial,Compliant
Square Infra Solutions 906,Partnership,2008,N6FDNUNAT9,0TKZX7432I0RVTJ,W98U8HR8MQ,Tiruvannamalai,9731110421,squareinfrasolutions906@example.com,www.squareinfra906.com,Krishnagiri,Owner 906,MD 906,103,Hierarchical,"Director A906, Director B906",Construction & Infrastructure,Roads & Buildings,Tamil Nadu,22,17,430069883,16702095,At Risk,8076104,9,73,"Excavators, Cranes, Concrete Mixers",Medium,10,No,Yes,Multiple,Low,Compliant,Non-Compliant
Square Infra Solutions 907,Ltd,2002,OIWG30BZZ4,1XFF1UI4Z0PLBDT,0WGTE5GIC2,Thanjavur,9050270453,squareinfrasolutions907@example.com,www.squareinfra907.com,Erode,Owner 907,MD 907,201,Hierarchical,"Director A907, Director B907",Construction & Infrastructure,Roads & Buildings,Tamil Nadu,1,4,286003851,280473585,At Risk,29206554,28,192,"Excavators, Cranes, Concrete Mixers",High,134,No,No,ISO 45001,Low,Compliant,Compliant
Square Infra Solutions 908,Pvt Ltd,1996,1FEFQ0IAO0,XOYDGJDYATTDZ8S,78COX3ITOE,Dindigul,9186611044,squareinfrasolutions908@example.com,www.squareinfra908.com,Krishnagiri,Owner 908,MD 908,491,Hierarchical,"Director A908, Director B908",Construction & Infrastructure,Roads & Buildings,Tamil Nadu,19,22,216890982,299052130,At Risk,8673927,57,25,"Excavators, Cranes, Concrete Mixers",Low,126,Yes,Yes,ISO 9001,High,Non-Compliant,Non-Compliant
Square Infra Solutions 909,Ltd,2012,90GES705SN,5T32N45M5J1FU08,2R4RM0100U,Cuddalore,9927914970,squareinfrasolutions909@example.com,www.squareinfra909.com,Kallakurichi,Owner 909,MD 909,170,Hierarchical,"Director A909, Director B909",Construction & Infrastructure,Roads & Buildings,Tamil Nadu,10,15,75005611,160350930,At Risk,6228098,71,163,"Excavators, Cranes, Concrete Mixers",Medium,90,No,No,ISO 14001,Low,Non-Compliant,Non-Compliant
Square Infra Solutions 910,Ltd,2019,L7T53Y1PLV,XUZT00ZHY879PH8,M6O56VJDF4,Nilgiris,9866964633,squareinfrasolutions910@example.com,www.squareinfra910.com,Thanjavur,Owner 910,MD 910,73,Hierarchical,"Director A910, Director B910",Construction & Infrastructure,Roads & Buildings,Tamil Nadu,10,11,189597697,30777600,Stable,12223212,30,112,"Excavators, Cranes, Concrete Mixers",Low,183,Yes,Yes,Not Certified,Low,Compliant,Non-Compliant
Square Infra Solutions 911,Pvt Ltd,1996,KHWKF63EXH,29BXCRRB9W4CQX4,WHE6B1DILV,Tiruvarur,9470234150,squareinfrasolutions911@example.com,www.squareinfra911.com,Ariyalur,Owner 911,MD 911,488,Hierarchical,"Director A911, Director B911",Construction & Infrastructure,Roads & Buildings,Tamil Nadu,1,3,348732842,224183528,Moderate,18837267,78,25,"Excavators, Cranes, Concrete Mixers",Medium,298,Yes,No,ISO 14001,Low,Non-Compliant,Non-Compliant
Square Infra Solutions 912,Ltd,2020,FP550DEP43,2F17HSCMPLPDUSQ,UENN9HS4SV,Ranipet,9922247432,squareinfrasolutions912@example.com,www.squareinfra912.com,Thoothukudi,Owner 912,MD 912,153,Hierarchical,"Director A912, Director B912",Construction & Infrastructure,Roads & Buildings,Tamil Nadu,19,24,344502194,169554192,At Risk,12343691,91,89,"Excavators, Cranes, Concrete Mixers",Medium,217,Yes,No,ISO 9001,Low,Non-Compliant,Compliant
Square Infra Solutions 913,Proprietorship,1998,9NOX5VLZ0V,S4C1M1ELM8XTCFC,I66109NWVO,Virudhunagar,9334777635,squareinfrasolutions913@example.com,www.squareinfra913.com,Tiruvarur,Owner 913,MD 913,76,Hierarchical,"Director A913, Director B913",Construction & Infrastructure,Roads & Buildings,Tamil Nadu,23,16,460903950,193212798,At Risk,21482461,89,97,"Excavators, Cranes, Concrete Mixers",Low,162,No,Yes,ISO 45001,High,Compliant,Non-Compliant
Square Infra Solutions 914,Partnership,1997,EO4LCOAP93,23TXK5OOKLBJIDM,MEYFB0VQ1V,Coimbatore,9757994692,squareinfrasolutions914@example.com,www.squareinfra914.com,Chennai,Owner 914,MD 914,117,Hierarchical,"Director A914, Director B914",Construction & Infrastructure,Roads & Buildings,Tamil Nadu,22,7,88262009,167616784,Moderate,9553707,32,15,"Excavators, Cranes, Concrete Mixers",Low,177,No,Yes,ISO 45001,High,Compliant,Partial
Square Infra Solutions 915,Partnership,2015,PU0AWB1X57,RTATE8I6VHXXSV0,14QNK56X2O,Viluppuram,9056535585,squareinfrasolutions915@example.com,www.squareinfra915.com,Ramanathapuram,Owner 915,MD 915,423,Hierarchical,"Director A915, Director B915",Construction & Infrastructure,Roads & Buildings,Tamil Nadu,15,3,289048532,199252710,Moderate,23157503,18,90,"Excavators, Cranes, Concrete Mixers",Low,188,No,No,ISO 45001,High,Non-Compliant,Compliant
Square Infra Solutions 916,Proprietorship,2013,YP9DU79KM2,5IPKBMLFY9IQ1KQ,FJ1ZKPEW5Q,Viluppuram,9672262933,squareinfrasolutions916@example.com,www.squareinfra916.com,Perambalur,Owner 916,MD 916,12,Hierarchical,"Director A916, Director B916",Construction & Infrastructure,Roads & Buildings,Tamil Nadu,17,22,464579752,201000238,Stable,11507796,52,187,"Excavators, Cranes, Concrete Mixers",Low,98,Yes,No,ISO 45001,Low,Non-Compliant,Partial
Square Infra Solutions 917,Partnership,2019,3BYFEDOA3N,6RV76RAJ9IKNGTT,0Z85ARQ610,Krishnagiri,9364185471,squareinfrasolutions917@example.com,www.squareinfra917.com,Tiruppur,Owner 917,MD 917,494,Hierarchical,"Director A917, Director B917",Construction & Infrastructure,Roads & Buildings,Tamil Nadu,30,22,300918569,6294406,Stable,39346286,68,106,"Excavators, Cranes, Concrete Mixers",High,241,No,Yes,Not Certified,High,Non-Compliant,Partial
Square Infra Solutions 918,Partnership,2009,P71HMPMVCY,44GE34KNUOD4JH2,U2GI9EL2LR,Chennai,9768725044,squareinfrasolutions918@example.com,www.squareinfra918.com,Kallakurichi,Owner 918,MD 918,372,Hierarchical,"Director A918, Director B918",Construction & Infrastructure,Roads & Buildings,Tamil Nadu,20,17,299875230,192206673,Stable,11135907,39,44,"Excavators, Cranes, Concrete Mixers",Low,261,Yes,Yes,Not Certified,High,Non-Compliant,Partial
Square Infra Solutions 919,Ltd,1997,4NM1MC6GMS,2XVZUBN9D9IBH76,RHJP39XHMG,Chennai,9866820707,squareinfrasolutions919@example.com,www.squareinfra919.com,Sivaganga,Owner 919,MD 919,199,Hierarchical,"Director A919, Director B919",Construction & Infrastructure,Roads & Buildings,Tamil Nadu,11,5,130452987,287000201,Stable,32561956,88,52,"Excavators, Cranes, Concrete Mixers",Medium,125,No,Yes,ISO 45001,High,Compliant,Non-Compliant
Square Infra Solutions 920,Proprietorship,1999,UJWCQGS930,8UFICPGJCBH7BO7,B45OG05S4W,Ramanathapuram,9092929849,squareinfrasolutions920@example.com,www.squareinfra920.com,Tirupathur,Owner 920,MD 920,116,Hierarchical,"Director A920, Director B920",Construction & Infrastructure,Roads & Buildings,Tamil Nadu,24,5,210580107,123056622,At Risk,18760512,33,31,"Excavators, Cranes, Concrete Mixers",Medium,129,No,No,Not Certified,High,Compliant,Compliant
Square Infra Solutions 921,Pvt Ltd,2006,LO09XAZFXP,6O9MXI0ZA5DPS7L,JVI5ERUTSA,Tiruppur,9653491788,squareinfrasolutions921@example.com,www.squareinfra921.com,Tiruchirappalli,Owner 921,MD 921,46,Hierarchical,"Director A921, Director B921",Construction & Infrastructure,Roads & Buildings,Tamil Nadu,7,20,126388558,109636603,Stable,38086331,94,181,"Excavators, Cranes, Concrete Mixers",High,88,Yes,Yes,ISO 45001,Low,Compliant,Compliant
Square Infra Solutions 922,Partnership,2002,V52L4FVVV5,7LH0G0JSF8N8OKV,5IJ0P6A7PL,Krishnagiri,9877291488,squareinfrasolutions922@example.com,www.squareinfra922.com,Perambalur,Owner 922,MD 922,246,Hierarchical,"Director A922, Director B922",Construction & Infrastructure,Roads & Buildings,Tamil Nadu,25,12,445789265,276488642,Moderate,2902136,78,28,"Excavators, Cranes, Concrete Mixers",Low,122,Yes,Yes,ISO 45001,High,Non-Compliant,Partial
Square Infra Solutions 923,Pvt Ltd,2020,9OHF4PJ2NF,WECFQYR3Y0NWQN3,Q83BTDSHGA,Ramanathapuram,9284091453,squareinfrasolutions923@example.com,www.squareinfra923.com,Chengalpattu,Owner 923,MD 923,77,Hierarchical,"Director A923, Director B923",Construction & Infrastructure,Roads & Buildings,Tamil Nadu,3,7,8259010,72084537,At Risk,10682622,56,81,"Excavators, Cranes, Concrete Mixers",Medium,179,Yes,No,Multiple,Medium,Compliant,Partial
Square Infra Solutions 924,Proprietorship,2022,WKODLWYHPW,7UGTME65SJWAZJO,GFC1Z91B0V,Tiruvallur,9571067158,squareinfrasolutions924@example.com,www.squareinfra924.com,Ranipet,Owner 924,MD 924,359,Hierarchical,"Director A924, Director B924",Construction & Infrastructure,Roads & Buildings,Tamil Nadu,10,10,76932953,222111075,Moderate,6352491,80,44,"Excavators, Cranes, Concrete Mixers",Medium,38,Yes,Yes,ISO 9001,High,Non-Compliant,Non-Compliant
Square Infra Solutions 925,Ltd,1996,S7LNE4MZFB,HOQQ13H7LGQUYXA,RFH9U7SK05,Tiruppur,9777904454,squareinfrasolutions925@example.com,www.squareinfra925.com,Chennai,Owner 925,MD 925,130,Hierarchical,"Director A925, Director B925",Construction & Infrastructure,Roads & Buildings,Tamil Nadu,8,24,268280816,11620645,Stable,40768187,54,113,"Excavators, Cranes, Concrete Mixers",High,154,Yes,Yes,ISO 45001,Low,Compliant,Compliant
Square Infra Solutions 926,Ltd,2016,4QMAAZQ3W1,MA196QHQKJ4KAAM,3PXKI425I0,Thanjavur,9804050254,squareinfrasolutions926@example.com,www.squareinfra926.com,Thanjavur,Owner 926,MD 926,55,Hierarchical,"Director A926, Director B926",Construction & Infrastructure,Roads & Buildings,Tamil Nadu,1,12,111836646,111015792,Stable,40729389,80,173,"Excavators, Cranes, Concrete Mixers",High,240,No,No,ISO 9001,Medium,Partial,Partial
Square Infra Solutions 927,Partnership,2011,50GSOWX2EW,EBGQK0TYXHXZFQV,2W6HX9JPHI,Coimbatore,9509321654,squareinfrasolutions927@example.com,www.squareinfra927.com,Nagapattinam,Owner 927,MD 927,156,Hierarchical,"Director A927, Director B927",Construction & Infrastructure,Roads & Buildings,Tamil Nadu,14,18,484878627,242627496,Stable,9871575,17,35,"Excavators, Cranes, Concrete Mixers",Low,57,Yes,Yes,ISO 9001,Medium,Non-Compliant,Non-Compliant
Square Infra Solutions 928,Ltd,2019,8OOEICG4S5,UXL1FSI7QKP7R7U,TRDT599X78,Theni,9966402638,squareinfrasolutions928@example.com,www.squareinfra928.com,Kancheepuram,Owner 928,MD 928,432,Hierarchical,"Director A928, Director B928",Construction & Infrastructure,Roads & Buildings,Tamil Nadu,1,17,103815155,113222720,Moderate,17329225,37,117,"Excavators, Cranes, Concrete Mixers",Medium,225,No,Yes,Not Certified,Low,Non-Compliant,Compliant
Square Infra Solutions 929,Partnership,2018,5TWJTG0PV9,7A0DFSRIFT9FSEM,Z72DVMVZFZ,Namakkal,9133263913,squareinfrasolutions929@example.com,www.squareinfra929.com,Nagapattinam,Owner 929,MD 929,387,Hierarchical,"Director A929, Director B929",Construction & Infrastructure,Roads & Buildings,Tamil Nadu,5,21,108780015,261175114,At Risk,11128647,72,197,"Excavators, Cranes, Concrete Mixers",Medium,298,No,Yes,ISO 9001,Low,Non-Compliant,Compliant
Square Infra Solutions 930,Pvt Ltd,2022,FN2R73F9WW,998GW8I09NL4LLT,2FR9YSQHX8,Salem,9510596560,squareinfrasolutions930@example.com,www.squareinfra930.com,Tirunelveli,Owner 930,MD 930,304,Hierarchical,"Director A930, Director B930",Construction & Infrastructure,Roads & Buildings,Tamil Nadu,21,17,228198335,211491596,At Risk,46816443,78,164,"Excavators, Cranes, Concrete Mixers",High,245,Yes,No,ISO 14001,High,Partial,Non-Compliant
Square Infra Solutions 931,Proprietorship,2004,8BTVY3AIYO,YFHHXV30RIDIK3S,44T5ET59NF,Vellore,9618863937,squareinfrasolutions931@example.com,www.squareinfra931.com,Kancheepuram,Owner 931,MD 931,213,Hierarchical,"Director A931, Director B931",Construction & Infrastructure,Roads & Buildings,Tamil Nadu,3,20,372695116,174630922,Moderate,44701776,21,73,"Excavators, Cranes, Concrete Mixers",Medium,70,Yes,Yes,ISO 45001,Medium,Partial,Compliant
Square Infra Solutions 932,Partnership,1998,WZFVFF2YS9,JU7CCDUZ3ECWIAQ,W21MB2RIMR,Kanniyakumari,9413374834,squareinfrasolutions932@example.com,www.squareinfra932.com,Cuddalore,Owner 932,MD 932,229,Hierarchical,"Director A932, Director B932",Construction & Infrastructure,Roads & Buildings,Tamil Nadu,15,16,369734823,230567006,Stable,1055074,16,63,"Excavators, Cranes, Concrete Mixers",Low,247,No,No,ISO 9001,Low,Partial,Non-Compliant
Square Infra Solutions 933,Partnership,1998,SGAEZQB287,IE6QG9H9GQP9TGX,PMRHU852GI,Tirunelveli,9700374085,squareinfrasolutions933@example.com,www.squareinfra933.com,Tirunelveli,Owner 933,MD 933,16,Hierarchical,"Director A933, Director B933",Construction & Infrastructure,Roads & Buildings,Tamil Nadu,3,14,348106494,298899458,At Risk,34907701,77,179,"Excavators, Cranes, Concrete Mixers",High,285,No,Yes,ISO 45001,Medium,Compliant,Compliant
Square Infra Solutions 934,Partnership,1996,RI7FG9DVD5,OB02G61U3HRNYMS,FV9RHYOPDE,Dindigul,9302700321,squareinfrasolutions934@example.com,www.squareinfra934.com,Chengalpattu,Owner 934,MD 934,349,Hierarchical,"Director A934, Director B934",Construction & Infrastructure,Roads & Buildings,Tamil Nadu,2,19,310420230,9110399,Moderate,48018670,77,101,"Excavators, Cranes, Concrete Mixers",High,212,No,Yes,Not Certified,Medium,Non-Compliant,Compliant
Square Infra Solutions 935,Proprietorship,2002,O5VVIF6QLW,JIKQJBT3O94VPOF,EQ3ZYFJR8Y,Tiruppur,9019389390,squareinfrasolutions935@example.com,www.squareinfra935.com,Tenkasi,Owner 935,MD 935,472,Hierarchical,"Director A935, Director B935",Construction & Infrastructure,Roads & Buildings,Tamil Nadu,25,2,420592530,69828720,Stable,13410601,71,36,"Excavators, Cranes, Concrete Mixers",Low,257,No,No,ISO 45001,High,Non-Compliant,Compliant
Square Infra Solutions 936,Pvt Ltd,2003,BCBUEMMSVS,AQHAAPQGCK1A9PQ,T93C6PK779,Erode,9710628675,squareinfrasolutions936@example.com,www.squareinfra936.com,Ranipet,Owner 936,MD 936,63,Hierarchical,"Director A936, Director B936",Construction & Infrastructure,Roads & Buildings,Tamil Nadu,15,19,264153963,199451051,At Risk,32222832,74,84,"Excavators, Cranes, Concrete Mixers",High,295,Yes,Yes,ISO 14001,High,Partial,Partial
Square Infra Solutions 937,Ltd,2016,86QSDK4AN1,ENEGY57288MEIH4,CRY5E5OSBV,Salem,9974478532,squareinfrasolutions937@example.com,www.squareinfra937.com,Salem,Owner 937,MD 937,305,Hierarchical,"Director A937, Director B937",Construction & Infrastructure,Roads & Buildings,Tamil Nadu,15,17,254358091,198193330,Moderate,21409908,42,58,"Excavators, Cranes, Concrete Mixers",Low,56,No,Yes,ISO 14001,Low,Non-Compliant,Partial
Square Infra Solutions 938,Ltd,2010,ODD30VNHQK,TVM7I62EBMR3JOQ,LWT5HKNC3R,Tiruvallur,9765063900,squareinfrasolutions938@example.com,www.squareinfra938.com,Krishnagiri,Owner 938,MD 938,149,Hierarchical,"Director A938, Director B938",Construction & Infrastructure,Roads & Buildings,Tamil Nadu,4,4,368627572,173566090,Stable,12946285,32,147,"Excavators, Cranes, Concrete Mixers",High,287,Yes,No,ISO 9001,High,Partial,Non-Compliant
Square Infra Solutions 939,Ltd,2003,V54S2O1WGE,HTNCW84ZAGYZMNL,X20G09XWQP,Sivaganga,9204753893,squareinfrasolutions939@example.com,www.squareinfra939.com,Virudhunagar,Owner 939,MD 939,164,Hierarchical,"Director A939, Director B939",Construction & Infrastructure,Roads & Buildings,Tamil Nadu,14,11,268087966,202440690,At Risk,9612527,15,133,"Excavators, Cranes, Concrete Mixers",Low,161,Yes,No,ISO 45001,Medium,Compliant,Compliant
Square Infra Solutions 940,Ltd,2009,E8NJTKNPNW,OHDSU0XW2BPPRJC,80X8JUL5LV,Ariyalur,9844732233,squareinfrasolutions940@example.com,www.squareinfra940.com,Tiruvarur,Owner 940,MD 940,300,Hierarchical,"Director A940, Director B940",Construction & Infrastructure,Roads & Buildings,Tamil Nadu,29,21,228052554,249287928,At Risk,27124857,50,142,"Excavators, Cranes, Concrete Mixers",High,300,Yes,Yes,Multiple,Medium,Compliant,Partial
Square Infra Solutions 941,Partnership,1997,CRE3WPA9WX,VT3PYCO64SXI7LC,WXSH7QRE0F,Thanjavur,9782598379,squareinfrasolutions941@example.com,www.squareinfra941.com,Tenkasi,Owner 941,MD 941,448,Hierarchical,"Director A941, Director B941",Construction & Infrastructure,Roads & Buildings,Tamil Nadu,1,22,358062710,234165249,Stable,45565263,91,127,"Excavators, Cranes, Concrete Mixers",Medium,203,Yes,Yes,Not Certified,High,Compliant,Compliant
Square Infra Solutions 942,Pvt Ltd,2006,SDLYIKSP6N,EOOV1IEE3DMGZOP,S36QZIE2SJ,Tiruvarur,9439208950,squareinfrasolutions942@example.com,www.squareinfra942.com,Tirupathur,Owner 942,MD 942,160,Hierarchical,"Director A942, Director B942",Construction & Infrastructure,Roads & Buildings,Tamil Nadu,22,22,156964768,4449572,Stable,29743665,85,77,"Excavators, Cranes, Concrete Mixers",Low,80,Yes,Yes,ISO 45001,High,Compliant,Partial
Square Infra Solutions 943,Ltd,2019,QJRE11IJ7J,6UO045GH3X7CW7T,6O0AZFJKCA,Perambalur,9155262826,squareinfrasolutions943@example.com,www.squareinfra943.com,Kancheepuram,Owner 943,MD 943,336,Hierarchical,"Director A943, Director B943",Construction & Infrastructure,Roads & Buildings,Tamil Nadu,6,23,359401687,30477348,Stable,16980825,40,60,"Excavators, Cranes, Concrete Mixers",Low,230,No,Yes,Not Certified,Medium,Partial,Compliant
Square Infra Solutions 944,Ltd,2009,RKDGRT9BUC,18RY2GQ5YGIQBU1,GH0ACADESN,Erode,9612616734,squareinfrasolutions944@example.com,www.squareinfra944.com,Tiruchirappalli,Owner 944,MD 944,457,Hierarchical,"Director A944, Director B944",Construction & Infrastructure,Roads & Buildings,Tamil Nadu,20,22,319011746,136657724,Moderate,17321313,66,95,"Excavators, Cranes, Concrete Mixers",High,120,Yes,No,Not Certified,Low,Compliant,Compliant
Square Infra Solutions 945,Ltd,2004,94SO40BHPU,6WNJW21OYGR01IZ,UZ36O1RI6R,Sivaganga,9645798205,squareinfrasolutions945@example.com,www.squareinfra945.com,Pudukkottai,Owner 945,MD 945,159,Hierarchical,"Director A945, Director B945",Construction & Infrastructure,Roads & Buildings,Tamil Nadu,10,11,357375080,146182499,At Risk,32774389,80,123,"Excavators, Cranes, Concrete Mixers",Medium,139,Yes,Yes,Not Certified,High,Partial,Partial
Square Infra Solutions 946,Pvt Ltd,2021,QRPCC2C98S,4948961MNBEDR0W,ZLEACGUBOR,Mayiladuthurai,9902165271,squareinfrasolutions946@example.com,www.squareinfra946.com,Viluppuram,Owner 946,MD 946,207,Hierarchical,"Director A946, Director B946",Construction & Infrastructure,Roads & Buildings,Tamil Nadu,8,12,390809736,167936062,At Risk,30636454,40,100,"Excavators, Cranes, Concrete Mixers",Medium,44,Yes,No,ISO 45001,Low,Partial,Non-Compliant
Square Infra Solutions 947,Proprietorship,2008,1IBKEFETVA,BVGVDPHKC5HIBZU,JYICLN0JWS,Dindigul,9688746459,squareinfrasolutions947@example.com,www.squareinfra947.com,Nilgiris,Owner 947,MD 947,237,Hierarchical,"Director A947, Director B947",Construction & Infrastructure,Roads & Buildings,Tamil Nadu,10,18,9090699,205922790,Stable,20598409,38,48,"Excavators, Cranes, Concrete Mixers",Medium,130,Yes,No,ISO 9001,High,Compliant,Non-Compliant
Square Infra Solutions 948,Pvt Ltd,1997,2VDSWPU8SE,GP1QD573Q5EME0D,O7G3HH5GX3,Tiruvannamalai,9728720252,squareinfrasolutions948@example.com,www.squareinfra948.com,Cuddalore,Owner 948,MD 948,41,Hierarchical,"Director A948, Director B948",Construction & Infrastructure,Roads & Buildings,Tamil Nadu,27,10,78917929,296447010,Stable,46244168,47,80,"Excavators, Cranes, Concrete Mixers",Medium,20,No,Yes,Multiple,Low,Compliant,Compliant
Square Infra Solutions 949,Ltd,2021,EWAOT9N2FJ,KW4S9MNEOIRJAP1,JTRCM5FRY2,Karur,9598858173,squareinfrasolutions949@example.com,www.squareinfra949.com,Vellore,Owner 949,MD 949,124,Hierarchical,"Director A949, Director B949",Construction & Infrastructure,Roads & Buildings,Tamil Nadu,15,24,270996704,33185983,Stable,7600141,22,133,"Excavators, Cranes, Concrete Mixers",High,126,Yes,Yes,ISO 45001,High,Non-Compliant,Compliant
Square Infra Solutions 950,Proprietorship,1996,YCDIC1LHED,FB9MQ2IUOHM881N,GOT9EO9H2R,Mayiladuthurai,9125825833,squareinfrasolutions950@example.com,www.squareinfra950.com,Ariyalur,Owner 950,MD 950,257,Hierarchical,"Director A950, Director B950",Construction & Infrastructure,Roads & Buildings,Tamil Nadu,18,12,435775151,6785287,Moderate,42854282,7,172,"Excavators, Cranes, Concrete Mixers",Low,122,Yes,Yes,ISO 14001,Low,Non-Compliant,Compliant
Square Infra Solutions 951,Proprietorship,2004,DN3E11LDYB,3PE0YZQ7A2AAA7G,7NA1564EG3,Thanjavur,9227954262,squareinfrasolutions951@example.com,www.squareinfra951.com,Dharmapuri,Owner 951,MD 951,112,Hierarchical,"Director A951, Director B951",Construction & Infrastructure,Roads & Buildings,Tamil Nadu,16,14,320508499,54915509,Moderate,15111646,71,59,"Excavators, Cranes, Concrete Mixers",Medium,13,No,No,Not Certified,High,Partial,Compliant
Square Infra Solutions 952,Partnership,2021,0R7ZK3RPP4,AEQYSR8B4W48DZ3,AA4MHO4I98,Mayiladuthurai,9771766580,squareinfrasolutions952@example.com,www.squareinfra952.com,Chennai,Owner 952,MD 952,498,Hierarchical,"Director A952, Director B952",Construction & Infrastructure,Roads & Buildings,Tamil Nadu,8,23,415702468,64920549,Stable,19480527,80,127,"Excavators, Cranes, Concrete Mixers",Medium,137,No,No,ISO 45001,Medium,Non-Compliant,Partial
Square Infra Solutions 953,Ltd,2016,Y0LB9E5AZA,1QJKWI4NMEV4I7L,4GV95YARP6,Dindigul,9181038470,squareinfrasolutions953@example.com,www.squareinfra953.com,Krishnagiri,Owner 953,MD 953,472,Hierarchical,"Director A953, Director B953",Construction & Infrastructure,Roads & Buildings,Tamil Nadu,12,7,140651422,24829280,Stable,16824058,19,136,"Excavators, Cranes, Concrete Mixers",High,189,Yes,No,ISO 9001,Medium,Compliant,Partial
Square Infra Solutions 954,Pvt Ltd,2013,9GHMROJOZS,OOA87OE5QINTMDE,6N6938DRDH,Tirunelveli,9409531115,squareinfrasolutions954@example.com,www.squareinfra954.com,Viluppuram,Owner 954,MD 954,231,Hierarchical,"Director A954, Director B954",Construction & Infrastructure,Roads & Buildings,Tamil Nadu,11,22,334288371,139935144,At Risk,18298363,82,53,"Excavators, Cranes, Concrete Mixers",High,107,Yes,Yes,Not Certified,High,Compliant,Partial
Square Infra Solutions 955,Proprietorship,2004,8UQKPXKIJD,LR4GXY28MIOXW1U,K173GH574I,Madurai,9284206788,squareinfrasolutions955@example.com,www.squareinfra955.com,Pudukkottai,Owner 955,MD 955,111,Hierarchical,"Director A955, Director B955",Construction & Infrastructure,Roads & Buildings,Tamil Nadu,26,20,82860079,131734499,Stable,45809595,88,27,"Excavators, Cranes, Concrete Mixers",Medium,247,No,Yes,ISO 45001,High,Non-Compliant,Non-Compliant
Square Infra Solutions 956,Pvt Ltd,1995,XC2V9UYVIV,4QFK1163D5O219T,DYIQB081LF,Viluppuram,9432734248,squareinfrasolutions956@example.com,www.squareinfra956.com,Namakkal,Owner 956,MD 956,198,Hierarchical,"Director A956, Director B956",Construction & Infrastructure,Roads & Buildings,Tamil Nadu,29,5,491043228,163484639,Moderate,36480254,20,13,"Excavators, Cranes, Concrete Mixers",Low,215,Yes,Yes,Not Certified,Low,Compliant,Partial
Square Infra Solutions 957,Proprietorship,2010,532BK4SWM3,DB22D7BLXJHOWUG,H696CCV36C,Nagapattinam,9056816448,squareinfrasolutions957@example.com,www.squareinfra957.com,Thanjavur,Owner 957,MD 957,471,Hierarchical,"Director A957, Director B957",Construction & Infrastructure,Roads & Buildings,Tamil Nadu,22,8,165166589,204846214,Moderate,4036407,20,112,"Excavators, Cranes, Concrete Mixers",Low,147,No,Yes,Multiple,Low,Partial,Compliant
Square Infra Solutions 958,Pvt Ltd,2021,OIG25MUOH9,XLJH00HGV3OSI8H,SZ7REF173X,Sivaganga,9208564024,squareinfrasolutions958@example.com,www.squareinfra958.com,Dindigul,Owner 958,MD 958,445,Hierarchical,"Director A958, Director B958",Construction & Infrastructure,Roads & Buildings,Tamil Nadu,9,23,374858385,271982236,Stable,18590241,24,51,"Excavators, Cranes, Concrete Mixers",Medium,90,Yes,No,ISO 45001,Low,Compliant,Non-Compliant
Square Infra Solutions 959,Proprietorship,2009,WV28S2UK47,9E49CY8KF5U00A7,YZ14BA97LO,Tiruvallur,9301232548,squareinfrasolutions959@example.com,www.squareinfra959.com,Nilgiris,Owner 959,MD 959,148,Hierarchical,"Director A959, Director B959",Construction & Infrastructure,Roads & Buildings,Tamil Nadu,21,9,362297799,78755160,Stable,12178461,23,134,"Excavators, Cranes, Concrete Mixers",Low,134,No,Yes,ISO 9001,High,Compliant,Non-Compliant
Square Infra Solutions 960,Partnership,1998,7SG28X3N75,YJG43FMHKVXGBTW,XDS59LQOO3,Ariyalur,9908488201,squareinfrasolutions960@example.com,www.squareinfra960.com,Kallakurichi,Owner 960,MD 960,288,Hierarchical,"Director A960, Director B960",Construction & Infrastructure,Roads & Buildings,Tamil Nadu,8,17,369093136,189471256,Stable,26690159,82,76,"Excavators, Cranes, Concrete Mixers",High,42,No,No,ISO 45001,High,Compliant,Compliant
Square Infra Solutions 961,Ltd,2013,PGPUINJKF8,23ZX6X726BSM808,T0UJM6HLYJ,Kanniyakumari,9153047149,squareinfrasolutions961@example.com,www.squareinfra961.com,Kancheepuram,Owner 961,MD 961,321,Hierarchical,"Director A961, Director B961",Construction & Infrastructure,Roads & Buildings,Tamil Nadu,18,9,29850790,48062139,Stable,26206482,91,199,"Excavators, Cranes, Concrete Mixers",Medium,144,No,Yes,ISO 45001,High,Partial,Partial
Square Infra Solutions 962,Partnership,2009,NX291HE42U,F09X32A9J5P2KXE,WCMZ33XUPY,Karur,9721588062,squareinfrasolutions962@example.com,www.squareinfra962.com,Dindigul,Owner 962,MD 962,61,Hierarchical,"Director A962, Director B962",Construction & Infrastructure,Roads & Buildings,Tamil Nadu,10,25,372226036,130557644,At Risk,49367014,84,173,"Excavators, Cranes, Concrete Mixers",Medium,71,No,No,ISO 14001,Low,Partial,Non-Compliant
Square Infra Solutions 963,Partnership,2010,RSSAPT0FJZ,U0I479RR2PGRQR6,SAA6H407SJ,Nagapattinam,9204095131,squareinfrasolutions963@example.com,www.squareinfra963.com,Kallakurichi,Owner 963,MD 963,487,Hierarchical,"Director A963, Director B963",Construction & Infrastructure,Roads & Buildings,Tamil Nadu,30,12,54115399,182811748,At Risk,28213899,11,180,"Excavators, Cranes, Concrete Mixers",Medium,202,Yes,No,Multiple,Medium,Compliant,Partial
Square Infra Solutions 964,Proprietorship,2011,RL29VCXGNW,M6PFIL9R3V6TBIN,46NFRVHA5U,Krishnagiri,9033473504,squareinfrasolutions964@example.com,www.squareinfra964.com,Dindigul,Owner 964,MD 964,52,Hierarchical,"Director A964, Director B964",Construction & Infrastructure,Roads & Buildings,Tamil Nadu,18,12,259470138,150464404,Stable,24391376,86,75,"Excavators, Cranes, Concrete Mixers",Low,253,No,No,Multiple,Medium,Compliant,Partial
Square Infra Solutions 965,Pvt Ltd,2010,9NYO6R8KML,15TTTX2VHNHA0Q3,7TYK3BCE1Y,Erode,9960969705,squareinfrasolutions965@example.com,www.squareinfra965.com,Thanjavur,Owner 965,MD 965,21,Hierarchical,"Director A965, Director B965",Construction & Infrastructure,Roads & Buildings,Tamil Nadu,19,16,467654342,257543756,Moderate,40845435,29,151,"Excavators, Cranes, Concrete Mixers",High,45,No,No,ISO 45001,Medium,Partial,Partial
Square Infra Solutions 966,Pvt Ltd,2018,QWRGZZKQ6B,MISVUEURBWD8B9F,FLDTMNG7CH,Viluppuram,9741993116,squareinfrasolutions966@example.com,www.squareinfra966.com,Kancheepuram,Owner 966,MD 966,64,Hierarchical,"Director A966, Director B966",Construction & Infrastructure,Roads & Buildings,Tamil Nadu,17,17,123731554,148159644,Stable,42823334,18,82,"Excavators, Cranes, Concrete Mixers",Medium,140,Yes,Yes,ISO 45001,High,Compliant,Non-Compliant
Square Infra Solutions 967,Partnership,2010,T0VFIL7OOH,XH5RK0SJBJ3CV96,5YZJ7IYFSU,Tiruchirappalli,9797121659,squareinfrasolutions967@example.com,www.squareinfra967.com,Dindigul,Owner 967,MD 967,495,Hierarchical,"Director A967, Director B967",Construction & Infrastructure,Roads & Buildings,Tamil Nadu,18,5,401918205,11532493,Moderate,3798800,96,88,"Excavators, Cranes, Concrete Mixers",Low,129,No,No,ISO 9001,Low,Partial,Compliant
Square Infra Solutions 968,Pvt Ltd,2004,EOLAMYZT1C,MJ0GFNAKQ55R8DK,BXQVOFUO7S,Tenkasi,9872011516,squareinfrasolutions968@example.com,www.squareinfra968.com,Nilgiris,Owner 968,MD 968,347,Hierarchical,"Director A968, Director B968",Construction & Infrastructure,Roads & Buildings,Tamil Nadu,8,15,172490603,281615000,At Risk,1638140,71,51,"Excavators, Cranes, Concrete Mixers",Medium,251,Yes,No,Multiple,High,Compliant,Non-Compliant
Square Infra Solutions 969,Proprietorship,2004,MZFO6YL7KQ,GGA81H58HFWLCO1,VE3XHOYNPL,Tiruvallur,9626310070,squareinfrasolutions969@example.com,www.squareinfra969.com,Nagapattinam,Owner 969,MD 969,425,Hierarchical,"Director A969, Director B969",Construction & Infrastructure,Roads & Buildings,Tamil Nadu,30,6,298208539,145931838,At Risk,27616934,57,23,"Excavators, Cranes, Concrete Mixers",Low,274,Yes,No,ISO 45001,Low,Compliant,Compliant
Square Infra Solutions 970,Partnership,2007,BJ69L04R58,SIFJFG5MR253IQS,8MX1IZI8ZB,Madurai,9299387992,squareinfrasolutions970@example.com,www.squareinfra970.com,Thoothukudi,Owner 970,MD 970,369,Hierarchical,"Director A970, Director B970",Construction & Infrastructure,Roads & Buildings,Tamil Nadu,30,7,114702749,118208872,Stable,25913280,53,87,"Excavators, Cranes, Concrete Mixers",High,95,No,No,ISO 45001,Medium,Compliant,Non-Compliant
Square Infra Solutions 971,Proprietorship,2007,V6W765SLXY,2946VG6ZPZ8GX2G,WEVDYR29AR,Tiruvarur,9217695418,squareinfrasolutions971@example.com,www.squareinfra971.com,Kallakurichi,Owner 971,MD 971,298,Hierarchical,"Director A971, Director B971",Construction & Infrastructure,Roads & Buildings,Tamil Nadu,7,21,38300216,283700549,Stable,13582341,32,112,"Excavators, Cranes, Concrete Mixers",Medium,47,Yes,No,Multiple,Low,Non-Compliant,Partial
Square Infra Solutions 972,Ltd,2018,NWBEDCOKMF,BVMKXC7DS92FU54,P95MYCBN9O,Dindigul,9522856824,squareinfrasolutions972@example.com,www.squareinfra972.com,Tenkasi,Owner 972,MD 972,391,Hierarchical,"Director A972, Director B972",Construction & Infrastructure,Roads & Buildings,Tamil Nadu,1,13,358239931,243752200,Moderate,47665811,81,162,"Excavators, Cranes, Concrete Mixers",Low,272,Yes,No,Multiple,Medium,Non-Compliant,Non-Compliant
Square Infra Solutions 973,Ltd,2009,CMHIUSQMX3,0H2JVLO17Z8EF8O,K6JRWPYG7A,Salem,9638984675,squareinfrasolutions973@example.com,www.squareinfra973.com,Dharmapuri,Owner 973,MD 973,244,Hierarchical,"Director A973, Director B973",Construction & Infrastructure,Roads & Buildings,Tamil Nadu,30,20,151947591,258165995,At Risk,26971255,72,97,"Excavators, Cranes, Concrete Mixers",High,246,No,Yes,ISO 45001,Medium,Non-Compliant,Compliant
Square Infra Solutions 974,Ltd,2001,FVN1534EJH,EEVIKIM2CA3MFTF,WRP2PLHG3R,Thanjavur,9660460661,squareinfrasolutions974@example.com,www.squareinfra974.com,Nilgiris,Owner 974,MD 974,249,Hierarchical,"Director A974, Director B974",Construction & Infrastructure,Roads & Buildings,Tamil Nadu,15,2,339210469,256050521,At Risk,6291154,66,64,"Excavators, Cranes, Concrete Mixers",High,130,No,Yes,Not Certified,High,Compliant,Compliant
Square Infra Solutions 975,Pvt Ltd,2010,7AK9QVC01P,V6IDCSKIKSJYXO6,VLXJ5TPSN9,Sivaganga,9661946707,squareinfrasolutions975@example.com,www.squareinfra975.com,Viluppuram,Owner 975,MD 975,115,Hierarchical,"Director A975, Director B975",Construction & Infrastructure,Roads & Buildings,Tamil Nadu,14,10,364684128,106266762,Moderate,1779126,72,74,"Excavators, Cranes, Concrete Mixers",Low,265,Yes,Yes,ISO 45001,Low,Non-Compliant,Compliant
Square Infra Solutions 976,Ltd,2016,K4PHF5NHP4,XKR1Q2FGG4FDJRH,IPTTZZBD8M,Viluppuram,9751424737,squareinfrasolutions976@example.com,www.squareinfra976.com,Sivaganga,Owner 976,MD 976,335,Hierarchical,"Director A976, Director B976",Construction & Infrastructure,Roads & Buildings,Tamil Nadu,8,17,346271403,57282930,At Risk,18834840,22,14,"Excavators, Cranes, Concrete Mixers",High,290,Yes,No,ISO 45001,Low,Non-Compliant,Non-Compliant
Square Infra Solutions 977,Pvt Ltd,2001,KGSKL5XBQC,5085P4TVPHOZMJY,K1FXM34BRD,Kallakurichi,9079820836,squareinfrasolutions977@example.com,www.squareinfra977.com,Pudukkottai,Owner 977,MD 977,172,Hierarchical,"Director A977, Director B977",Construction & Infrastructure,Roads & Buildings,Tamil Nadu,21,20,418568850,182327804,Moderate,30932983,34,66,"Excavators, Cranes, Concrete Mixers",High,137,Yes,Yes,ISO 9001,Low,Compliant,Compliant
Square Infra Solutions 978,Ltd,2022,4YFEZGKEDO,209BGGJM8EQ94UU,BLAQS94OR0,Tiruvallur,9291491997,squareinfrasolutions978@example.com,www.squareinfra978.com,Mayiladuthurai,Owner 978,MD 978,134,Hierarchical,"Director A978, Director B978",Construction & Infrastructure,Roads & Buildings,Tamil Nadu,28,24,407328498,111777837,At Risk,23647623,35,134,"Excavators, Cranes, Concrete Mixers",Medium,146,Yes,No,ISO 9001,High,Partial,Compliant
Square Infra Solutions 979,Pvt Ltd,2003,JO7CQ2BL5L,6GMAWV5SPZF0QNC,TYTLBJM7NA,Chennai,9849194705,squareinfrasolutions979@example.com,www.squareinfra979.com,Erode,Owner 979,MD 979,89,Hierarchical,"Director A979, Director B979",Construction & Infrastructure,Roads & Buildings,Tamil Nadu,13,19,447353068,63730235,At Risk,7721924,40,17,"Excavators, Cranes, Concrete Mixers",Medium,283,Yes,Yes,ISO 9001,Medium,Non-Compliant,Partial
Square Infra Solutions 980,Pvt Ltd,2016,5FB6ZDAAGU,5XHA81IEYZIBJPL,96990SGVI0,Tiruppur,9438732705,squareinfrasolutions980@example.com,www.squareinfra980.com,Ranipet,Owner 980,MD 980,257,Hierarchical,"Director A980, Director B980",Construction & Infrastructure,Roads & Buildings,Tamil Nadu,25,2,211219374,255391809,Moderate,25605955,77,113,"Excavators, Cranes, Concrete Mixers",Low,130,Yes,Yes,ISO 45001,Low,Compliant,Compliant
Square Infra Solutions 981,Ltd,2016,YOFVN5QR8T,J38ED6SYW8FCM4W,I37N3J4IQQ,Tirupathur,9924721545,squareinfrasolutions981@example.com,www.squareinfra981.com,Namakkal,Owner 981,MD 981,409,Hierarchical,"Director A981, Director B981",Construction & Infrastructure,Roads & Buildings,Tamil Nadu,9,4,405559210,214456583,At Risk,9338738,87,32,"Excavators, Cranes, Concrete Mixers",Low,196,Yes,Yes,ISO 14001,High,Partial,Compliant
Square Infra Solutions 982,Ltd,2002,HVKT09LCRD,PBDCY61PCU51YPI,Z9YDWXH0NX,Madurai,9594818272,squareinfrasolutions982@example.com,www.squareinfra982.com,Namakkal,Owner 982,MD 982,289,Hierarchical,"Director A982, Director B982",Construction & Infrastructure,Roads & Buildings,Tamil Nadu,16,3,389446510,243236330,At Risk,19198078,94,22,"Excavators, Cranes, Concrete Mixers",Medium,96,No,Yes,ISO 9001,Low,Partial,Compliant
Square Infra Solutions 983,Pvt Ltd,2021,MSMOWBM2VQ,J2NXHJXYIYOSK2Z,AVA3AGNUZW,Viluppuram,9093439953,squareinfrasolutions983@example.com,www.squareinfra983.com,Ariyalur,Owner 983,MD 983,400,Hierarchical,"Director A983, Director B983",Construction & Infrastructure,Roads & Buildings,Tamil Nadu,5,7,85581332,31667740,Stable,2982205,7,150,"Excavators, Cranes, Concrete Mixers",Low,224,Yes,Yes,ISO 45001,Medium,Non-Compliant,Partial
Square Infra Solutions 984,Proprietorship,1996,T6ID34J4UI,MRB1QTBY0JJ6W2O,6BFUCGD1AM,Pudukkottai,9068193811,squareinfrasolutions984@example.com,www.squareinfra984.com,Thanjavur,Owner 984,MD 984,88,Hierarchical,"Director A984, Director B984",Construction & Infrastructure,Roads & Buildings,Tamil Nadu,6,4,330427488,60152210,At Risk,30530007,54,27,"Excavators, Cranes, Concrete Mixers",High,111,No,No,Not Certified,High,Compliant,Partial
Square Infra Solutions 985,Proprietorship,2020,J03YQHY0TD,L8VDW5DB90U9PCW,IBS6FPQUVJ,Ranipet,9876616731,squareinfrasolutions985@example.com,www.squareinfra985.com,Sivaganga,Owner 985,MD 985,367,Hierarchical,"Director A985, Director B985",Construction & Infrastructure,Roads & Buildings,Tamil Nadu,22,16,445341178,255340070,At Risk,38616556,36,181,"Excavators, Cranes, Concrete Mixers",Low,81,Yes,Yes,ISO 9001,High,Compliant,Compliant
Square Infra Solutions 986,Pvt Ltd,2001,5ZEK9OTZ2S,W1K07H8X6XNUW6K,GG09G67OTF,Kallakurichi,9984500192,squareinfrasolutions986@example.com,www.squareinfra986.com,Ariyalur,Owner 986,MD 986,478,Hierarchical,"Director A986, Director B986",Construction & Infrastructure,Roads & Buildings,Tamil Nadu,23,4,286590872,77366725,Stable,28212387,18,135,"Excavators, Cranes, Concrete Mixers",Low,118,Yes,No,Multiple,Low,Compliant,Non-Compliant
Square Infra Solutions 987,Proprietorship,2004,MEHISMKE0U,15YAZJ86MH4UX9S,WKMME37ILO,Nilgiris,9356364963,squareinfrasolutions987@example.com,www.squareinfra987.com,Sivaganga,Owner 987,MD 987,409,Hierarchical,"Director A987, Director B987",Construction & Infrastructure,Roads & Buildings,Tamil Nadu,15,8,351401550,89167750,At Risk,7969805,41,106,"Excavators, Cranes, Concrete Mixers",High,140,Yes,Yes,Multiple,Medium,Non-Compliant,Non-Compliant
Square Infra Solutions 988,Pvt Ltd,2007,SRB5OYR7QA,HG3FC002WMRQHUP,9DWFYHSLSB,Kallakurichi,9074329117,squareinfrasolutions988@example.com,www.squareinfra988.com,Ramanathapuram,Owner 988,MD 988,242,Hierarchical,"Director A988, Director B988",Construction & Infrastructure,Roads & Buildings,Tamil Nadu,7,20,475428784,286166030,Stable,17489636,20,47,"Excavators, Cranes, Concrete Mixers",Low,21,Yes,No,ISO 45001,Low,Compliant,Partial
Square Infra Solutions 989,Proprietorship,2006,P0M1UVIAT8,INWINRVJAJEUGF2,XPKG9A1HLT,Tiruppur,9736812301,squareinfrasolutions989@example.com,www.squareinfra989.com,Ramanathapuram,Owner 989,MD 989,156,Hierarchical,"Director A989, Director B989",Construction & Infrastructure,Roads & Buildings,Tamil Nadu,9,21,497047272,261111542,Moderate,9611038,43,49,"Excavators, Cranes, Concrete Mixers",Low,255,No,No,ISO 14001,Medium,Compliant,Non-Compliant
Square Infra Solutions 990,Pvt Ltd,2014,7LEKAY9OCY,NY9VCLUM18H0KAZ,TWS0P3DP0N,Mayiladuthurai,9091498352,squareinfrasolutions990@example.com,www.squareinfra990.com,Kanniyakumari,Owner 990,MD 990,373,Hierarchical,"Director A990, Director B990",Construction & Infrastructure,Roads & Buildings,Tamil Nadu,20,24,184724272,144635564,At Risk,11897683,67,14,"Excavators, Cranes, Concrete Mixers",High,32,Yes,Yes,Multiple,Low,Partial,Partial
Square Infra Solutions 991,Partnership,2020,GVAWR9H7ZH,9TFSFZEG0Q9Y833,2Z3PKYH58B,Ariyalur,9058976311,squareinfrasolutions991@example.com,www.squareinfra991.com,Kallakurichi,Owner 991,MD 991,463,Hierarchical,"Director A991, Director B991",Construction & Infrastructure,Roads & Buildings,Tamil Nadu,12,23,235160603,292352820,Moderate,9819008,8,12,"Excavators, Cranes, Concrete Mixers",High,170,Yes,No,ISO 9001,Low,Non-Compliant,Compliant
Square Infra Solutions 992,Partnership,1995,0PBCESKPDR,I1C1TPSEFCCXDUL,7W73KDR023,Ariyalur,9669686964,squareinfrasolutions992@example.com,www.squareinfra992.com,Chennai,Owner 992,MD 992,373,Hierarchical,"Director A992, Director B992",Construction & Infrastructure,Roads & Buildings,Tamil Nadu,11,19,130304520,27117905,Moderate,14234679,97,110,"Excavators, Cranes, Concrete Mixers",Medium,170,No,Yes,ISO 9001,Medium,Non-Compliant,Partial
Square Infra Solutions 993,Pvt Ltd,2005,GFEZMIDM27,CUNU1Z5OZRPLNNT,52ASQ8IW5X,Thoothukudi,9319481796,squareinfrasolutions993@example.com,www.squareinfra993.com,Madurai,Owner 993,MD 993,49,Hierarchical,"Director A993, Director B993",Construction & Infrastructure,Roads & Buildings,Tamil Nadu,24,20,21996838,112135432,Stable,28223707,73,190,"Excavators, Cranes, Concrete Mixers",Medium,175,No,Yes,Not Certified,Low,Partial,Compliant
Square Infra Solutions 994,Ltd,2007,MQ8E7A1MY6,O75PW5BZN6EPJAZ,P8DNSSTQNH,Ariyalur,9111397452,squareinfrasolutions994@example.com,www.squareinfra994.com,Pudukkottai,Owner 994,MD 994,159,Hierarchical,"Director A994, Director B994",Construction & Infrastructure,Roads & Buildings,Tamil Nadu,28,22,296618049,93973872,At Risk,12859975,8,153,"Excavators, Cranes, Concrete Mixers",Low,254,Yes,No,ISO 9001,Low,Non-Compliant,Non-Compliant
Square Infra Solutions 995,Ltd,2010,L049EL3GK4,V0X20NZ9JC4V7OP,0H01EPS1J3,Tiruchirappalli,9174171708,squareinfrasolutions995@example.com,www.squareinfra995.com,Madurai,Owner 995,MD 995,240,Hierarchical,"Director A995, Director B995",Construction & Infrastructure,Roads & Buildings,Tamil Nadu,21,12,415013435,185724779,Stable,40994834,11,59,"Excavators, Cranes, Concrete Mixers",Medium,264,No,Yes,ISO 9001,Low,Partial,Compliant
Square Infra Solutions 996,Pvt Ltd,2000,HJ30CT3BLO,EUVBDNNW0WUI0ZD,FLIEWT5KM2,Namakkal,9828336592,squareinfrasolutions996@example.com,www.squareinfra996.com,Viluppuram,Owner 996,MD 996,243,Hierarchical,"Director A996, Director B996",Construction & Infrastructure,Roads & Buildings,Tamil Nadu,24,15,423692386,39461378,At Risk,44899392,14,140,"Excavators, Cranes, Concrete Mixers",Low,161,Yes,Yes,Multiple,Medium,Partial,Non-Compliant
Square Infra Solutions 997,Ltd,2013,2OKPX2614C,OM8NVUAVFPUC4RS,MQLURB9P61,Tenkasi,9538527849,squareinfrasolutions997@example.com,www.squareinfra997.com,Madurai,Owner 997,MD 997,301,Hierarchical,"Director A997, Director B997",Construction & Infrastructure,Roads & Buildings,Tamil Nadu,14,24,252661550,69883193,At Risk,11509005,84,163,"Excavators, Cranes, Concrete Mixers",Medium,127,Yes,No,Multiple,High,Partial,Compliant
Square Infra Solutions 998,Pvt Ltd,2000,WAJBWVTSJD,40QXUCKWKF4F5IV,RPINEDQXJD,Ramanathapuram,9940172390,squareinfrasolutions998@example.com,www.squareinfra998.com,Tiruvarur,Owner 998,MD 998,77,Hierarchical,"Director A998, Director B998",Construction & Infrastructure,Roads & Buildings,Tamil Nadu,13,23,211644132,32747072,Stable,13618649,45,51,"Excavators, Cranes, Concrete Mixers",Low,108,No,No,ISO 45001,High,Non-Compliant,Compliant
Square Infra Solutions 999,Ltd,2021,XN2ST7L2X9,WAZR3NVW212ME5A,KLQLU0QZZ7,Coimbatore,9995645389,squareinfrasolutions999@example.com,www.squareinfra999.com,Coimbatore,Owner 999,MD 999,109,Hierarchical,"Director A999, Director B999",Construction & Infrastructure,Roads & Buildings,Tamil Nadu,23,5,398998209,64438348,At Risk,8525650,16,38,"Excavators, Cranes, Concrete Mixers",Low,59,Yes,Yes,Not Certified,Low,Partial,Partial
Square Infra Solutions 1000,Partnership,1998,P0FSAHSY63,043J88A4X1D236F,VYZ9CG7XO2,Sivaganga,9503484485,squareinfrasolutions1000@example.com,www.squareinfra1000.com,Chengalpattu,Owner 1000,MD 1000,439,Hierarchical,"Director A1000, Director B1000",Construction & Infrastructure,Roads & Buildings,Tamil Nadu,7,23,100735295,78063585,Moderate,1642981,90,119,"Excavators, Cranes, Concrete Mixers",Medium,5,Yes,Yes,ISO 14001,High,Partial,Compliant
